id,image_name,official_split,analysis_split,label,label_name,mask_source,original_shape2D_Elongation,original_shape2D_MajorAxisLength,original_shape2D_MaximumDiameter,original_shape2D_MeshSurface,original_shape2D_MinorAxisLength,original_shape2D_Perimeter,original_shape2D_PerimeterSurfaceRatio,original_shape2D_PixelSurface,original_shape2D_Sphericity,original_firstorder_10Percentile,original_firstorder_90Percentile,original_firstorder_Energy,original_firstorder_Entropy,original_firstorder_InterquartileRange,original_firstorder_Kurtosis,original_firstorder_Maximum,original_firstorder_MeanAbsoluteDeviation,original_firstorder_Mean,original_firstorder_Median,original_firstorder_Minimum,original_firstorder_Range,original_firstorder_RobustMeanAbsoluteDeviation,original_firstorder_RootMeanSquared,original_firstorder_Skewness,original_firstorder_TotalEnergy,original_firstorder_Uniformity,original_firstorder_Variance,original_glcm_Autocorrelation,original_glcm_ClusterProminence,original_glcm_ClusterShade,original_glcm_ClusterTendency,original_glcm_Contrast,original_glcm_Correlation,original_glcm_DifferenceAverage,original_glcm_DifferenceEntropy,original_glcm_DifferenceVariance,original_glcm_Id,original_glcm_Idm,original_glcm_Idmn,original_glcm_Idn,original_glcm_Imc1,original_glcm_Imc2,original_glcm_InverseVariance,original_glcm_JointAverage,original_glcm_JointEnergy,original_glcm_JointEntropy,original_glcm_MCC,original_glcm_MaximumProbability,original_glcm_SumAverage,original_glcm_SumEntropy,original_glcm_SumSquares,original_glszm_GrayLevelNonUniformity,original_glszm_GrayLevelNonUniformityNormalized,original_glszm_GrayLevelVariance,original_glszm_HighGrayLevelZoneEmphasis,original_glszm_LargeAreaEmphasis,original_glszm_LargeAreaHighGrayLevelEmphasis,original_glszm_LargeAreaLowGrayLevelEmphasis,original_glszm_LowGrayLevelZoneEmphasis,original_glszm_SizeZoneNonUniformity,original_glszm_SizeZoneNonUniformityNormalized,original_glszm_SmallAreaEmphasis,original_glszm_SmallAreaHighGrayLevelEmphasis,original_glszm_SmallAreaLowGrayLevelEmphasis,original_glszm_ZoneEntropy,original_glszm_ZonePercentage,original_glszm_ZoneVariance,sample_id
0001,0001.jpg,trainval,calibration,0,benign,ground_truth,0.66587801801045,274.5185380403608,289.8706608127149,38248.5,182.79586001744173,789.9554108468295,0.0206532389726872,38249.0,0.8776261555055095,84.0,151.0,562436710.0,2.1725764318663607,34.0,3.901045657597977,251.0,20.820455853425493,118.29893591989332,118.0,40.0,211.0,14.558352209983962,121.26257521066748,0.3824131912967483,562436710.0,0.263939886462386,709.9739069437616,19.138045191802416,71.5352355901071,2.35255037403112,4.578054190371759,0.3200998423541776,0.8692977639267766,0.2261954808197582,0.8067829640557753,0.268935446810896,0.8961900382854139,0.8947919021162815,0.9970151471125088,0.9800359394168316,-0.5639472545414081,0.9558948607117616,0.1937086248231995,4.251300578034682,0.1771381650070456,3.119799541811022,0.9022882003975944,0.3061744613767735,8.502601156069362,2.847457978050892,1.2245385081814844,1909.5110801570213,0.2418020868883147,1.5212325706257732,20.58617196403697,42.2105862985944,773.6915284285171,3.041144851830348,0.0702204346450918,907.0501456249208,0.1148600918861492,0.2546810726064364,5.747279829061033,0.0180850987372804,5.810972722377234,0.2064629140631127,18.75124063523385,trainval/0001
0013,0013.jpg,trainval,calibration,0,benign,ground_truth,0.939616694718359,102.22716866212028,110.02272492535349,7627.5,96.05435432871768,336.29141392239944,0.0440893364696688,7628.0,0.9206196936541664,0.0,66.0,10612118.0,1.6108244360850483,41.0,3.803614821901633,146.0,23.613830204674688,23.82066072364972,11.0,0.0,146.0,17.258996650040388,37.29887157355734,1.2226014921113737,10612118.0,0.4283786392362859,823.7819433494958,3.747176830078384,77.39803105123961,12.535278999544037,4.003716482052504,0.1137239271954298,0.9447598916355888,0.1134582170851601,0.5113505716473712,0.1008511601712864,0.9433151764757984,0.943297462468447,0.9969274575492192,0.9837964280969462,-0.6697624931039933,0.939373635083512,0.1132257207386741,1.6657366812807226,0.3860891896740046,2.1258182820949143,0.9451438862117753,0.5918692706257473,3.3314733625614457,2.0110746769664565,1.0293601023119836,251.77148846960168,0.2639114134901485,1.21161368440946,7.20230607966457,302.062893081761,436.2138364779874,284.6971636967156,0.3305482762636851,115.937106918239,0.1215273657423888,0.2640938326710989,2.1261209607148377,0.0647588027680119,5.628997876340037,0.1250655479811221,238.12996145546285,trainval/0013
0014,0014.jpg,trainval,calibration,0,benign,ground_truth,0.7297962109542369,222.81177254093305,233.05364189387817,27935.5,162.6071873563702,668.2985565973369,0.0239229137333263,27936.0,0.8865691873436458,98.0,154.0,462022174.0,1.9584478791796824,28.0,3.562892818587196,227.0,17.42160915343728,126.64747995418098,127.0,20.0,207.0,11.949199198870502,128.60246665646036,-0.1535907269515597,462022174.0,0.3055757626210589,499.01025138132775,32.04006340971322,34.14596665575487,-0.3953079075216484,3.266293360246055,0.233751260988615,0.8664295537431419,0.2171782677619253,0.7767768177515461,0.1865848610005445,0.8936290051400297,0.8930579927604418,0.9977021360092212,0.9803743357569557,-0.5232981116403383,0.9326086286720592,0.2077433708027092,5.593024931546332,0.2043431181044641,2.876048266938755,0.8748429942919579,0.3263438535812076,11.186049863092666,2.6363172197884555,0.8750111553086672,1619.8863862206028,0.2682819453826768,1.203180782503568,32.6025173898642,39.594898973169926,1239.64392182842,1.3996991088907316,0.037619668659546,751.4031136137794,0.1244456961930737,0.2646324634112812,8.539580632791388,0.0118911012346752,5.554486550350039,0.2161368843069874,18.18856845806305,trainval/0014
0019,0019.jpg,trainval,calibration,0,benign,ground_truth,0.7112567083781081,84.20774422825467,85.61541917201598,3942.5,59.893322979734045,243.2375900532365,0.0616962815607448,3943.0,0.915082165288639,1.0,89.0,11218543.0,2.121313478834156,52.0,6.117991580829716,249.0,28.942793030458315,38.43748414912504,34.0,0.0,249.0,21.76499623086693,53.340224584375726,1.3590907408951154,11218543.0,0.2828771186465206,1367.7393709974028,6.387844450167396,363.8914160045592,31.635297639034462,7.352809041226411,0.2451712593355653,0.9354640971318569,0.1653360803502447,0.674900030109841,0.2178352398699827,0.9265172976221134,0.9245953180297456,0.997690778066676,0.9855065957306494,-0.6637331651658658,0.969100836648179,0.1293660400034338,2.1473087818696888,0.2367471898379121,2.8180082493590577,0.9461762878720542,0.411022405356683,4.2946175637393775,2.5985234607592376,1.8994950751404944,126.29489291598024,0.2080640739966725,2.762851846524214,12.00164744645799,145.2339373970346,420.001647446458,116.03714102145832,0.2559813337135452,84.92421746293246,0.1399081012568903,0.3552244255232535,5.722064653128787,0.0657349456694942,5.866769438734854,0.1539436976921126,103.03746244392032,trainval/0019
0020,0020.jpg,trainval,calibration,0,benign,ground_truth,0.7668076079759668,293.77821620017613,325.8588651548397,50170.5,225.2713712399035,903.3279938488598,0.0180051622736241,50171.0,0.8789894803964421,49.0,164.0,750359675.0,2.7489462562411453,60.0,2.564118844329001,255.0,34.719691190461205,114.63437045305056,121.0,0.0,255.0,25.322269941631983,122.29490516820827,-0.4659621262908105,750359675.0,0.1701599846457785,1815.0049409338208,28.95891233831244,346.1513305120329,-17.678023964504433,11.65924800348397,0.1994713868086981,0.9663586968805448,0.1762844900084097,0.6928402189155212,0.1683951653911729,0.914761122902567,0.914078049995008,0.9983845008133558,0.9854466208274126,-0.6944850322661558,0.988906529502043,0.1643837796288138,5.108225541628288,0.122542277190193,3.584663804312912,0.9715613482818628,0.2081414440751271,10.216451083256574,3.372609284283182,2.9646798475731666,1335.077555272601,0.1545407518546823,3.3665770357054825,28.209399236022687,71.61581201527954,2133.989929389976,4.988354101900902,0.0930111080294836,870.7888644519041,0.1007974145678787,0.2398633412952045,6.623378584035971,0.0279407659322443,6.638352108880512,0.1721911064160571,37.88874568164643,trainval/0020
0021,0021.jpg,trainval,calibration,0,benign,ground_truth,0.6948663858056704,42.895904393995245,42.42640687119285,999.5,29.80692205212105,121.4974746830585,0.1215582538099634,1000.0,0.922420784137567,5.0,81.0,2872930.0,2.127205219736403,44.0,6.11847750980712,216.0,25.329804000000003,42.158,38.0,0.0,216.0,17.850652494903784,53.59972014852316,1.3561221007206563,2872930.0,0.2675539999999999,1095.633036,6.358393408856848,237.93965982971372,22.143323961853604,6.175902405601792,0.5911431513903191,0.8252876690686631,0.4160659114315139,1.1824454253420231,0.4180323087349828,0.8150188808788191,0.8088931968255891,0.9930754043906578,0.9598643889581068,-0.3903575134672569,0.8993382464260901,0.3166552237098066,2.227600411946447,0.1520956343646489,3.4111389722243106,0.8392846179009338,0.2966014418125643,4.455200823892894,2.887260909484431,1.691761389248028,88.00269541778975,0.2372040307757136,1.8576441612600896,9.431266846361186,17.57412398921833,63.71967654986523,12.20373702333584,0.281981117219774,108.78975741239891,0.2932338474727733,0.547568550433939,6.046567822143971,0.1093942636065842,4.494883717518405,0.371,10.308846927877596,trainval/0021
0035,0035.jpg,trainval,calibration,0,benign,ground_truth,0.8529449396748409,312.4807072428773,319.37595401031683,63977.5,266.5288379888276,976.9259735953068,0.0152698366393701,63978.0,0.9178187136209718,3.0,102.0,272707534.0,2.4072126033012378,52.0,3.0447960457868124,242.0,29.38443025818916,54.25133639688643,53.0,0.0,242.0,21.80219881366954,65.28798097780462,0.4665532665493416,272707534.0,0.2079519800114633,1319.3129593100448,9.361806362465847,187.19285703740988,13.511513531657634,7.679451643121617,0.2522532424708728,0.9363936893494166,0.2491756429984612,0.8209248708821253,0.1901647414071761,0.8759211862366403,0.8757199384480107,0.9975042499803212,0.9773709290636088,-0.5876627475399362,0.9700370005624388,0.246519817716784,2.7395267405709256,0.1311423558236201,3.4003744409987813,0.937713770208954,0.210470119021449,5.479053481141853,3.139241905941109,1.9829262213981225,3319.9480826693225,0.2066700748673632,1.916295564597933,12.273842131474105,37.35657370517928,204.660171812749,22.51026633007997,0.2033527502153611,2594.7600846613545,0.1615263996925644,0.3282375270835756,4.7130608048394125,0.0529043632975776,5.517437686944408,0.2510863109193785,21.494720430404872,trainval/0035
0037,0037.jpg,trainval,calibration,0,benign,ground_truth,0.7222634504510527,289.47647987085395,312.3475628206502,45592.5,209.07828117594767,859.8477631085037,0.0188594124715359,45593.0,0.8802987184680829,56.0,195.0,849120404.0,3.037040603889033,73.0,2.36340276396017,255.0,41.47878540904155,126.7428771960608,128.0,4.0,251.0,30.63396426060833,136.4694853305355,0.0388225906435097,849120404.0,0.1336484041207,2560.163506445494,35.300991626267084,625.1257957791977,1.95047771293558,16.367356354284404,0.1531291317761128,0.9814619089850214,0.1529528426619656,0.6180385973860059,0.1297345596977368,0.9235529601880418,0.923541207580432,0.9987449125418144,0.9872550598365936,-0.7496116215479753,0.9946821017063704,0.1527985896870868,5.589940502423975,0.0985321054117999,3.791634231780799,0.9827760196546907,0.1676289114147201,11.17988100484795,3.637585599486388,4.130121371515129,910.5457342657344,0.1273490537434593,4.554639620519342,37.205874125874125,85.01216783216783,2710.12013986014,5.185898176363406,0.0673313121271356,668.0483916083916,0.0934333414836911,0.2261039762360164,8.08102314307593,0.0201991534999679,7.012239498992768,0.156822319215669,44.35058733434397,trainval/0037
0040,0040.jpg,trainval,calibration,0,benign,ground_truth,0.6808838182788992,109.1435950156002,106.56922632730333,6325.5,74.31410771490769,307.7228714274753,0.0486479916887954,6326.0,0.9162048486301104,102.0,185.0,122257579.0,2.198793474800864,38.0,5.0471956285237525,254.0,26.492522516462227,134.46806828959848,123.0,82.0,172.0,16.76140801206523,139.01872526872006,1.5286579350472318,122257579.0,0.292902572814481,1244.5445858037465,10.36195043964828,306.52905343342945,32.834963785119804,7.995308731432122,0.13189448441247,0.96754246672328,0.13189448441247,0.5626110186053905,0.1144983293940387,0.9340527577937652,0.9340527577937652,0.997970854085962,0.9853450572875034,-0.7043065404251111,0.9772039684338404,0.13189448441247,2.897601918465228,0.2398234761511334,2.851018942154149,0.9784714699965328,0.4276578737010392,5.795203836930456,2.7191244577416818,2.0318008039611475,178.25446428571428,0.1989447146045918,2.65178073182398,12.997767857142858,119.30580357142856,985.2924107142856,25.830835960593312,0.2211370721093496,83.14732142857143,0.0927983498086734,0.2284052900461737,3.441162298986261,0.0534676325572603,6.357004283353195,0.1416376857413847,69.45842135682398,trainval/0040
0053,0053.jpg,trainval,calibration,0,benign,ground_truth,0.7104464664252912,268.7635830840872,267.8992347880076,40186.5,190.94213790588992,776.5239533417538,0.0193230053212335,40187.0,0.9151455385733156,25.0,136.0,321773018.0,2.793828842384784,64.0,3.557413748246056,255.0,36.113392921659305,77.32037723641974,71.0,4.0,251.0,26.10474384052452,89.48124509737765,0.8258841454921707,321773018.0,0.1655148604986149,2028.452488194717,16.258796168946457,593.2444403401965,36.9211112203591,12.94091744843976,0.2395908874940608,0.9636446665959204,0.2374903098352047,0.7987892721175676,0.1831892402284393,0.8816049413588737,0.8814649028482833,0.998036966723226,0.9802226060884692,-0.644479984329014,0.9861949557372506,0.2356523043837055,3.6171072044812327,0.1061996771035563,3.782218637261175,0.96491067759016,0.191702718247518,7.234214408962464,3.5362172986773603,3.295127083983455,1467.7823474567492,0.1520545268265564,3.646666221437169,20.882109188853207,37.67170827721952,414.3001139542111,11.085383971656588,0.1432609315250428,1439.284263959391,0.149102275350605,0.3215723914065003,7.97346225149,0.0393399073170207,6.093777532667852,0.2402020553910468,20.33979284207692,trainval/0053
0064,0064.jpg,trainval,calibration,0,benign,ground_truth,0.5792039108973275,243.78627324064144,240.0104164406204,26572.5,141.20196288406402,655.4873734152936,0.0246678849718804,26573.0,0.881570014012755,27.0,114.0,158508670.0,2.4202873837481564,52.0,2.2555530027835577,186.0,27.328852338693466,70.06224363075302,68.0,0.0,186.0,21.128805529925,77.2335890874735,0.1997883753403662,158508670.0,0.2038485562504956,1056.3093007577145,12.67297215496368,112.62038865952962,3.3016621913244766,6.996293344754818,0.1564391646489104,0.9562575101352554,0.1564391646489104,0.6257224394097698,0.1319659524128615,0.9217804176755447,0.9217804176755447,0.997593243620786,0.9826178705945656,-0.6885593577234508,0.9819245862101288,0.1564391646489104,3.3110434322033897,0.1497054534943062,3.1703598876472503,0.959077294009687,0.2196201573849878,6.622086864406779,3.0139207229983427,1.788183127350932,854.9878391019645,0.1999503833259973,1.855568388753204,14.952993451824137,84.8454162768943,813.5933115060805,22.84396676845824,0.1524476485324407,418.4565014031805,0.0978616701129982,0.2010798797884821,3.191892851810669,0.0329090553169247,6.268407983466432,0.1609152146916042,46.22599317573841,trainval/0064
0087,0087.jpg,trainval,calibration,0,benign,ground_truth,0.7939122272747441,331.85496897201807,340.3307215048327,67166.5,263.463717548766,1012.0874452027956,0.0150683368227136,67167.0,0.907743721032184,0.0,86.0,196885117.0,2.1701822367500307,51.0,4.760413359123459,232.0,28.26678359553828,40.86835797340956,34.0,0.0,232.0,22.05628763547242,54.14127369422671,1.1317691237281915,196885117.0,0.2665304325491605,1261.0548337904158,6.697575639740963,271.89573495002776,25.646296151649487,7.16900111460906,0.16850874175553,0.9540692291924172,0.1348578436504494,0.5861920481900398,0.1503221037614809,0.936541314400519,0.9356946881198842,0.9983786103618452,0.987968771752404,-0.6991456055352603,0.9754318839592352,0.1192000599899961,2.22428697485904,0.2198536219333531,2.814692172015682,0.9553468548435708,0.3700850993823191,4.44857394971808,2.6426323360495063,1.834377464091148,1794.671815120195,0.2084161903518981,2.398069457709532,10.672628033910115,271.1224015793752,755.766113111137,219.9424888118299,0.2915800478911892,928.0330972012542,0.1077729761004824,0.2836459955996838,3.5718338727708465,0.0773971153287025,6.4112691694978805,0.1282028377030387,210.2802275964199,trainval/0087
0091,0091.jpg,trainval,calibration,0,benign,ground_truth,0.8630317724793157,239.756989137781,247.14570601165624,38561.5,206.9178992998832,751.3279938488598,0.0194838892120083,38562.0,0.9265147145164851,35.0,152.0,372740036.0,2.7292320943251323,70.0,2.686418512340586,255.0,37.88794681641482,87.29137492868627,78.0,0.0,255.0,28.723501066051764,98.3157838871266,0.6580984675223086,372740036.0,0.1718060257115131,2046.2092243997013,19.35037695979965,452.6050282025541,31.132977301670905,12.91022598798238,0.150183914642736,0.9770016537363732,0.1447056061357055,0.6074608328936286,0.1292442021956341,0.9284806824407168,0.928191344886375,0.9987719027436024,0.9879754042772853,-0.7377469696109062,0.9909736399361804,0.1406376359794433,4.0199958260506605,0.1355730163068565,3.438152102046788,0.9787211158764814,0.2214801867842329,8.039991652101323,3.275908758971751,3.2651024756562794,824.3253563258842,0.1450510920862017,3.627213472027872,26.024106985746965,196.9125461903924,2057.979940172444,32.73687617795833,0.0936695933131522,674.7723033609009,0.118735228463998,0.2938365868662244,7.953420481073769,0.0309866470020591,6.659331705382726,0.1473730615631969,150.8695275823945,trainval/0091
0093,0093.jpg,trainval,calibration,0,benign,ground_truth,0.8306809835956934,210.2397850205109,211.94574777522664,28546.5,174.64219141178512,650.9432175380094,0.0228029081511922,28547.0,0.9201068414571376,23.0,155.0,328697572.0,2.885714949788852,62.0,3.024648735431368,255.0,37.919620417924136,95.85896941885312,98.0,0.0,255.0,26.56287085864975,107.3045186003544,0.0371717075668318,328697572.0,0.1540984853851633,2325.3176940091885,22.676925788824256,661.5333793716709,6.248088767426514,14.694562792591068,0.2124096597919972,0.9715019719167668,0.2114225277630883,0.7482793202096668,0.1677101745462633,0.8944532581232741,0.894387449321347,0.9982593255946346,0.9823877837891588,-0.6802438007001548,0.9901058409682422,0.2105587872377931,4.365362242199893,0.1010795052246487,3.810034449821184,0.9752846725985392,0.1838885950995945,8.730724484399788,3.594201287747553,3.726743113095766,955.9628548256286,0.155062912380475,3.3719279952693206,26.264233576642336,42.40632603406326,771.0154095701541,12.933502992923756,0.1014173522613979,775.968694241687,0.1258667792768348,0.2824157412892961,8.42803625015981,0.0209458251632533,6.246968578730678,0.2159596454968998,20.96484460520336,trainval/0093
0095,0095.jpg,trainval,calibration,0,benign,ground_truth,0.364198705175969,273.98760088663823,266.82765973564284,21118.5,99.78592947718384,654.3746750430852,0.0309858500860896,21119.0,0.7872451298799817,33.0,87.0,84757577.0,1.8894663500676467,27.0,6.405902310147221,208.0,18.156595169610185,58.21066338368294,54.0,0.0,208.0,11.35346041037402,63.35087115115025,1.5101080928704986,84757577.0,0.3372262959439799,624.8515440411949,9.030742873459287,101.93975359970744,12.061631335077182,4.027198483065086,0.194831770808547,0.9077070702514304,0.1803645362394708,0.7071120796526359,0.1623004048756677,0.912098066276432,0.9112644553371724,0.9976388600320591,0.9820926872109474,-0.5656482840654136,0.9388172197608594,0.1689417133309009,2.841241136439347,0.2485024470906461,2.7028874770700515,0.9406770832115936,0.3526388426212344,5.682482272878694,2.4807784667016,1.0555075634684083,988.8785619174434,0.263349816755644,1.4814856002028365,10.495872170439414,85.39094540612517,649.9643142476698,15.201145465573912,0.1926345594804475,494.33155792276966,0.1316462204854246,0.331872952447964,3.672676679016027,0.0703213949597608,5.802135208420976,0.1778019792603816,53.75893333522458,trainval/0095
0112,0112.jpg,trainval,calibration,0,benign,ground_truth,0.6115338399354765,270.3356562482148,266.33249895572266,34902.5,165.31940193694777,740.9432175380094,0.0212289439879094,34903.0,0.8938163053330304,34.0,139.0,304780083.0,2.6599362905408146,58.0,2.3300079438252173,226.0,31.891914017272068,85.10967538606997,84.0,6.0,220.0,23.938770566658025,93.44625754115869,0.1829011717233565,304780083.0,0.1734891198076454,1488.546204126354,17.779671262845792,222.78767491040915,4.467518241824431,9.675035064129007,0.1543798036788623,0.9685882006701192,0.1542646593166182,0.6210077940943164,0.1305822185647901,0.9228868610687316,0.9228791847779152,0.9984715528640108,0.9859768123679,-0.7158732729920685,0.9888407408116412,0.1541639079996545,3.92422061659806,0.1261128434421883,3.415317853128073,0.9691541579091838,0.199142174501281,7.848441233196119,3.2603589300657103,2.4573537169519675,993.257199782648,0.1799053069702315,2.294976277532286,19.696612932439777,103.6382901648252,1421.4408621626517,22.89221847396475,0.1087155370292105,537.3350842238725,0.0973256808954668,0.2042337927074284,4.265594092006564,0.0212415754775202,6.45574248065659,0.158181245165172,63.67235125137292,trainval/0112
0116,0116.jpg,trainval,calibration,0,benign,ground_truth,0.6559502353355307,255.1700755465185,251.4358765172544,33378.5,167.37887110532398,717.2274887854716,0.0214877088181156,33379.0,0.9029868250467252,27.0,164.0,378438028.0,2.9490919102992468,94.0,1.935110909351496,243.0,45.35744921216225,92.63692740944906,93.0,0.0,243.0,36.68083409535711,106.4782058292036,0.209967944619944,378438028.0,0.1419668071907968,2756.0079967427164,22.311310527583714,621.0968508543439,15.876390867826323,17.785842811914257,0.1475246928450976,0.9835474633745224,0.1465008431703204,0.6046232356907576,0.1260621957954827,0.9269202200273028,0.9268519633823176,0.9985399443109444,0.986689497966901,-0.753811249316176,0.994119628539186,0.1456049747048904,4.231043724403758,0.1076801553291109,3.6749725471507326,0.9848385662603032,0.2085340881715249,8.462087448807516,3.5232751450218696,4.483341876189839,699.771468420004,0.1394244806575023,3.777543481810364,23.885236102809326,138.01175532974696,2024.044630404463,31.88049126694098,0.132286596647027,485.72564255827854,0.096777374488599,0.2066535569040169,4.859578859847063,0.0255617566364708,6.796439317077809,0.150364001318194,93.78223273576748,trainval/0116
0121,0121.jpg,trainval,calibration,0,benign,ground_truth,0.5300593821045957,306.767787931862,295.8952517361507,38888.5,162.60514412075645,801.7716446627556,0.020617191320384,38889.0,0.8718963006153514,16.0,100.0,169164451.0,2.33701674214528,37.0,5.572379903187388,251.0,24.82918556226349,56.80668055234128,53.0,0.0,251.0,16.07359396518997,65.95400364906705,1.2389717850396156,169164451.0,0.2380015754257894,1122.9316419654017,9.531012756287764,258.19617027779884,21.0796263288256,7.043943365226519,0.3425089087434798,0.9072602391406528,0.2391158394876827,0.8513225505809842,0.2853325240495806,0.8920471788364159,0.8897434821632274,0.997305615414013,0.980662497440707,-0.5776133460269648,0.9656966486134838,0.1945546345550219,2.8027939885348343,0.1601773316626843,3.320301598560201,0.9167421372326792,0.2623043949801167,5.605587977069668,2.999621686527125,1.8466130684924995,1751.7370977534913,0.2127185303890092,2.3756279802949853,12.89338190649666,56.81105039465695,382.9646630236794,23.473115486352803,0.1972509274144777,1235.8170006071646,0.1500688525327461,0.3577383529366677,5.68148231019485,0.0618055098265033,5.863009408370823,0.2117565378384633,34.50994734589467,trainval/0121
0122,0122.jpg,trainval,calibration,0,benign,ground_truth,0.7905787121171479,193.5651561951736,205.54804791094463,23020.5,153.02849189553493,591.9554108468294,0.0257142725330392,23021.0,0.9086012154816,29.0,98.0,110997400.0,2.165524904768369,34.0,4.464726905898029,244.0,20.789515353482543,64.02710568611268,63.0,0.0,244.0,14.303612426478166,69.43753746016156,0.4886755212320117,110997400.0,0.2644604264668901,722.1013459906983,10.612676056338026,83.58824438620985,3.2192402653461185,4.60801532368799,0.3328667658122649,0.8652601864271837,0.2566704575277753,0.8851541459996228,0.2669870420447473,0.8805692332046108,0.8785269630448118,0.9968207014323408,0.9771788915892669,-0.5183136235944452,0.945404235626541,0.2205798680974737,3.0893185198145394,0.1708866858520672,3.205036926713832,0.889049537697602,0.3187822587700114,6.17863703962908,2.8702018004675014,1.235220522375064,1237.0755750273822,0.2258261363686349,1.6872847025527848,12.70609711573567,36.31416575392479,352.6701350857977,7.093892429500636,0.1688604303261742,862.1690397955458,0.1573875574654154,0.3716610347971426,5.59510115800359,0.0567231427932959,5.581983859235383,0.2379566482776595,18.653612125157668,trainval/0122
0143,0143.jpg,trainval,calibration,0,benign,ground_truth,0.5795644558587932,143.99391442413102,141.89080308462562,9374.5,83.45375466019912,386.492424049176,0.0412280573949731,9375.0,0.8880511956577752,57.0,152.0,115927280.0,2.567803742923888,50.5,2.9308655604300613,244.0,29.17544413866667,105.13642666666668,104.0,37.0,207.0,21.082043327479763,111.20061390717828,0.4196383556691067,115927280.0,0.1925166762666666,1311.9083210979552,15.871151776103336,208.9957632058392,9.406690773077568,8.409650109322733,0.260064585575888,0.940006195191426,0.2439181916038751,0.8366232717334807,0.2005685013805833,0.8805705059203444,0.8796555435952637,0.9968453451899806,0.9757520305313632,-0.5949525327079779,0.9761956767338384,0.2313150340868317,3.7193756727664153,0.1190082452629712,3.609387851515295,0.942360293059046,0.2089343379978471,7.438751345532831,3.317674542448713,2.167428673724656,427.7651183172656,0.1874518485176448,2.265054947418389,17.135845749342682,31.249342681858018,467.7059596844873,4.609425644190549,0.1370381189041981,327.2489044697634,0.1434044279008603,0.3125629395227461,5.7001965615196415,0.0445019664754563,5.82350423406112,0.2434133333333333,14.371720034319573,trainval/0143
0146,0146.jpg,trainval,calibration,0,benign,ground_truth,0.7692361315817066,262.5640529093551,255.5249498581303,41171.5,201.97375635240684,782.298556597337,0.0190009729205235,41172.0,0.9194555699206082,48.0,121.0,328673929.0,2.352472009440016,40.0,5.073205141067896,255.0,24.10249045127761,83.65172933061304,81.0,5.0,250.0,16.475069985510583,89.34734384921437,0.8364530479468789,328673929.0,0.2361886094281995,985.3360329075988,16.507603681011545,203.8291996935885,12.802251669840592,6.39175512834978,0.2301852710718383,0.9304779997440192,0.219981936680743,0.7802812045552857,0.1817932186060278,0.8914728114498662,0.8910155806897662,0.9981195739112028,0.9817308329379022,-0.5914226003847104,0.9683805482559114,0.2131932748038394,3.8687480166963657,0.1547123376585177,3.3066860913371827,0.9486634749774328,0.24539263309493,7.737496033392731,3.060783578532335,1.6554850998554047,1973.0886579703736,0.2181172515996433,1.92935676640126,18.210037585673227,38.854300243201415,580.2303780676542,4.181683310395914,0.097228184887292,1145.2317046208268,0.1266008959342059,0.2745779965952055,5.425050051689246,0.0256081914127658,5.865807802175974,0.2197124259205285,18.139022459652875,trainval/0146
0151,0151.jpg,trainval,calibration,0,benign,ground_truth,0.3835599513264355,270.4395926634471,254.8666317900404,21530.5,103.72979699873282,643.3036072312196,0.0298787119310382,21531.0,0.8085669824813528,36.0,88.0,93565053.0,1.845031990291281,25.0,3.516253385974951,150.0,16.064348792256855,62.54400631647392,63.0,0.0,150.0,11.014162300630677,65.92114369042403,0.1665688173679266,93565053.0,0.3342087863993206,433.8444593384024,9.872408963585434,29.056253504839265,0.7239698821856594,2.911334825869345,0.1457516339869281,0.9046467046968758,0.1457516339869281,0.5991058492160533,0.1245080951770686,0.927124183006536,0.927124183006536,0.9970849673202614,0.981781045751634,-0.6175695144600702,0.9473420440071292,0.1457516339869281,3.030018674136321,0.2531901148258867,2.5490632331534355,0.9092858793390164,0.4234827264239029,6.060037348272642,2.403311599166509,0.7642716149640685,967.6161459944324,0.2992935805735949,0.8933889983332838,10.497061552737396,94.206928549335,895.6671821837302,14.557258090987707,0.1543808184166542,287.5301577482215,0.088936021573839,0.1906854424934809,2.0700223621165543,0.0314828334708368,5.906886850653251,0.1501555896149737,49.854542100778126,trainval/0151
0159,0159.jpg,trainval,calibration,0,benign,ground_truth,0.6497756555516477,132.05213120227145,132.9812016790343,8873.5,85.80426011894811,369.6051224213843,0.0416526874876186,8874.0,0.9034714375504238,61.0,151.0,108590990.0,2.560484816757657,48.0,2.767499452963848,217.0,28.164533351985263,104.920892494929,105.0,10.0,207.0,20.010573058854668,110.62089911976152,-0.0461801939549787,108590990.0,0.1943884556327589,1228.589640132008,24.219198360282395,172.5046626432435,-0.0101137563150845,7.977936031553745,0.2210202687314962,0.9460857551530536,0.2041676155773172,0.7554328442323247,0.179335853480969,0.9002239429135351,0.8995532305384007,0.9973300991599656,0.9797265704006765,-0.6381546662004578,0.9806948956176058,0.1938142096206888,4.72016624914598,0.1303941194388368,3.482681372493606,0.948847088037786,0.2222728307902527,9.44033249829196,3.240253948941795,2.0497390750713103,340.4682713347921,0.1862517895704552,2.2817071185401896,24.963894967177243,44.07439824945296,1008.6936542669584,3.022126553443729,0.0785900631425274,217.4332603938731,0.11894598489818,0.2791048503755651,6.632693143102081,0.0299116805696263,6.093578825346632,0.2059950416948388,20.508366092248465,trainval/0159
0160,0160.jpg,trainval,calibration,0,benign,ground_truth,0.6151748039725993,317.4828972870037,309.46728421595714,48101.5,195.3074791031854,871.2691193458144,0.0181131382461215,48102.0,0.8923432038172769,30.0,95.0,224024968.0,2.102136754373924,32.0,3.594769468334165,193.0,19.753655669553016,63.36401812814436,63.0,3.0,190.0,13.708411867942557,68.24434109791135,0.4488328524130209,224024968.0,0.2778299792967109,642.2912985442641,10.371065375302663,67.64396708849932,3.248539549862535,4.360054655910762,0.1202304416798864,0.9463291111788652,0.1202304416798864,0.5300229002339691,0.1057750825733458,0.9398847791600567,0.9398847791600567,0.9981503008972326,0.9866410620355682,-0.7031849532624063,0.9736772682433794,0.1202304416798864,3.051411037822493,0.2211712140491869,2.7270434769270566,0.9471525179058192,0.3673290473407364,6.102822075644988,2.606813035247172,1.1200712743976622,1477.3503527040646,0.2481273686100209,1.344426179028582,12.103795767551226,135.13570708767216,1173.9064494457507,34.09451073474681,0.1581089112808935,417.7971111857575,0.070170828213933,0.1427531989244177,1.9504309823771413,0.0231824238599467,6.466646203784542,0.1237786370629079,69.86645933683263,trainval/0160
0161,0161.jpg,trainval,calibration,0,benign,ground_truth,0.4662946483506293,238.5130710059058,228.7575135378071,20604.5,111.21736857172752,595.8477631085037,0.0289183315833193,20605.0,0.853985818618291,39.0,166.0,310315528.0,2.7441437963865978,50.0,3.2626299029301875,252.0,34.37012894755298,114.0644503761223,119.0,0.0,252.0,22.04853928885268,122.72002767647318,-0.6020099446386552,310315528.0,0.1783808654967151,2049.5063533074745,29.00922176140521,559.3402938595685,-28.31371217857576,13.144256094926968,0.2792388387411563,0.9583955087522276,0.2707489631617468,0.8641092110793261,0.2059338376879955,0.8658868016589413,0.8654538409655154,0.9977162270737424,0.977490105243216,-0.6063625124208645,0.981945777922029,0.2646265349272181,5.078677726274702,0.1031284848570697,3.82710518677048,0.9789233253428334,0.2070261039277872,10.157355452549403,3.5299981333077044,3.3558737334170305,1027.9376790830945,0.1840862605807834,2.562260335249711,32.15204154727794,29.99695558739255,622.2861747851003,10.747736625840298,0.060461323096304,936.0078796561604,0.1676231876175072,0.3436264253231746,11.419794578832214,0.0180316954163012,5.678321460315275,0.2710021839359379,16.380802722011726,trainval/0161
0166,0166.jpg,trainval,calibration,0,benign,ground_truth,0.8538190180507509,243.4346160380609,255.1960031034969,38826.5,207.8491048251788,754.1147904132632,0.0194226827144672,38827.0,0.9262571956882696,48.0,121.0,300308655.0,2.309631450624661,38.0,3.354822189878078,208.0,23.30574916864884,82.82167048703222,80.0,0.0,208.0,15.994407401160649,87.94618531566333,0.4359825461999215,300308655.0,0.2399866590509631,875.1024093144516,15.98127961471738,108.08433353737551,6.346764236457713,5.695448541659814,0.2208901892752647,0.9253287550557968,0.212604541570648,0.7637021737174408,0.1756894981787993,0.8949090736473247,0.8945226385523266,0.9973165977017444,0.9788117283922672,-0.5918689812609713,0.9666500822867616,0.2069306350316034,3.822648300147588,0.1611283418176638,3.240808095918064,0.9267978296864788,0.2618523601149634,7.645296600295177,3.0054454127831187,1.4790846827337694,1751.04587709767,0.2114023756003464,1.80657965855892,17.079077628878427,47.19220089339611,680.3076180127973,4.929528567855972,0.114224716855187,1090.2949414463358,0.131630440836211,0.2991511268199024,5.087470779575602,0.0444571321343201,5.88192788085967,0.2133309295078167,25.219049462228863,trainval/0166
0187,0187.jpg,trainval,calibration,0,benign,ground_truth,0.7409368961246431,55.65543244454558,57.28001396647874,1784.5,41.23716336793636,163.78174593052057,0.0917801882491009,1785.0,0.9143189305563848,5.0,99.60000000000014,8461029.0,2.336377288361921,47.0,7.69971846388357,247.0,34.434498505284466,47.65210084033613,34.0,0.0,247.0,20.23107078120785,68.8481827567552,2.0840352672779514,8461029.0,0.2548121993895597,2469.34955441,9.138841078600114,1487.312670433991,107.15807717772292,13.755443707458308,1.5163511187607577,0.8014180866079419,0.5593803786574871,1.4265572428834836,1.2034447107337636,0.8156360134415211,0.8004328879311162,0.9868815546479068,0.9552539104781688,-0.390768613581838,0.9147839936338495,0.2200953766475035,2.4655765920826163,0.1641462991544902,3.732994314871642,0.8281821778849263,0.3321858864027538,4.9311531841652325,3.014359375877857,3.817948706554766,100.11336717428088,0.1693965603625734,5.279124830723687,17.14720812182741,25.4839255499154,122.73942470389171,18.073708968437284,0.2701892828792857,200.41116751269035,0.3391051903768026,0.6045556036671345,13.283630737415612,0.1167637196614499,5.014553408702924,0.3310924369747899,16.36168586324478,trainval/0187
0189,0189.jpg,trainval,calibration,0,benign,ground_truth,0.6974070041257764,307.8591345464812,304.19894805866767,51582.5,214.7031167168157,877.1858582251289,0.0170054933015097,51583.0,0.9178347659278628,0.0,133.0,269008741.0,2.249709047202383,90.0,2.651923113539544,248.0,47.9796200436025,46.30279355601652,17.0,0.0,248.0,36.83096656362241,72.21541272916417,0.9493246893583768,269008741.0,0.3262417444987848,3071.117144552441,10.791820765367696,838.5952872887342,74.34757964021172,17.059512759266738,0.1830497917234398,0.9787676812907452,0.1712539416825631,0.6799001420976735,0.1537218791816251,0.9160720078898535,0.915527142187,0.998198415491024,0.9845167420010728,-0.6917775151044581,0.9775122840166992,0.163275922104999,2.5637287343792576,0.2935676297555955,2.9434510674300727,0.9810540043191274,0.525324093899638,5.127457468758517,2.7442443868220927,4.310640637747544,1214.2173118647938,0.1386567673706513,3.950189664741559,21.01141943587987,250.7416923603974,528.3252255338587,238.32350609121457,0.1788571262811224,1508.7937649880096,0.172295736552245,0.3648995080386524,8.401834759209834,0.0400365164751396,6.007719706098192,0.1697652327317139,216.04384807786977,trainval/0189
0190,0190.jpg,trainval,calibration,0,benign,ground_truth,0.3794690291459233,94.00374959947236,93.43446901438462,2573.5,35.67151159658825,226.26702730475932,0.0879219068602134,2574.0,0.7947778355479691,65.0,153.0,32924532.0,2.578986896710692,47.0,3.2284697370836866,241.0,27.99180315497332,107.43512043512044,106.0,15.0,226.0,19.587546033746413,113.09815857560844,0.2152275028389215,32924532.0,0.1963234037826112,1248.888370284641,24.9672712933754,214.16543263897967,5.70806508870265,8.149335841485138,0.3600157728706624,0.9153835006034312,0.3410883280757097,0.9719139472104992,0.2436745253211794,0.832314668769716,0.8313485804416403,0.9964499813404086,0.969131223665924,-0.5119979785561483,0.963764185711398,0.3273199263932702,4.797910094637224,0.1003628195623401,3.84040331394464,0.9171218629415484,0.181782334384858,9.595820189274448,3.452571096433916,2.12733790358895,166.54421768707482,0.1888256436361392,2.278783017364164,27.1655328798186,14.46938775510204,328.64739229024946,1.0349197931146088,0.0606488280203321,184.4671201814059,0.2091463947634987,0.417454106207178,11.99689995541407,0.0242959819124725,5.220962399990147,0.3426573426573426,5.952519783423574,trainval/0190
0200,0200.jpg,trainval,calibration,0,benign,ground_truth,0.4707779015229966,324.0256803398653,311.8092365533773,38004.5,152.54412982996308,817.7645019878182,0.0215175703400338,38005.0,0.8450729276709119,8.0,79.0,87331265.0,1.9976110188572584,48.0,3.156260220634051,206.0,24.68365131261076,37.864202078673856,32.0,0.0,206.0,19.37793139728297,47.93629971552926,0.8525077613661185,87331265.0,0.293323720673858,864.1910313624008,5.558097149951134,87.42062277291755,10.774741342762844,5.266018630141419,0.1939565228875564,0.9289533313059282,0.1718745872843973,0.6840825298016746,0.1644156491333745,0.9169149563732094,0.9161888617672695,0.9976718862939546,0.982996929903874,-0.6237239228002137,0.9577610440578954,0.1597965110306957,2.0712512216381835,0.2324034382489752,2.7500313622910264,0.9354567616544208,0.406587601362952,4.142502443276367,2.544296158233604,1.364993788257244,1519.9641283826306,0.2391384720551652,1.438390423898411,8.81513530522341,238.9564191315293,417.60509754562617,218.50733900153423,0.2774262298517174,853.7016991818754,0.1343143013187343,0.3040074519916237,3.0349644814680423,0.0790262373331628,5.65063160255341,0.1672411524799368,203.2033197028739,trainval/0200
0205,0205.jpg,trainval,calibration,0,benign,ground_truth,0.712339297973863,191.7316794918245,199.47180251855147,20052.5,136.578009968556,565.2447327281742,0.0281882424998466,20053.0,0.8880811877456714,63.0,137.0,222385630.0,2.268466613547386,37.0,3.1192960817061586,239.0,22.431915146598907,101.41135989627487,102.0,3.0,236.0,15.717697906610242,105.3085622482834,0.0102416200776535,222385630.0,0.2443651511446593,805.629366788791,22.1680056236192,81.63603303019227,-0.0116457643404212,5.148714223659838,0.316479212693312,0.8841837104655186,0.2989054026913035,0.9158070742044334,0.2271347729352616,0.8530235321684407,0.8522673282083393,0.9968833570795744,0.972953052838572,-0.4885068857009344,0.9439152682720472,0.287543711365513,4.578203454508938,0.1376003847107843,3.428561924532909,0.8874260313154488,0.248091986342639,9.156406909017877,3.087970374878516,1.3662983590882871,1336.2389915966387,0.2245779817809476,1.582483044982699,23.352941176470587,19.407226890756306,415.1398319327731,1.2089898980227012,0.0625888705482192,1032.518991596639,0.1735326036296871,0.3590523772628952,8.800584600304463,0.0228015806346279,5.290074647411598,0.2967137086720191,8.048627667537604,trainval/0205
0207,0207.jpg,trainval,calibration,0,benign,ground_truth,0.3842376180416235,82.84223047459304,85.70880934886448,1899.5,31.831101310812823,209.296464556282,0.1101850300375267,1900.0,0.7381807041674521,76.0,158.0,24741405.0,2.256658767091397,36.0,4.149108698634679,225.0,25.28288753462604,109.23631578947368,101.0,54.0,171.0,16.374208637306165,114.11306719768406,1.220407840083584,24741405.0,0.2630171745152355,1089.2194180055403,10.016613076098608,198.47447378153527,21.043828423145825,6.990706660279451,0.1688102893890675,0.9528431064341892,0.1688102893890675,0.6549759751020423,0.1403133755854468,0.9155948553054662,0.9155948553054662,0.9974029186247836,0.9812433011789924,-0.6546901757970336,0.9736355059876354,0.1688102893890675,2.882904608788853,0.196939162930261,3.0369687858093943,0.960970902375266,0.3467309753483387,5.765809217577705,2.8681584964203286,1.78987923741713,71.93409742120343,0.2061148923243651,2.1268298289833414,12.260744985673352,59.902578796561606,469.11174785100286,14.01007977522432,0.2076460806385591,37.20630372492837,0.1066083201287345,0.2270173032942705,2.8810709072337883,0.0523150675642797,5.806856711662684,0.1836842105263157,30.26407008152642,trainval/0207
0225,0225.jpg,trainval,calibration,0,benign,ground_truth,0.5265589088499665,96.29764717386168,93.81364506296512,3814.5,50.70638402068766,250.8944443027289,0.065773874505893,3815.0,0.8726351389911838,28.0,112.0,18097787.0,2.144502238714756,43.5,3.870660435497358,197.0,25.74055272609844,60.80707732634338,53.0,12.0,185.0,18.52437142766383,68.87561109280702,1.131294306260476,18097787.0,0.2870413917608116,1046.3491504356982,10.382791688865211,155.79907153493772,18.351915795232035,6.310777720600069,0.2509323388385722,0.923516175946354,0.2045817794352691,0.7796027527777306,0.2090786343616711,0.904288758657432,0.9023065592779468,0.996236591009054,0.9777551756241156,-0.5879901711242899,0.9585787661772566,0.1745785976439945,2.977890250399573,0.2190070956811402,3.015871127219804,0.932743228744462,0.3955780500799147,5.955780500799148,2.7377488403678334,1.64042751485966,147.51910408432147,0.1943598209279597,2.2156189841359115,13.300395256916996,62.744400527009226,457.0803689064559,12.713879147508804,0.1962608113073951,108.68115942028986,0.1431899333600657,0.3514284116751349,4.8552207901133935,0.0882818513678351,5.793641569602913,0.1989515072083879,37.4802015688766,trainval/0225
0252,0252.jpg,trainval,calibration,0,benign,ground_truth,0.629938134359858,286.42045388532506,280.471032372329,40217.5,180.4271663630254,786.3401871576799,0.0195521896477324,40218.0,0.9040698699883192,23.0,110.0,198766537.0,2.432997100149072,50.0,3.4397468460860736,240.0,28.260024894015807,61.08908946242976,53.0,0.0,240.0,20.463121842034,70.3009834985917,0.8662982261028999,198766537.0,0.2167032776445699,1210.3514295205157,10.707329869091634,209.0817861049687,17.706436523948717,7.916412143956512,0.1992605176376536,0.9508948855020694,0.1745777955431197,0.6789904600820402,0.1687831109409583,0.9152083422556594,0.9148346579309612,0.9980721607922955,0.9842886692185934,-0.6672371305702444,0.9803504960173216,0.1658470459567191,2.962776056760268,0.1569331251650376,3.242265964744631,0.956918525751566,0.2879984011192165,5.925552113520534,3.050925576613531,2.028918165398541,1341.4304492272136,0.1937643289364746,2.3645037531248225,12.280225335837065,72.33164812942366,653.5688285425393,19.79457762341084,0.235023717275227,710.786508738986,0.1026703031545552,0.2402576753735299,3.2581379892953666,0.0592337385439368,6.324474268040455,0.1721368541449102,38.58331896627539,trainval/0252
0253,0253.jpg,trainval,calibration,0,benign,ground_truth,0.6283182044589123,363.7650115283745,382.256458415028,62932.5,228.56017888848385,1025.2031021678313,0.0162905192415338,62933.0,0.8674261541276931,9.0,155.0,641300204.0,2.954137262183306,83.0,2.176354183453728,255.0,44.61790064335481,85.85600559324996,88.0,0.0,255.0,34.42349986077574,100.94654783674554,0.1293001473420234,641300204.0,0.138189384088771,2818.951823728188,20.203337108583643,663.3961128651712,13.52658110918938,17.492830384326684,0.1537749844470322,0.982571720596286,0.1518607730223803,0.6181937546037083,0.1307132900640772,0.924315802347036,0.9242469162393192,0.9987412450004696,0.987356244241224,-0.7504449068520883,0.9940495230413848,0.150775251195939,3.983537781747994,0.1031220084299721,3.691591929975929,0.9837809899286116,0.164893362471885,7.967075563495989,3.534271259800196,4.411651342193429,1398.2883448204918,0.1438420270363637,3.662504987812368,24.005657854130234,123.67811953502726,1486.422384528341,66.50749457863857,0.1263226883133603,970.1432980146076,0.0997987139198238,0.2313108026280242,5.659485289059647,0.025761663272321,6.774676191074356,0.154465860518329,81.76644782815727,trainval/0253
0268,0268.jpg,trainval,calibration,0,benign,ground_truth,0.3336691717784128,207.6130208086394,193.75241933973368,10244.5,69.27406470363309,485.2619766708767,0.0473680488721632,10245.0,0.7393908169818472,36.0,145.0,94203237.0,2.7315609659078657,50.0,3.275897087405711,253.0,32.31244752466475,86.55490483162518,81.0,7.0,246.0,21.863432173417465,95.8907977606213,0.6639767514709514,94203237.0,0.1764607144481911,1703.2935447566829,18.48011027963765,393.3569996245727,23.74175536484455,10.934074945230146,0.3505317053958251,0.9378743599580618,0.3186293816463174,0.9632426954542372,0.2490070225475104,0.8452737298148877,0.8438338391678057,0.9971464791849842,0.973643613836603,-0.549225263508699,0.9746225143443182,0.2973030447245197,3.979224103977944,0.0948574675006875,3.953675435595045,0.9419487407563476,0.1726073257187869,7.958448207955888,3.567836738442752,2.8211516626564936,549.6660401002506,0.172201140382284,2.891363355129679,20.20551378446116,17.833020050125313,302.5704887218045,2.463358824773408,0.1176890762946744,598.9191729323309,0.1876313198409557,0.393991901744874,8.497074794532843,0.0404138871249307,5.580603641614252,0.3115666178623719,7.531574766333126,trainval/0268
0279,0279.jpg,trainval,calibration,0,benign,ground_truth,0.5651873686934442,208.38040152390943,215.7266789249768,19016.5,117.77397082458172,557.3868683519053,0.0293106969396,19017.0,0.877028069050519,18.0,108.0,112711791.0,2.511075901919675,59.0,3.68107277588988,239.0,30.80294091445799,66.94667928695378,70.0,0.0,239.0,23.35964353340464,76.98633978600155,0.4832773604824672,112711791.0,0.1988114718356753,1445.0386460954394,12.377322534540257,296.7312574930588,11.394367734370311,9.266843166291189,0.3670530940659574,0.9237996581764416,0.2453019956593087,0.8657065141604942,0.3068800249915178,0.8902911061200721,0.8878320988580775,0.996586523628815,0.9784927011757716,-0.6054618913908398,0.9756605605460534,0.1964541384990465,3.1862791805621726,0.1339068412444702,3.4949191240716457,0.951400495963655,0.2302154465089196,6.372558361124344,3.162666714269064,2.408474065089287,753.6205389657684,0.1829620148011091,2.7801734287444284,16.916970138383103,63.815731973780046,466.4773003156106,32.9932315045802,0.169509817367372,636.9383345472202,0.15463421571916,0.3667042359328028,7.609047410223837,0.0506230552218924,5.923650865844209,0.2165956775516643,42.49999124728334,trainval/0279
0295,0295.jpg,trainval,calibration,0,benign,ground_truth,0.773035954723254,155.34688680391258,154.02921800749365,14504.5,120.08872895374785,462.0487732352802,0.0318555464328505,14505.0,0.9239925970218136,32.0,99.0,68860276.0,2.162442769295677,38.0,6.996532091045402,254.0,21.764113091552424,62.964632885212,59.0,0.0,254.0,15.523745149840217,68.9009980721081,1.086256512861621,68860276.0,0.2595612752725498,782.802540963124,10.41601223156578,145.14141386328436,10.199480420335846,4.979059430755556,0.3489471123775106,0.8690140075645189,0.2434498575300576,0.8607976181905292,0.2896792792461052,0.8901730488567656,0.8877961074463304,0.9972534776187048,0.980314461061907,-0.5441700609883305,0.95123803787489,0.1976517941946394,3.0427757314615334,0.1735583057035682,3.146633950588117,0.8962534081450799,0.2724303287233303,6.085551462923068,2.8343906690455354,1.332001635783267,706.5464308275426,0.2231669080314411,2.0817167081223467,12.69046114971573,42.44061907770057,405.29595704358815,7.403857692470528,0.1806957001081319,439.7492103600758,0.1388974132533404,0.3416920663381958,5.682228089686984,0.0593463590862792,5.752609074543766,0.2182695622199241,21.45056075907592,trainval/0295
0301,0301.jpg,trainval,calibration,0,benign,ground_truth,0.8618327004601956,42.17821271411092,43.86342439892262,1199.5,36.35056296398677,131.39696961967022,0.1095431176487455,1200.0,0.9343717703367188,63.0,133.0,11972575.0,2.192343855190888,33.0,7.122102466733241,249.0,22.8502,94.8425,88.0,38.0,211.0,14.524859190850762,99.88566380283676,1.615823953523062,11972575.0,0.2748194444444444,982.0460270833332,12.07659208261618,180.3992727218485,16.766866992882814,5.435800492355456,0.8235800344234079,0.7368493476630888,0.4604130808950086,1.2721840099916488,0.6115998293641741,0.8118617326448652,0.8032176540681147,0.990724783881168,0.9568752675895532,-0.3460848533474656,0.8830665421877142,0.2967541594951234,3.3050774526678137,0.1426886547912821,3.615854388383361,0.7839683434163284,0.2969018932874354,6.610154905335627,2.9827623062321664,1.5648451316947158,101.67720090293454,0.229519640864412,2.285749226747652,14.401805869074492,13.345372460496614,155.50112866817156,1.731499450879758,0.1448914698393361,116.43566591422122,0.2628344603029824,0.5182965329765464,8.512081988283683,0.0759901803712844,4.785880909396614,0.3691666666666666,6.007755453530974,trainval/0301
0304,0304.jpg,trainval,calibration,0,benign,ground_truth,0.6173250086217781,71.25672271655921,75.18643494673756,2420.5,43.98855696535957,198.55129855222128,0.0820290429879038,2421.0,0.8783846620999911,8.0,56.0,2893977.0,1.5383747575542628,30.0,3.92734875042218,127.0,15.679820365687062,28.727385377943,25.0,0.0,127.0,12.150666570549786,34.5740410173248,0.9681094356242532,2893977.0,0.3870673463179555,370.1016416148048,3.33656684943062,19.418847108920136,3.391717508132105,2.2699475117674712,0.1522564318852804,0.8742827314072705,0.1514129059468579,0.6165008766085166,0.1293305637980085,0.924434134682975,0.9243778996204134,0.9958883810001484,0.9783846478279208,-0.5611306793559622,0.9059903031923934,0.1506748207507381,1.6754533951919024,0.305165342290623,2.20441347594947,0.8761155948364437,0.4538169548713623,3.350906790383805,2.0510065003517,0.605550985913188,134.7107843137255,0.3301734909650134,0.7619605440215302,5.174019607843137,107.61029411764706,202.71323529411765,89.42787785947712,0.3981358932461873,49.80882352941177,0.1220804498269896,0.2690807955378841,1.740010689703646,0.0846261814168014,5.17885146263588,0.1685254027261462,72.40003243944636,trainval/0304
0315,0315.jpg,trainval,calibration,0,benign,ground_truth,0.5433784357910759,71.89074480758478,72.42237223399962,2186.5,39.06388046140084,190.06601717798264,0.0869270602231798,2187.0,0.8721178965635971,51.0,130.4000000000001,18457378.0,2.3324089457611303,39.0,4.023013531429889,208.0,24.892029197763986,86.06492912665752,80.0,24.0,184.0,16.433959712870013,91.86722790457712,0.9625964387698174,18457378.0,0.2392181509016679,1032.4155372949317,17.282833020637895,180.45645177678944,16.3737334692375,6.687993903319031,0.2129455909943715,0.93828504331335,0.2120075046904315,0.7492246610454489,0.1679984089493081,0.8941525953721076,0.8940900562851782,0.9974039100836876,0.9788077775882652,-0.6081778585499861,0.970057478700208,0.211186679174484,3.957786116322702,0.1631719065152118,3.238716593452471,0.9439593890046216,0.2823639774859287,7.915572232645404,3.024086014438004,1.7252348735783505,102.96837944664033,0.2034948210407911,2.1356215532190785,20.1897233201581,33.66600790513834,486.5750988142293,3.2896876686738232,0.082476549048107,68.12648221343873,0.1346373166273493,0.2895066997885929,6.338730223204921,0.0263694016172002,5.642899827258463,0.2313671696387745,14.985162242809604,trainval/0315
0320,0320.jpg,trainval,calibration,0,benign,ground_truth,0.3861027754876817,89.33258648512285,71.449282711585,1520.0,34.491559583399294,210.50966799187853,0.1384932026262358,1521.0,0.6565301569372958,13.0,109.0,8287324.0,2.4734443868210483,45.0,6.353637649997727,250.0,34.82204992476575,55.08744247205786,42.0,0.0,250.0,19.65674469249193,73.81464783748187,1.8646765392467168,8287324.0,0.2280641693477378,2413.9759172591826,10.449453551912567,1311.2112942259755,100.21008781090156,14.421455085998383,1.294398907103825,0.8352747604206626,0.5648907103825137,1.4354613137938772,0.9752973924273642,0.7983671610720792,0.7834429721242643,0.9901820043504164,0.9570750129076432,-0.4020297309694203,0.92824118632487,0.2622134942319368,2.677254098360656,0.130807177356744,3.930708818345102,0.8598306350701029,0.2322404371584699,5.354508196721311,3.23171408389841,3.928963498275553,93.04878048780488,0.1621058893515764,5.618412266750842,18.49825783972125,15.764808362369338,93.48780487804878,9.025354607596018,0.258469318798604,181.8048780487805,0.3167332370187813,0.5810434268146605,14.357996163912333,0.1087818880947587,4.975421514965105,0.3773833004602235,8.743231676965848,trainval/0320
0340,0340.jpg,trainval,calibration,0,benign,ground_truth,0.5244187790162964,56.86567349103405,58.83026432033091,1293.5,29.821427060107453,152.95331880577433,0.1182476372677033,1294.0,0.8335453703863157,20.0,107.0,7198940.0,2.3784588110736253,45.0,3.196145528272522,204.0,26.60401950268628,66.82998454404945,69.0,0.0,204.0,19.17948793955838,74.58768684820777,0.0843120420871448,7198940.0,0.2131225081161656,1097.0761952084165,11.8328025477707,139.92238556925173,2.461983510630982,6.797546933952697,0.2492038216560509,0.929271282524729,0.2492038216560509,0.8100137711794244,0.1871012769280701,0.8753980891719746,0.8753980891719746,0.9969609290041944,0.9750796178343948,-0.577932829083076,0.9674518634885853,0.2492038216560509,3.1930732484076434,0.1272253057933385,3.3812419167186745,0.9339680437028652,0.2062101910828025,6.386146496815287,3.1320380950626263,1.7616876889021869,78.61253561253561,0.2239673379274518,1.7482325630473778,14.128205128205128,23.55555555555556,241.66096866096865,7.718319815554163,0.1538679982650441,56.36752136752137,0.1605912289672973,0.3402576258458923,5.626891300239653,0.0425958073067027,5.193779295998965,0.2712519319938176,9.964464574151185,trainval/0340
0343,0343.jpg,trainval,calibration,0,benign,ground_truth,0.7599443334122126,282.23430304319004,293.21152774063984,45657.5,214.48235929221744,856.1909088590114,0.0187524702153865,45658.0,0.8846885037229081,1.0,76.0,93936810.0,1.940324908970346,43.0,3.3702947553281866,244.0,23.574835864143378,35.0272022427614,30.0,0.0,244.0,18.06591247301684,45.358581256475,0.8239809647704738,93936810.0,0.302360253186007,830.495996644936,5.114345434543455,76.0232419404684,9.84427060576822,4.602183104295028,0.2269306930693069,0.9060155951623408,0.2151375137513751,0.7703200883695226,0.1806465432461838,0.894001466813348,0.893566238071771,0.9977660456742196,0.9805252686440806,-0.548550964711481,0.9386649963791868,0.2082411624495783,2.005126512651265,0.2166671243802048,2.817170156991556,0.9081329594369052,0.3833883388338834,4.01025302530253,2.5799758450937222,1.2072784493410835,2478.401042198835,0.2532339881678589,1.3477443303475711,7.520077654030858,67.16685398998672,167.92561561254726,54.70835087857958,0.3328906205773296,1461.0343312557477,0.1492831645300651,0.3163770274382929,2.8909691377238547,0.0834110037878012,5.388668349714337,0.2143545490385036,45.40306077434436,trainval/0343
0345,0345.jpg,trainval,calibration,0,benign,ground_truth,0.6771030220020091,301.2142833583265,309.84512260159914,47306.5,203.9531015320924,848.7178207935929,0.0179408288669335,47307.0,0.908452071530139,63.0,124.0,440201462.0,1.995702713900488,32.0,2.6648598017228013,173.0,18.728639180182974,93.66711057560192,93.0,10.0,163.0,13.671534767345827,96.4635046442082,-0.0877273208273477,440201462.0,0.2859357098820744,531.6801246611406,19.159942271367026,34.06635688595017,-0.6476736576815747,3.564247842120258,0.164102128743341,0.9119706411545208,0.1640596812190929,0.6441886262596297,0.1371865497416307,0.9179772339778282,0.9179744041428782,0.9967180535327352,0.9794931293965612,-0.611144615709959,0.9551305370692204,0.1640225396353758,4.279007576883079,0.2074914838432636,2.765169035565282,0.9133946858267004,0.3209881783644969,8.558015153766156,2.6008501803823902,0.9320874927158996,2076.757545144589,0.2622499741311515,1.116632555718964,19.35370627604496,68.56560171738856,1301.8936734436163,4.393077902710522,0.0707057067891769,753.9539083217578,0.0952082217858009,0.1953301097598544,3.766568016030874,0.0159868483912383,5.945312567136448,0.1673959456317247,32.87859440453738,trainval/0345
0356,0356.jpg,trainval,calibration,0,benign,ground_truth,0.8422260949645388,147.6656830640566,153.4959282847594,14201.5,124.36789160731162,463.5218613006988,0.0326389368236241,14202.0,0.9113848799563234,35.0,108.0,81100656.0,2.276839907592537,36.0,3.557248485194528,204.0,22.608394945117723,69.74989438107309,68.0,1.0,203.0,15.401771396370576,75.56791320198953,0.3353878114945051,81100656.0,0.24464460031801,845.4617395325708,12.263991477272729,106.62911237461338,4.399061510777496,5.6035591617300495,0.1404119318181818,0.9511098055573796,0.1404119318181818,0.5853166081217924,0.120696421221268,0.929794034090909,0.929794034090909,0.9982876593680708,0.9859588068181816,-0.6934389210960412,0.9785418859159244,0.1404119318181818,3.3012428977272728,0.184849901435789,2.976331581994059,0.9550477457162388,0.3257102272727272,6.6024857954545455,2.835919650175879,1.435992773387058,502.0157217722725,0.2391689956037506,1.458132584744522,13.763220581229156,84.53072891853263,916.8499285373988,17.753043278491322,0.13145825711136,173.4564078132444,0.0826376406923508,0.1509780593591053,2.3238434713391443,0.0167996831584312,6.1907121370657485,0.1477960850584424,38.75090273028672,trainval/0356
0387,0387.jpg,trainval,calibration,0,benign,ground_truth,0.8696506062481949,155.67931091671667,160.63934760823702,16456.5,135.3866071190239,487.404112294608,0.0296177262658893,16457.0,0.9330060931815868,22.0,158.0,173954860.0,2.894437828006749,86.0,1.8360049389447928,211.0,43.98642691972716,89.62860788722125,84.0,0.0,211.0,35.38248228650435,102.81179669911174,0.0682629560660797,173954860.0,0.1399910208085578,2536.978188698225,20.964158804068127,476.1961570690063,5.341088347548339,16.183775630135354,0.2295061879671608,0.9720340891589356,0.1983825511579463,0.7379626074742223,0.1901505513632256,0.9043775272638156,0.9037198218433216,0.9972652706255972,0.9804119878406116,-0.6936377868382777,0.9909462684770994,0.1850219880461272,4.120144590123759,0.0956480087864132,3.7817354136934185,0.9764360219305702,0.1546379120205857,8.240289180247517,3.554098196348559,4.103320454525628,446.7006211180124,0.1387269009683268,3.850013116777902,22.91055900621118,52.97049689440994,942.666149068323,12.558499430123442,0.1479323511092958,378.4173913043478,0.1175209289765055,0.2658440495440006,6.06140071478378,0.0359701844760242,6.437318454651011,0.1956614206720544,26.849509181744533,trainval/0387
0392,0392.jpg,trainval,calibration,0,benign,ground_truth,0.7829619212377052,187.40346300410653,189.2643653728826,21519.5,146.72977544029447,566.2152954766515,0.0263117310103232,21520.0,0.9184159621386636,22.0,106.0,80968795.0,2.2159824573029114,37.0,4.836981698112349,221.0,26.44348322991667,50.769470260223045,38.0,6.0,215.0,16.790707411382275,61.33914308154048,1.5384038547556158,80968795.0,0.2835925127140309,1184.9513634740224,8.286616752456714,278.18941953587137,29.93356646006763,7.768908950726432,0.1388862891904539,0.9648735747508016,0.1313055685540477,0.5734134925429284,0.1216451368571521,0.935479644361254,0.9350986814941232,0.998315437772809,0.9869358718025072,-0.7031205243245264,0.977161369591644,0.1258634248427182,2.525690219934487,0.2324293302332568,2.856740207517108,0.9735668849564464,0.4218998596162845,5.051380439868975,2.704565098995759,1.9769488099792216,555.2792792792793,0.1924044626747329,2.893895494727096,11.728343728343727,209.45738045738045,1294.1008316008315,63.80171685956408,0.3063167036083702,359.1878031878032,0.124458698263272,0.3188431822045954,4.57281577873982,0.0835721910485795,6.375938349110855,0.1341078066914498,153.85519263066038,trainval/0392
0397,0397.jpg,trainval,calibration,0,benign,ground_truth,0.5080998559408841,182.4201859867577,171.47011401407536,13018.5,92.68767022058088,465.8650070512064,0.0357848451857899,13019.0,0.8682110633329507,45.0,128.0,117689633.0,2.389974062428373,42.0,2.919533377605785,189.0,25.62780027826412,89.50357170289577,94.0,4.0,185.0,17.808671672730316,95.07805542498528,-0.4439563425388058,117689633.0,0.2210528231083746,1028.9472758211705,18.485110990795885,126.49437723236184,-7.0693263336005305,6.644108050368631,0.1889550622631294,0.9446938922856364,0.1872534612112305,0.7017250960980277,0.1538912035275435,0.9066568695697012,0.9065434294995746,0.997095308907787,0.9792129665437732,-0.6403613567266525,0.9763253837902004,0.185764560290819,4.107471575527883,0.1513443475665788,3.25079470629533,0.9524880542433364,0.2459586975017402,8.214943151055765,3.055168842376893,1.7082657781579398,541.0488,0.21641952,1.6872518399999998,19.24,53.5308,921.148,8.011938909297053,0.0965029659863945,287.1824,0.11487296,0.2346179023661956,4.488432627201229,0.0245002538099794,5.953479147709829,0.1920270374068668,26.411702240000007,trainval/0397
0399,0399.jpg,trainval,calibration,0,benign,ground_truth,0.7640154870819537,268.7567191574629,275.0727176584403,42948.5,205.33429569363688,793.6295090390246,0.0184786315945615,42949.0,0.92568052031225,4.0,61.0,76395452.0,1.7496997575722288,27.0,13.299559354843476,255.0,18.061376282712963,32.93855503038488,31.0,0.0,255.0,11.719446452192845,42.17520713143759,2.241676356201688,76395452.0,0.3589562604180423,693.7996890899715,4.633473684210526,236.0269015941615,20.05811171480244,4.089532150063268,0.1149941520467836,0.9452998298576112,0.0989473684210526,0.4685759310128623,0.1052035703293321,0.952194931773879,0.951935392024556,0.999076921341607,0.9918439046333782,-0.7099956396896395,0.9572907232328134,0.0930430669265757,1.9078362573099408,0.308071180876167,2.254594343097198,0.951791423747048,0.4163976608187134,3.815672514619883,2.148233945679117,1.0511315755275128,1123.9722091380122,0.2647131910358012,2.002085196585232,8.127885068299577,440.8532736693359,1083.8301931229391,318.894095193794,0.355903587119754,404.6137541215261,0.0952929237215087,0.2503718129746671,2.758337845607016,0.0902217607543615,6.318680655014964,0.0988614403129292,338.53666585757804,trainval/0399
0401,0401.jpg,trainval,calibration,0,benign,ground_truth,0.6035593347760431,96.2002371002328,92.9623579735368,4333.5,58.062551109514125,260.02438661764006,0.0600033198609992,4334.0,0.8974499793133464,0.0,50.0,4918530.0,1.3042295691047776,25.0,15.786732885551016,223.0,18.20165297774287,19.62898015689894,10.0,0.0,223.0,10.83007662618836,33.68784334310179,3.017034102907524,4918530.0,0.5564937757259594,749.5739271094357,2.933380084151473,254.12504950474795,23.90728661365917,3.652082771897316,0.4534829359513792,0.7790886965543156,0.2220663861617578,0.8066297442440078,0.4041694560884361,0.915023152786126,0.9098157107562272,0.9950007882371568,0.9796276537861388,-0.4362413428982638,0.8201776094983187,0.1217998415666718,1.4607293127629732,0.48451444718305,2.0017431973397137,0.845820523954421,0.6827956989247311,2.9214586255259465,1.7075652339480512,1.0263914269621737,182.40928270042195,0.2565531402256286,2.431910840499208,8.379746835443038,178.9142053445851,229.9353023909986,172.20048936106974,0.4114883269034029,177.69479606188466,0.2499223573303582,0.5134592077658344,5.874673214407872,0.1577774881061523,5.057889955791342,0.1640516843562529,141.75737902085174,trainval/0401
0403,0403.jpg,trainval,calibration,0,benign,ground_truth,0.8717012443269068,72.89686951265226,73.97972695272672,3601.5,63.54429186171514,229.2792206135793,0.0636621464982866,3602.0,0.927858914867277,16.0,67.0,6079238.0,1.7652107162007014,25.0,4.8374878816462585,148.0,16.983180422006285,34.72293170460855,27.0,0.0,148.0,11.050503524307944,41.08210789525237,1.4658058380830803,6079238.0,0.3454210305151589,482.0576029542474,4.038200339558574,43.67543589864673,7.1316202178969545,3.3761215729869978,0.3726655348047538,0.8011807424165651,0.2787209960384833,0.9589246609470564,0.2949801411720696,0.8753772873042823,0.8700339558573854,0.9903784089692408,0.9618165036246532,-0.4184302215826613,0.8767965214060023,0.20520499276866,1.8131013016412,0.2394686238205368,2.767455827992785,0.8209653943882285,0.4080362195812111,3.6262026032824,2.350359586437922,0.9371967769479378,239.60888888888888,0.2662320987654321,1.23,6.52,52.004444444444445,141.88,38.6061475308642,0.3882842592592592,231.3333333333333,0.257037037037037,0.521675722729591,4.19610643234397,0.1592397048942641,4.787484548312937,0.2498611882287618,35.98666172839506,trainval/0403
0406,0406.jpg,trainval,calibration,0,benign,ground_truth,0.7402332446054873,60.32670711214711,61.09828148156051,2106.5,44.65583414198958,175.53910524340128,0.0833321173716597,2107.0,0.9268549707253476,55.0,130.0,18831365.0,2.260598634707834,42.5,3.908212427976544,233.0,24.077376719498297,89.71001423825344,85.0,28.0,205.0,17.56671254530848,94.53848378805068,0.7914574501039489,18831365.0,0.243452059028046,889.6382623158865,10.876818622696412,129.69811931917778,11.107644919804574,5.754573545031285,0.3069835111542192,0.8987113349561038,0.2943743937924344,0.9075293920006644,0.2203272274335558,0.8547930811509862,0.8540737148399612,0.9962693795078532,0.970674984569262,-0.4987563475241235,0.9456743539901322,0.2844864748356503,3.0846265761396703,0.1424665392239226,3.381931919145176,0.9291250256721816,0.2628516003879728,6.169253152279341,3.0529906910802174,1.515389264046376,141.228125,0.2206689453125,1.6730859375,12.521875,18.5484375,174.51875,3.4567926353556464,0.1751376446267164,116.09375,0.181396484375,0.3515767291833452,4.933173765218847,0.0592858311330526,5.102466595327763,0.3037494067394399,7.70993896484375,trainval/0406
0407,0407.jpg,trainval,calibration,0,benign,ground_truth,0.5525250565667168,132.1483910462276,134.1044369139217,7403.5,73.01529723801752,355.622366364087,0.0480343575827766,7404.0,0.8576980148095105,21.0,102.0,31598741.0,2.3107022409201794,38.0,4.741641053472053,228.0,24.76096936519486,56.674635332252834,50.0,0.0,228.0,16.471712262034995,65.32834928177158,1.1847518478597243,31598741.0,0.2443204222402596,1055.7789298373038,9.305593451568894,206.3766645465601,19.25359635736012,6.738366298211949,0.3177353342428377,0.9099402614096704,0.2757162346521146,0.9053360298783116,0.2417158921920977,0.8676489313324238,0.8661652664003999,0.9969018336020302,0.9752298633608318,-0.526686779189633,0.9548702080014592,0.2518301500682128,2.7749658935879946,0.1516283136263723,3.395795106348002,0.9132068575432046,0.2878581173260573,5.54993178717599,3.058532249160957,1.7640254081136968,418.2849218356026,0.2109354119191137,2.1401494142470203,12.268784669692383,30.925869894099847,195.0494200706001,13.233080025645044,0.2055459368381557,334.52294503277864,0.1686953832742201,0.3634902392824982,5.580081758326383,0.0643401465363096,5.4376041192532405,0.2678282009724473,16.985079682597082,trainval/0407
0437,0437.jpg,trainval,calibration,0,benign,ground_truth,0.7469073601336793,361.53185927533787,364.0054944640259,76395.5,270.03080661556345,1057.8620484583787,0.0138471774968208,76396.0,0.9262106790847502,1.0,77.0,134499264.0,1.616548824289596,35.0,5.141907811463541,200.0,25.3825266567138,26.362689146028583,12.0,0.0,200.0,16.565832983533195,41.95895311217188,1.5996234071046118,134499264.0,0.4696575911442234,1065.562367259305,4.315296497727332,185.41674780690929,24.28025018326929,5.699886645763181,0.1553952865137542,0.946921330753641,0.0891332334936023,0.4210300218975842,0.1474505532007292,0.960780001025922,0.9602521970959788,0.9983687658854428,0.9915457233972248,-0.7406060892035439,0.9526600220894008,0.072492951849999,1.7114828827408637,0.4406903817219021,2.0246109072697123,0.9642842994086755,0.6465148051811566,3.422965765481727,1.918122116814624,1.463820483069234,1235.0626132806065,0.2035034788730608,2.318365652794804,10.113033448673589,957.9983522820892,1371.0034602076123,918.395315945732,0.3277653033928583,503.8581314878893,0.0830216067701251,0.2141241032376468,2.801412476512833,0.0521286978828701,6.691627435591361,0.0794413320069113,799.5429810977244,trainval/0437
0443,0443.jpg,trainval,calibration,0,benign,ground_truth,0.750246993276303,224.4716367869093,227.9517492804124,29505.5,168.40917057518905,660.2152954766515,0.0223760077096355,29506.0,0.9222970928636482,2.0,116.0,160433880.0,2.56308417890663,63.0,2.596788154451669,230.0,34.546600429497666,60.60001355656477,61.0,0.0,230.0,26.514105492177016,73.73825813237981,0.3524892234904282,160433880.0,0.1867630877833422,1764.9690693416449,11.469732088076896,266.3751961390527,14.896169842243502,10.20535585278009,0.2900334037766718,0.9447312726213596,0.2187265662281001,0.8013269275255543,0.2421920930027364,0.8987936984051237,0.8971382801871667,0.9972344017187948,0.9805949881577052,-0.6371289618101813,0.9807113160985774,0.1871446303997091,2.9984831958552047,0.1301577139568566,3.491816619154624,0.9520593007351428,0.2290203831208671,5.99696639171041,3.205017031430152,2.6238473141391907,1086.996974789916,0.1826885671915825,2.485984577360356,14.425042016806724,80.6453781512605,536.3887394957983,51.52169903649291,0.1946385680727317,894.7741176470588,0.1503822046465645,0.3597681656054757,5.9522509315672325,0.0596784063850804,5.988597280857421,0.2016539009015115,56.05378049572772,trainval/0443
0452,0452.jpg,trainval,calibration,0,benign,ground_truth,0.5032748443270149,257.8813710549108,247.5176761364732,26034.5,129.78520687249738,659.3036072312196,0.0253242277451543,26035.0,0.8675491743167338,57.0,142.0,287388860.0,2.491513591803125,45.0,3.0321204742744063,213.0,26.83212046362225,99.49844440176685,101.0,0.0,213.0,18.78653847752832,105.06454251969257,-0.2919962894501329,287388860.0,0.2070864349224237,1138.617656500798,22.16461461268285,169.8980200281295,-6.060486342200028,7.481969618408132,0.1712532324674823,0.9552467670667952,0.1666988305222123,0.6610340492586176,0.143464732370009,0.9173614059464534,0.9171060249334206,0.997916352526858,0.9833706434057664,-0.6770910145513525,0.9827032711007924,0.1631693834403317,4.509649156663707,0.1483216885775828,3.2948868560568467,0.9601778098682688,0.2371376741672777,9.019298313327416,3.111282212644356,1.913305712718904,885.3406968799818,0.201626211997263,1.9146996446894724,22.749943065360966,66.09815531769529,1415.8125711682987,7.998710760141839,0.0782929630665326,412.8806649965839,0.0940288465034352,0.2082482018674276,4.876390276100335,0.0170097284799981,6.31593411185675,0.1686575763395429,30.943059189048466,trainval/0452
0455,0455.jpg,trainval,calibration,0,benign,ground_truth,0.7230328253531143,26.33278635324265,26.476404589747453,391.5,19.039468916404964,77.01219330881975,0.1967105831642905,392.0,0.9107754652143798,20.1,131.0,2636358.0,2.661308620102506,71.25,2.231612223038323,213.0,35.86370262390671,70.42857142857143,63.0,8.0,205.0,28.61947203973722,82.00855480512072,0.4484200158858161,2636358.0,0.1698511037067888,1765.219387755102,12.857142857142858,239.62111939427515,14.277409976118417,10.42657347737956,0.7762803234501348,0.8614138259319882,0.5552560646900269,1.3621883896083022,0.4679710260750793,0.7558400718778078,0.7444743935309973,0.990785306299234,0.9464224454790492,-0.3785204059957726,0.9285059533512716,0.3936807427373465,3.2318059299191373,0.0710616749369737,4.243882677615122,0.8704224595243792,0.1266846361185983,6.463611859838275,3.499482294336696,2.800713450207424,33.010471204188484,0.1728296921685261,2.592417970998602,16.17801047120419,7.5811518324607325,77.87958115183245,3.407931374071832,0.1685334089521013,66.3717277486911,0.3474959567994298,0.5926241394366549,10.602965647379758,0.0826696954663622,4.357717124601987,0.4872448979591837,3.368986595762178,trainval/0455
0463,0463.jpg,trainval,calibration,0,benign,ground_truth,0.4095218517994998,183.03335575355248,186.81809334216,10195.5,74.95615878927144,460.2325394193539,0.0451407522357269,10196.0,0.7777354151378982,54.0,108.5,69824374.0,1.8848603724753568,28.0,3.186047431382631,176.0,16.916505422706706,79.94644958807375,78.0,20.0,156.0,11.684122804806186,82.75392701406689,0.4381118343705682,69824374.0,0.3168493255995743,456.7776345110915,14.469086952220795,29.76122202047387,2.128457735457393,3.045869191897936,0.1910179048372737,0.8819743172198139,0.1908200613314868,0.704199791889591,0.1546056090307213,0.904622943251888,0.9046097536848354,0.9970615315683484,0.9787999692243436,-0.5488465655208993,0.934122489390104,0.1906469482639233,3.7088238203580968,0.2219739354831916,2.7237283053687675,0.8884961767608714,0.3343555247798991,7.417647640716193,2.5318671738594443,0.8092217741838023,547.2888337468983,0.2716073616609917,1.0663857298548725,15.266004962779157,46.84565756823822,659.0228287841192,4.013884387501899,0.0915350158673891,223.7255583126551,0.1110300537531787,0.2459995899380151,3.883121041118189,0.0237409060950777,5.603680353286767,0.1976265202040015,21.24155533252468,trainval/0463
0466,0466.jpg,trainval,calibration,0,benign,ground_truth,0.7443670948328229,168.6190867552379,175.231275747225,16435.5,125.51449974136018,498.2152954766515,0.0303133640885066,16436.0,0.9121774585490472,28.0,114.0,106233849.0,2.444143790200762,46.0,2.8066771877955263,193.0,26.66637392196735,73.27932587004138,76.0,0.0,193.0,19.15931624727629,80.39580573906325,0.0787654099431939,106233849.0,0.2097136982308747,1093.6259804654806,13.753249938680405,139.19064951533338,1.470823776472928,7.0962048839217164,0.189354917831739,0.9480191164483568,0.1889870002452784,0.7010662483598747,0.1536388315700302,0.9055678194751042,0.9055432916360068,0.997087346853611,0.9790055323903742,-0.6477397202960387,0.9786240698705804,0.1886650723571253,3.467929850380181,0.1435835812889105,3.301726150595279,0.9501120750592796,0.2599950944321805,6.935859700760363,3.110743219511039,1.821389950438364,652.1792952915497,0.2033611772034766,1.8785288923541803,14.874025569067664,46.483317742438416,598.1325226067976,9.405868670043631,0.1570842131936445,355.8612410352354,0.1109639042828922,0.2105450447160681,3.3432887471862376,0.0308534101378852,6.032185986754326,0.1951204672669749,20.217293224236933,trainval/0466
0469,0469.jpg,trainval,calibration,0,benign,ground_truth,0.4163201065742603,64.48893445962815,63.63961030678928,1349.5,26.848040067092885,159.74011537017788,0.1183698520712692,1350.0,0.8152247996261959,35.0,83.0,5364534.0,1.8470642916323,23.0,11.300261172792425,224.0,16.95265843621399,57.82222222222222,53.0,15.0,209.0,9.776304444774787,63.03751969175888,2.2592976585189053,5364534.0,0.3497810699588477,630.3195061728395,8.74659606656581,140.694731094902,14.75575035927122,3.849018472446964,0.4841149773071104,0.7765520111850761,0.3555219364599092,1.0981476406648645,0.3577191300029067,0.8407967725668181,0.8349915457862419,0.9942635402295064,0.9655628788760408,-0.3481550760909038,0.8488143903712025,0.2693992687846697,2.8116490166414527,0.2120045729090613,3.0239552488038166,0.8057659611076717,0.3222390317700453,5.6232980332829055,2.5605607138664834,1.0832833624385187,108.1214953271028,0.2526203161848196,1.9763025155035367,12.05841121495327,19.61682242990654,145.94859813084113,3.451028381389766,0.1740127617982118,94.303738317757,0.220335837191021,0.4624980806010244,7.1763887985517,0.0789553900351308,4.845980738119817,0.317037037037037,9.66780941566949,trainval/0469
0470,0470.jpg,trainval,calibration,0,benign,ground_truth,0.6678426066721873,216.03331921023755,222.71281956816048,24319.5,144.27625502940978,611.6295090390246,0.0251497567400244,24320.0,0.9038447139073036,2.0,80.0,70506498.0,2.114174462166687,42.0,6.7503703703098825,232.0,27.13096047356518,39.49235197368421,31.0,0.0,232.0,17.697986299176527,53.84343852049688,1.6984369536072323,70506498.0,0.2898619185260128,1339.4700072971673,6.557615894039735,455.4665306335492,41.34864253524017,7.95170112467655,0.1721026490066225,0.9576300329744194,0.1432947019867549,0.6160734320094774,0.1515692773891495,0.9322992549668874,0.931186696532918,0.9983243261571656,0.9871789013966168,-0.6784607433168199,0.97111003476989,0.1258312637969094,2.147723509933775,0.2376695726407285,2.7909408621958884,0.9672416958929564,0.395364238410596,4.295447019867551,2.598011319114457,2.030950943420793,703.4435171385991,0.2096701988490608,2.968502646360505,11.130551415797315,171.0509687034277,552.4593144560357,125.59171155774504,0.3186135607027488,413.7511177347243,0.1233237310684722,0.3240084595231204,4.23233336673795,0.0867925535083226,6.295879018888319,0.1379523026315789,118.50467460759904,trainval/0470
0473,0473.jpg,trainval,calibration,0,benign,ground_truth,0.5576941932709768,333.6914329648297,325.13535642867265,48081.5,186.0977745087569,887.144227664786,0.0184508434151344,48082.0,0.8761928499805445,17.0,84.0,133754018.0,2.125581303287978,41.0,4.35649176532274,236.0,22.54431162973063,44.54124204484007,37.0,0.0,236.0,16.48526365538599,52.74267548575141,1.2058350562140097,133754018.0,0.2629521530213277,797.8675744982547,6.417661795407097,123.80585940245732,13.41586902796931,5.649653522692109,0.1972651356993736,0.932523386342562,0.1624008350730689,0.6728223602708387,0.1708911044669435,0.9238952679192765,0.922286012526096,0.9980756978213208,0.985490410772248,-0.6459095263866421,0.9674059711771232,0.1386476455578752,2.2482359081419627,0.2045809613364655,2.8793235486191886,0.9361261199505598,0.2990187891440501,4.496471816283925,2.6546020179059715,1.4617296645978703,1570.5456422965715,0.2162392458070455,1.8557882195937685,9.765799256505575,127.50516315572078,494.4147046674928,81.88211634312192,0.283998224337542,771.1002340630594,0.106168282261195,0.2842317411899696,3.668710800006772,0.0596475682830787,6.197308204416358,0.1510544486502225,83.6790495770814,trainval/0473
0474,0474.jpg,trainval,calibration,0,benign,ground_truth,0.9381505913108488,22.50937706066637,24.75883680627989,368.5,21.11718539950301,75.11269837220809,0.2038336455148116,369.0,0.905962693120209,20.0,122.59999999999997,1619939.0,2.2010528514961445,28.0,6.800538154465261,231.0,29.960385132306605,51.0650406504065,36.0,2.0,229.0,15.531822222222225,66.25766816592558,2.01134619274534,1619939.0,0.3134891782522161,1782.4402141582389,9.1671469740634,715.8513334378353,64.69746497785654,11.014674982767064,1.7348703170028816,0.727853774199432,0.7262247838616714,1.6434323776301023,1.2074678803079504,0.746301633045149,0.7267359526386481,0.9844549918324424,0.9406467691770284,-0.2792616453841782,0.8457937328814349,0.3210262568043548,2.61671469740634,0.1582564426247207,3.8712835188452015,0.7913916477654646,0.3515850144092219,5.23342939481268,3.0524441394388964,3.187386324942487,36.58857142857143,0.2090775510204081,4.186971428571428,13.428571428571429,7.937142857142857,52.36571428571428,2.8758703514739232,0.3219577106503977,60.63428571428572,0.3464816326530612,0.6012513533455711,10.649182000683872,0.1619183379774602,4.368503505494191,0.4742547425474255,3.4910693877551022,trainval/0474
0487,0487.jpg,trainval,calibration,0,benign,ground_truth,0.4765348977027837,94.45089979007584,95.524865872714,3112.5,45.009149869399664,252.4507934888332,0.081108688671111,3113.0,0.7833987459100838,78.0,186.0,57306872.0,2.7339967599781008,67.0,2.6611119299255,255.0,35.58734131419292,128.7979441053646,122.0,50.0,205.0,26.946267637340416,135.6793616377591,0.5749015218095183,57306872.0,0.1698105692128251,1819.9787686611871,16.274188258445392,378.26999774909234,23.048127280389515,11.752920296790125,0.2545096753033781,0.957607968417074,0.2531977697605772,0.8218609097655821,0.1904005646916479,0.8736197660435115,0.8735323056739915,0.9968973528023628,0.9746921494379678,-0.6199904213730211,0.9829495678535364,0.2520498524106264,3.6605444408002623,0.1030087880245269,3.7694812962035367,0.9621381686839164,0.1974417841915382,7.321088881600525,3.510548126181213,3.001857493023376,136.76258992805757,0.1639839207770474,2.9068098039553965,17.272182254196643,22.075539568345324,344.8393285371703,3.90477872596103,0.1675014232755896,124.7769784172662,0.1496126839535566,0.2938728637515888,5.519421228985547,0.0462670645954539,5.72279045043205,0.2679087696755541,8.14313297563388,trainval/0487
0488,0488.jpg,trainval,calibration,0,benign,ground_truth,0.6844189517708196,210.3119112740426,214.18916872708573,23605.5,143.94145785909785,604.014285349875,0.0255878623774067,23606.0,0.9017046802127712,44.0,102.0,136451694.0,1.9639417495174905,30.0,2.9961169747146883,175.0,17.935699433056914,72.59586545793442,72.0,9.0,166.0,12.540099931895009,76.02882250877957,0.1826632672349494,136451694.0,0.3011319459066525,510.2221704849909,12.556265984654733,34.6593144222575,0.9651342560407064,3.377384696085336,0.1916879795396419,0.8925838743218777,0.1849531116794543,0.7040981078899651,0.1574803260197292,0.9085073884626312,0.9081969309462916,0.9970639915675372,0.9795211277308464,-0.569829580547886,0.944921545423189,0.1803684758927725,3.429262574595056,0.2123445586581865,2.8031880684242045,0.8935827694644926,0.3426257459505541,6.85852514919011,2.599863027091092,0.8922681689062445,1188.1599909481783,0.2688753091079833,1.099026652637265,13.195066757184884,62.177415704910615,733.7092102285585,7.098946561218589,0.1233145424006518,497.367051369088,0.1125519464514795,0.2643039682738098,3.535034395192084,0.035457729033477,5.744574854310583,0.1871981699567906,33.641172187351,trainval/0488
0508,0508.jpg,trainval,calibration,0,benign,ground_truth,0.578228864127001,320.6639961941512,312.18103722039234,46018.5,185.41717828576904,856.7422074112329,0.0186173431861367,46019.0,0.8876075716901992,42.0,85.0,201043828.0,1.6538368449684144,20.0,8.115221741531467,255.0,13.996428922274584,63.10171885525544,63.0,0.0,255.0,8.680921330585548,66.09624445736293,0.5684384936168507,201043828.0,0.416770258097723,386.886608879779,9.809202775232356,35.54914134880399,1.6551995066509009,2.3662157540427327,0.2374220011345289,0.8176228619650161,0.177902866867391,0.702525648824198,0.2057725710948922,0.9175900818066024,0.916343084816784,0.9981222798372724,0.985511244300218,-0.5299281004553584,0.908761192156747,0.1531539541243036,3.045817515381594,0.3232406574199249,2.424311722742128,0.8762456148633133,0.5316140856133001,6.091635030763189,2.2075059655705074,0.6509094387943155,2161.3869686134285,0.2862385072988251,1.2691297902905454,11.351079327241424,103.67540723083036,964.3414117335452,14.092731933719204,0.1526034692203503,986.9997351344192,0.1307111290073393,0.3403444644336869,4.635393731132859,0.050381684631377,5.747074924936054,0.1640843999217714,66.53339627530103,trainval/0508
0509,0509.jpg,trainval,calibration,0,benign,ground_truth,0.625686415360684,138.01677786571753,140.73023839957068,8961.5,86.35522300243261,392.9604614807119,0.0438498534264031,8962.0,0.8539775060432524,10.0,113.0,59564249.0,2.415615357573662,50.0,2.653533294829437,227.0,29.31431236780892,73.26790894889534,80.0,3.0,224.0,21.957520302872627,81.52491702243182,-0.2919678973495944,59564249.0,0.2099211971934764,1278.1256137707765,13.814915254237288,155.6483987662417,-5.880891027310854,7.851920661368061,0.3161581920903955,0.9225868903171688,0.2571751412429379,0.8972087717384838,0.2500191388170704,0.8799491525423727,0.8772469258889996,0.996921180404016,0.97704837535346,-0.5682195920965438,0.9672528947755112,0.2173352165725047,3.4541242937853105,0.1326769829870088,3.454980438513256,0.9520290069486216,0.2428248587570621,6.908248587570622,3.0957909168151887,2.0420197133646147,454.0211786372008,0.2090336918219156,1.8754436592967925,16.644106813996316,41.82596685082873,435.9838858195212,17.424607378743737,0.1253527984287296,378.8554327808472,0.1744269948346441,0.398632817418292,7.570998458847655,0.0422745333326996,5.494400733760959,0.2423566168266012,24.80084466964446,trainval/0509
0510,0510.jpg,trainval,calibration,0,benign,ground_truth,0.7347181498349153,92.44159470474386,94.72592042308166,4797.5,67.91851742925851,274.0660171779828,0.057126840474827,4798.0,0.8958952524874078,22.0,104.0,23410377.0,2.391720065921,42.0,5.461272722455131,249.0,25.8361011196655,61.216965402250935,57.0,0.0,249.0,17.872948235869444,69.85123386786874,1.1198451330726171,23410377.0,0.2240677606220877,1131.6780198033048,10.623626373626372,279.8079864390857,21.02217451260787,7.236148337000148,0.2967032967032967,0.921224176147108,0.2886728655959424,0.8921554723340331,0.2133712733719235,0.8570019723865877,0.856466610312764,0.9970669306673172,0.9738178488178486,-0.5288645181496874,0.959227917337118,0.2816462383770075,2.9814032121724425,0.1258777087565532,3.514949538756627,0.9514665299209644,0.2136517328825021,5.962806424344886,3.196470163461337,1.8832129084258609,308.69285208775653,0.2184662789014554,2.0132887969311355,11.687898089171975,19.82165605095541,198.26043878273177,4.813563903314203,0.2142251790102951,247.1868365180467,0.1749376054621703,0.3616908498447474,4.480421866979418,0.0677536512655017,5.315228474151178,0.2944977073780742,8.291474023687638,trainval/0510
0517,0517.jpg,trainval,calibration,0,benign,ground_truth,0.5137121851217845,109.57122689671252,111.30588483993108,4564.5,56.28807439558504,295.23759005323666,0.064681255351788,4565.0,0.8112036312915022,53.0,111.0,30745893.0,1.873328833265688,32.0,2.739009548574169,163.0,18.48346385242253,78.9579408543264,75.0,29.0,134.0,13.73941518824583,82.06787055769838,0.5214173853606628,30745893.0,0.3173942888951004,500.7789539198315,7.934531735463825,30.62036516918772,3.0477872746168893,3.303541079221884,0.1307146027518863,0.9238760215565772,0.1307146027518863,0.559394733884736,0.1136282953793029,0.9346426986240568,0.9346426986240568,0.9964671728985977,0.9813264853211592,-0.6513080640523541,0.955126418661519,0.1307146027518863,2.6723257878384383,0.2509145718614761,2.519526610009717,0.9276423262754674,0.4005770084332001,5.344651575676875,2.3888120072578323,0.8585639204934428,180.03703703703704,0.2778349336991312,1.0020195092211552,9.064814814814817,92.25771604938272,659.7577160493827,20.375569701646093,0.2081970164609053,53.51234567901235,0.0825807803688462,0.1470947293631835,1.3000043798449044,0.0384285009843,5.885438214258997,0.1419496166484118,42.62917000076207,trainval/0517
0520,0520.jpg,trainval,calibration,0,benign,ground_truth,0.5453107256016266,76.14160617402894,77.78174593052023,2423.5,41.520834511233005,203.6812408671324,0.0840442504093799,2424.0,0.8567920180429235,30.0,62.0,5206128.0,1.1117327045473842,18.0,3.195616873191188,93.0,10.288049782701044,44.551980198019805,42.0,16.0,77.0,7.428172082131154,46.34374363662722,0.6867500926237807,5206128.0,0.5386144740711695,162.8636346926772,5.52414951700966,3.630281024463877,0.8794821088281961,1.047254435003698,0.0697186056278874,0.8751651058856963,0.0697186056278874,0.3648726638052085,0.0648579216571905,0.9651406971860564,0.9651406971860564,0.9958989055513008,0.9860562788744224,-0.6499450374576671,0.8720877130627966,0.0697186056278874,2.2977740445191097,0.4877035596625321,1.4845174764713405,0.8859946565533906,0.6480470390592188,4.5955480890382185,1.4147988708434542,0.2792432601578963,80.26315789473684,0.3840342483001763,0.5177995009271765,6.708133971291866,307.27272727272725,1473.6602870813397,70.7014221158958,0.2316919191919192,13.066985645933014,0.0625214624207321,0.1481200558644939,1.1683849944309652,0.0335366772234502,5.725316338308215,0.0862211221122112,172.75712552368304,trainval/0520
0521,0521.jpg,trainval,calibration,0,benign,ground_truth,0.5134074383598235,81.14006119138759,82.15229759416349,2593.5,41.65791096462964,218.02438661764,0.0840656975583728,2594.0,0.8280241143823336,38.0,73.0,7789339.0,1.342233483713333,19.0,3.105472043418159,102.0,10.747308152554169,53.17617579028527,51.0,26.0,76.0,7.8955713004155905,54.79807680274807,0.7574603744720857,7789339.0,0.4253237855700451,175.12354960055498,2.9564705882352937,5.60979935093682,1.0260520435729847,1.506269281045752,0.0917647058823529,0.8851529984556185,0.0917647058823529,0.4423329065048123,0.0833439446366782,0.9541176470588236,0.9541176470588236,0.9946020761245676,0.9816470588235297,-0.6411919458385875,0.9042332458095674,0.0917647058823529,1.6133333333333335,0.3604049211841599,1.803177314428519,0.8891300552371171,0.4325490196078431,3.226666666666667,1.7114126085461672,0.3995084967320261,105.36690647482014,0.3790176491900005,0.5121888101029968,3.8776978417266186,175.62589928057554,448.1834532374101,113.7177757793765,0.4846622701838529,18.1294964028777,0.0652140158376895,0.1791363718988428,0.8543900605182619,0.0673409770735908,5.641218952669746,0.1071703932151117,88.55954660731845,trainval/0521
0524,0524.jpg,trainval,calibration,0,benign,ground_truth,0.4599354307292491,229.8717633894153,233.36237914453991,14771.5,105.72616850700275,700.2152954766515,0.0474031273382291,14772.0,0.6152981908904609,45.0,85.0,66061825.0,1.5137238569188942,19.0,3.524714408508024,139.0,12.409634303127918,64.92763336041159,65.0,14.0,125.0,8.507279482418625,66.87374334832631,0.1809702862649488,66061825.0,0.4295566828263657,256.4999756337855,10.06920344309332,11.715802675427131,0.4375577344638749,1.8094747510540907,0.1035660609372865,0.8917262399337106,0.1035660609372865,0.4801988724694788,0.0928401319592207,0.9482169695313568,0.9482169695313568,0.9972009172719652,0.9852048484375304,-0.6403983654307877,0.9246756495357704,0.1035660609372865,3.105273944527941,0.3612665554567419,2.050016947741866,0.8931858447093978,0.552056291843148,6.210547889055882,1.9464508868045816,0.4782602029978442,540.3309090909091,0.3274732782369146,0.7326446280991735,11.030909090909091,171.1818181818182,1590.3927272727274,21.50992525252525,0.130910606060606,105.28848484848484,0.0638112029384756,0.1523378161262729,1.7694455209973508,0.0226008316270508,6.13795583718477,0.111697806661251,91.03049256198346,trainval/0524
0540,0540.jpg,trainval,calibration,0,benign,ground_truth,0.7994530460543626,27.814969419661896,28.46049894151541,480.5,22.236762028457647,85.59797974644667,0.1781435582652376,481.0,0.9077956833062606,6.0,92.0,1441197.0,1.8819023309742784,28.0,8.735401311434904,254.0,28.558270408582253,34.7047817047817,19.0,1.0,253.0,14.227912193558724,54.73802662913196,2.376359148208965,1441197.0,0.4006336417978829,1791.8296860750086,5.9082969432314405,929.8952197638736,77.73848839398552,10.0552811731279,1.0218340611353711,0.8155053839334128,0.5065502183406113,1.3750223746876244,0.76524093743445,0.8128457059679766,0.7964038016953505,0.9920341888023568,0.9608542476446406,-0.3605350091029137,0.8550011510600651,0.2292879670063076,1.910480349344978,0.3086063385518964,2.985637762323071,0.8275228375382416,0.5349344978165939,3.820960698689957,2.439577375067419,2.7692788085658173,33.97674418604651,0.1975392103839913,4.567874526771227,14.27906976744186,23.1453488372093,45.41860465116279,21.315602984947137,0.325791803853253,66.75581395348837,0.3881151974040022,0.6470859552781498,12.258986795071433,0.1307732178774551,4.401024528952522,0.3575883575883576,15.324871552190372,trainval/0540
0546,0546.jpg,trainval,calibration,0,benign,ground_truth,0.8396738147719945,174.02081326973058,182.0164827701052,19808.5,146.12072012791958,538.2985565973371,0.0271751296967128,19809.0,0.926845854101497,44.0,113.0,132045912.0,2.17332953969469,38.0,4.037034188998936,228.0,21.76776936488378,76.92089454288455,74.0,10.0,218.0,15.55579872400881,81.64530283356287,0.6954705688563825,132045912.0,0.2559673744882539,749.1314575066234,14.084202493004325,88.21452856081339,6.405464812000009,4.849551776540127,0.2575426100228949,0.8991431955123055,0.1881455100483337,0.7324039952496539,0.2221438770715472,0.9139888069193588,0.912314161364994,0.9975495944298124,0.9833649179617128,-0.6104487167789967,0.9640111544725284,0.1566594448684247,3.59669295344696,0.1850206885358544,3.015565196852976,0.9149010631535468,0.3001271940981938,7.19338590689392,2.7623425206972114,1.2767735966407554,793.3399416909621,0.2312944436416799,1.725357716597676,15.6667638483965,74.58513119533528,988.8857142857142,8.438021947884002,0.1096760711384218,401.732944606414,0.1171233074654268,0.3122355553871862,5.672410280528667,0.0348994455029671,6.045251533942171,0.1731536170427583,41.23198063731948,trainval/0546
0550,0550.jpg,trainval,calibration,0,benign,ground_truth,0.5690071790361222,172.147251027075,167.7647161950331,12304.5,97.95302168573916,479.2031021678312,0.0389453535022009,12305.0,0.8205731389970456,9.0,89.0,37071078.0,2.181524563016469,40.0,5.1230853096452,215.0,25.28529892325974,43.66533929297034,36.0,0.0,215.0,16.670407870856817,54.88792319034792,1.3507904225454466,37071078.0,0.2644704773582061,1106.022256579313,6.881184869122836,249.50365902915385,25.486507081697635,6.94026279531215,0.1420365963731845,0.9598896944289204,0.1417083777796012,0.5901059462388771,0.1219553320402583,0.92920051420913,0.9291786329695576,0.9982681289268064,0.985832146027436,-0.6869451532454852,0.9745601743996174,0.1414211865102158,2.276319028472963,0.207851961941321,2.858648966394393,0.9660460114292472,0.3004020677771395,4.552638056945926,2.715473689524533,1.770574847921334,398.761258817146,0.2163653059235735,2.200301532480984,9.987520347259904,103.10526315789474,449.6169289202388,60.96880487001678,0.3022160684022006,182.194791101465,0.0988577271304747,0.2253048046506254,2.6149972996173827,0.0583186821426876,6.223651819840834,0.1497765136123527,58.52808576923903,trainval/0550
0559,0559.jpg,trainval,calibration,0,benign,ground_truth,0.488814380262624,298.75728388035367,296.2836478781777,33189.5,146.0368565689199,779.7056274847727,0.0234925391308929,33190.0,0.8282751240264205,9.0,77.0,86879160.0,2.0057450997598485,34.0,4.506104072034931,225.0,20.49303040252961,43.87026212714673,43.0,0.0,225.0,14.248563069269505,51.162785417039295,0.6569708111312659,86879160.0,0.2823997851805245,693.0307125254444,6.273811325323083,68.59809336021824,6.326096214629273,4.046497904964361,0.2530492418510335,0.8822902816458409,0.1863442389758179,0.7260246245978167,0.2183250664515568,0.9144956266456824,0.9129498233443952,0.9975919052734564,0.9835090456591016,-0.5919196072476092,0.952163847934933,0.1567274581412319,2.307693471747223,0.2054396807894218,2.8201533712314144,0.9020914118939012,0.3249901637359644,4.615386943494446,2.584177967577865,1.0748867867038483,1436.744408945687,0.25501320712561,1.5434953346920397,8.365104721334752,86.62761803336883,444.0328363507277,39.29389259992444,0.2980389332891678,734.0901668441604,0.1302964442392901,0.3413721331436562,3.793509607781045,0.09046231556978,5.878727859519597,0.1697499246761072,51.923515362443325,trainval/0559
0562,0562.jpg,trainval,calibration,0,benign,ground_truth,0.7930281978127874,191.74193925945212,199.6246477767713,21762.5,152.05676453605233,601.948268171892,0.0276598859585016,21763.0,0.8687606763766808,41.0,115.0,150571550.0,2.262820881615544,40.0,2.7193753505378244,184.0,22.982080096676004,78.17901943665855,78.0,0.0,184.0,16.589808400905838,83.17869062060578,0.1104968316530657,150571550.0,0.2376602583365349,806.7354932810172,14.525500741839762,71.27952206491506,1.124598994746684,5.109676776549389,0.3082344213649851,0.8862165103467772,0.3029488130563798,0.903506222982875,0.2164564380327158,0.849406528189911,0.8490541543026706,0.9952651070129032,0.96639774975272,-0.4877790395520398,0.9432028041075784,0.2983239057863501,3.650361646884273,0.1301577681695021,3.41633203960314,0.8871081297452027,0.2292284866468842,7.300723293768547,3.0922038798299005,1.3544777994785933,1509.326139088729,0.2262179465061044,1.5066054171051646,15.20503597122302,17.983663069544363,248.30590527577937,2.1270529165528123,0.1223556352621984,1189.9541366906474,0.1783504401514759,0.3633468107559,5.719817285953021,0.0448577519589432,5.199274465747502,0.3065753802325047,7.344059442194446,trainval/0562
0563,0563.jpg,trainval,calibration,0,benign,ground_truth,0.4395847956967545,429.566990779277,413.67257583746107,61168.5,188.83111787977816,1133.109739779374,0.0185243996465398,61169.0,0.7737432525282167,22.0,101.0,278389813.0,2.2993589899539155,42.0,3.033534073949982,229.0,23.99478118692355,60.56206575226013,59.0,5.0,224.0,17.32519151407507,67.46227448706503,0.4602661829398914,278389813.0,0.2285987521951836,883.3946707870251,10.098992352381265,104.22518479168218,5.783406027511487,5.871976092762985,0.1353923917681425,0.9549245590255446,0.1352939245741293,0.5722817418707716,0.1170879457414723,0.9323694489119376,0.9323628844323366,0.9986595375151636,0.9877012982750338,-0.7047084449577233,0.9802338904171898,0.1352077657793678,2.943611120228444,0.1750326675885846,2.9781712583757693,0.9557368008030456,0.2655988446515902,5.887222240456888,2.842279035023735,1.501842121132782,1881.291882963662,0.2219551537238865,1.6172591027359595,12.336007550731477,115.2096507786692,838.4463190184049,43.9496781209436,0.1755009342661347,683.3452100047192,0.0806211904205662,0.1687684588770426,2.3338693690426746,0.0297384799018056,6.422222544387823,0.1385669211528715,63.128464811729465,trainval/0563
0564,0564.jpg,trainval,calibration,0,benign,ground_truth,0.9248172112033132,153.60861472999176,164.93938280471406,16814.5,142.05989069139514,508.23253941935405,0.030225849083788,16815.0,0.9044497511897848,62.0,141.0,191298948.0,2.4261272182332445,42.0,3.6772358585292,248.0,25.15641194793634,101.6675587273268,101.0,8.0,240.0,17.26785500513968,106.66154128334377,0.2893101339777692,191298948.0,0.2211177292834186,1040.391891364006,22.54756477927064,152.11315752635406,4.280001542760055,6.5304149745018245,0.3935940499040307,0.88631035906606,0.3327735124760076,1.0188455434963066,0.2828558392984111,0.8425923704414587,0.8396444902337135,0.9961535051063728,0.970191786380606,-0.4800754966503386,0.9500551490761902,0.290131324642781,4.584033109404991,0.1211244509482493,3.6867858013270496,0.8962688832775292,0.2210892514395393,9.16806621880998,3.242633152348524,1.731002256101464,1054.9072243346009,0.2005527042461218,2.0415249606037387,25.19847908745248,19.2416349809886,394.840114068441,1.3668682385625002,0.0636642737453381,1066.4296577946768,0.2027432809495583,0.4307200096490052,11.909940622095531,0.026206381394872,5.335782962109568,0.3128159381504609,9.022308946204223,trainval/0564
0569,0569.jpg,trainval,calibration,0,benign,ground_truth,0.5491653314518409,115.902520747116,111.8257573191436,5337.5,63.64964622219381,328.6934341759524,0.061581908042333,5338.0,0.78792131112322,0.0,85.0,11949116.0,1.8098200073330992,58.0,2.9383827388690644,168.0,31.713549164526,29.83551892094417,7.0,0.0,168.0,24.5325069763255,47.31279490801873,1.0089921163004405,11949116.0,0.3940930666558481,1348.342372726225,5.363480578827113,163.14394024741478,21.81200216377865,6.789920055117001,0.1098629093678598,0.9681546767678476,0.1098629093678598,0.4995023129149763,0.0977930505130892,0.94506854531607,0.94506854531607,0.9978027418126428,0.9862671363290176,-0.7249027743251865,0.962341276736168,0.1098629093678598,1.9218392993145468,0.3691284653320332,2.2911314218114662,0.9728667059167156,0.5847296268088348,3.843678598629094,2.181268512443608,1.724945741121215,143.81146304675715,0.2169102006738418,1.6437737875054883,10.990950226244344,344.3107088989442,547.9758672699849,327.5399621130504,0.2287361354798329,84.052790346908,0.1267764560285188,0.2508448953178588,3.211150915688989,0.0392355875912052,5.6507567137813535,0.1242038216560509,279.48756622964777,trainval/0569
0574,0574.jpg,trainval,calibration,0,benign,ground_truth,0.7115226057924121,231.4323071869333,227.437903613272,29116.5,164.66931827419685,685.168614282426,0.0235319703358036,29117.0,0.8828299444349653,46.0,125.0,235631615.0,2.323120339526884,43.0,2.5841431474748795,189.0,24.33712496443249,84.88041350413847,83.0,0.0,189.0,17.913965850007717,89.95876129690136,0.1412628613138094,235631615.0,0.2250183002839011,887.8941374393452,16.78291384317522,84.67991734828087,1.8786556772294425,5.723249481839407,0.1818558982160144,0.9384072301807737,0.1818558982160144,0.6841202704961185,0.148784330500061,0.9090720508919928,0.9090720508919928,0.9972022169505228,0.9797937890871096,-0.6369387224678147,0.9735085912272338,0.1818558982160144,3.923973171069008,0.1562049849389032,3.157729107174272,0.9396899112969148,0.2427395934172313,7.847946342138016,2.975873208958259,1.4762763450138552,1173.5670273244086,0.2152149325737041,1.6407095709332329,16.81111314872547,50.737392261140656,842.6330460297085,4.751025246717673,0.1058840954011043,574.8852008068953,0.1054254907036301,0.1970180548241616,3.2442130218466936,0.0240797213457054,6.036074603120206,0.1872789092282858,22.2257484048624,trainval/0574
0577,0577.jpg,trainval,calibration,0,benign,ground_truth,0.5953077451154503,94.66864597761813,96.17692030835671,4185.5,56.356978170068686,255.96551211459453,0.0611553009472212,4186.0,0.895977597986327,0.0,55.0,8273430.0,1.4440932161820912,27.5,16.566174759397068,254.0,22.345317097991646,23.905876731963687,12.0,0.0,254.0,11.548676343321912,44.45731054149469,3.4236956008384527,8273430.0,0.5250597571273116,1404.961518259052,4.138047953499637,916.3525422961046,68.41463845077338,7.122460845999396,0.933397917171228,0.7682685497321551,0.3114555582465488,0.9439479676649544,0.8363933524085585,0.8995035117461856,0.8924328453124771,0.9934227452177298,0.9773048550667046,-0.4303732264191627,0.8413820609658771,0.1276489972755066,1.6095906999273435,0.4505271417234957,2.244334748572615,0.816789282539613,0.6553644950351175,3.219181399854687,1.8871762780350885,2.0139646907926565,163.91989664082686,0.2117828121974507,5.647151613484768,14.717054263565892,125.97674418604652,173.58010335917314,120.06082547703453,0.3792213462564502,214.27390180878552,0.2768396664196195,0.5447424926450855,11.273221332461365,0.1364168587372814,5.223150890824776,0.1849020544672718,96.72737348850563,trainval/0577
0580,0580.jpg,trainval,calibration,0,benign,ground_truth,0.9037061843602888,244.79150788397652,255.7205506016284,42268.5,221.21959955363,782.7005768508901,0.0185173492518279,42269.0,0.9311458160385372,0.0,81.0,94965197.0,1.870901115040679,55.0,4.73828722006149,243.0,30.047310953641496,30.488750621022497,14.0,0.0,243.0,22.74685022223804,47.399226007738,1.301064948123816,94965197.0,0.3748046585574477,1317.122711701727,5.35428258905217,266.1158186550907,27.49457241399608,6.74862639946567,0.1699481618870975,0.9508719143285872,0.1217720074190326,0.5454902589536017,0.1551197400962366,0.9444964184370664,0.9434473760999322,0.998392973405409,0.9892507521805568,-0.7033836199457462,0.96326921981389,0.1012432163937371,1.9260355733105057,0.3398758503768204,2.423635153657901,0.9596327481312978,0.5513863128358777,3.852071146621011,2.259807345276943,1.7296436403381923,949.4790040092846,0.2003542950009041,2.295516174305054,11.23106140535978,565.8381515087572,917.3063937539564,531.26844718526,0.2704316034929598,630.6910740662587,0.133085265681844,0.3404709927407445,4.5363087553212775,0.0738728871215042,6.195765207663087,0.1121152617757694,486.28259292039616,trainval/0580
0606,0606.jpg,trainval,calibration,0,benign,ground_truth,0.7474029779308459,410.3407067546484,429.959300399468,97729.5,306.6898661946722,1208.0975464705557,0.0123616466519378,97730.0,0.9173092399349212,23.0,76.0,366282978.0,1.9502039833485765,36.0,3.652320477249084,182.0,19.1644550793444,56.55982809782053,62.0,0.0,182.0,14.487664395005346,61.22015415813497,0.2020158936063663,366282978.0,0.3150147574331053,548.8931206908015,8.384442482962475,52.92654993559957,1.814940645231887,3.7192643803608254,0.0825190902372937,0.9565892740207468,0.0825190902372937,0.4109937526682099,0.075709689983703,0.9587404548813532,0.9587404548813532,0.9987304755348108,0.9908312121958562,-0.7704269621413642,0.9748583158254952,0.0825190902372937,2.7340914689219145,0.2745183774160746,2.396124348436947,0.9737756047550052,0.4398965432301502,5.46818293784383,2.313605258199656,0.9504458676495297,2221.8364116094986,0.2664711455516309,1.2564173417647453,11.416286879347563,1033.550251858959,6345.757495802351,299.8210188724587,0.1806303187901849,682.893019908851,0.0819012976623712,0.1971248439571759,2.441255062236315,0.0353555497790218,6.47436406269378,0.0853166888365906,896.167561795042,trainval/0606
0625,0625.jpg,trainval,calibration,0,benign,ground_truth,0.9107474780335952,234.8666559369607,244.69572942738492,38945.5,213.9042145687711,757.3107499061572,0.0194453980538485,38946.0,0.9237606371231546,10.0,64.0,58571707.0,1.6837693716796789,32.0,6.174471609180452,183.0,19.79393445813596,29.524495455245724,19.0,0.0,183.0,14.613213307757327,38.78042022941513,1.615388973852148,58571707.0,0.384494181662148,632.2251612832047,3.991813650801849,92.61790008654242,12.04652078270427,3.923669557673639,0.1029620638896779,0.9488594569524073,0.0810629341734886,0.4119991319366625,0.0963908645928626,0.962550250066713,0.9616584458848746,0.998461669496628,0.9912225579400128,-0.7527523660072941,0.9593437153171248,0.0672669415535412,1.742594840275805,0.3533675638025742,2.095992665017865,0.9568204617965016,0.5324484156702735,3.4851896805516094,1.9808665123393017,1.006657905390829,698.4851288830139,0.2308278681041024,1.826875167364227,8.604758757435558,986.9881031064112,1848.1794448116325,854.5240008896817,0.3359717360727062,356.5512227362855,0.1178292209967896,0.3283650010004479,3.521643796599787,0.0915141796164889,6.3713622245231925,0.0776973245005905,821.3394642335277,trainval/0625
0627,0627.jpg,trainval,calibration,0,benign,ground_truth,0.5655256665847413,344.777699819992,342.83815423607683,51410.5,194.98063851425485,934.6660889654848,0.0181804512495596,51411.0,0.8599522947013402,14.0,69.0,83571272.0,1.572231091712654,22.0,7.7641542880107,246.0,19.918652681868902,29.75592771974869,15.0,0.0,246.0,11.367731627505858,40.3181392503345,2.143874512638543,83571272.0,0.473308293354771,740.1371181464555,3.923792039373462,162.82028914017835,21.71607876472009,4.969912464541478,0.1813015116597008,0.929608238952091,0.1145463067848912,0.5198596126271509,0.1681806552616424,0.950697889405362,0.9489485881578792,0.9982952556391296,0.9900421473504558,-0.6799830389993854,0.938646236375782,0.0827543249178634,1.6512538572712003,0.4397006401253127,2.066566099652452,0.9460596477610108,0.6433147142689739,3.302507714542401,1.8982853535762725,1.2878034940502945,1057.1623141824025,0.2123668770957016,2.2798149140266992,10.122740056247489,821.1484531940538,1107.877661711531,787.7681606911492,0.3076085324369023,753.0421856167136,0.1512740429121561,0.3848257546495192,5.063731241666597,0.0830858172307921,6.114964582858951,0.0968275271828986,714.4882716980022,trainval/0627
0639,0639.jpg,trainval,calibration,0,benign,ground_truth,0.6663172256827643,298.3031157044647,298.1710918248112,45391.5,198.7645044687236,846.0386719675153,0.0186387026638801,45392.0,0.8926927022876829,7.0,72.0,80440829.0,1.7820957893380425,31.0,6.550463800699624,188.0,20.74040368523119,31.30774145223828,24.0,0.0,188.0,13.358787564264896,42.09675400902759,1.7660510179346671,80440829.0,0.3689461482221249,791.9620232563819,4.483093604779818,163.25363346398072,19.92916098652609,4.929719220966712,0.0806373091391901,0.9678117480643696,0.0799291878734233,0.4039560005065612,0.0742486340650851,0.9601534262742494,0.960106218189865,0.9987603872638304,0.9911268471392392,-0.7556725597372134,0.9652702095851554,0.0793095817658774,1.808541712768312,0.3318319342182922,2.2102373825867843,0.971620306122394,0.4967691967249391,3.617083425536623,2.1270628817543416,1.2525891325264755,905.9410215903108,0.2385310746683282,1.8213552156410584,8.186413902053712,1011.6261190100053,2008.066614007372,823.0728267040536,0.3579445154180682,331.6519220642444,0.0873227809542507,0.2257999665238853,2.108896177789483,0.0685653433089362,6.505816270981662,0.0836711314769122,868.7864891613085,trainval/0639
0641,0641.jpg,trainval,calibration,0,benign,ground_truth,0.8015890235185196,134.57785050008798,134.97036711811967,11347.5,107.87612776958684,403.9066376115492,0.0355943280556553,11348.0,0.9349191111417456,12.0,78.0,31090554.0,2.0317006191901386,36.0,3.678481802992607,175.0,20.69743674310303,45.498590059922456,45.0,0.0,175.0,14.900617539986229,52.34251266760247,0.535700149622415,31090554.0,0.2726705517465279,669.6169349172507,6.607435076485236,64.65416862761059,5.552430748850175,4.169641398373848,0.2002845962290999,0.908335016896643,0.1999288509427249,0.7234886823047116,0.1603130507898215,0.9000948654097,0.9000711490572749,0.9969191814317055,0.9777896359539902,-0.5722737626766351,0.9498843424350142,0.1996175738171468,2.369619352543579,0.1826753627469256,2.901053845538917,0.9319333034604488,0.2781928139452152,4.739238705087159,2.6991674059731774,1.092481498650737,623.7727659574468,0.2654352195563603,1.1538232684472614,7.416595744680851,42.22212765957447,243.7872340425532,17.652816348844503,0.3100011971100497,283.5268085106383,0.1206497057492077,0.2234118029986747,1.7814572518428735,0.065055767080912,5.53535535486809,0.2070849488896722,18.90350312358533,trainval/0641
0646,0646.jpg,trainval,calibration,0,benign,ground_truth,0.6727819463483653,116.22508634535748,121.7579566188592,7066.5,78.19413980593642,329.01933598375734,0.0465604381212421,7067.0,0.9057027619042194,61.0,115.0,56888063.0,1.871888814525258,25.0,9.813737754394236,254.0,17.223327415660044,86.36719966039338,83.0,25.0,229.0,11.05878235944462,89.72077733696234,1.7707399504580936,56888063.0,0.3408578815525193,590.5247087705219,9.626557799742155,111.60336017804364,10.32143142308382,3.557748258974813,0.4063887695172611,0.7949673451768398,0.2725970491333619,0.9333384462694324,0.3320796183210446,0.8795802893568259,0.8760516100261798,0.9961628141529074,0.9761280117962544,-0.444481996981248,0.8998151522251662,0.2089683108118862,2.972998137802607,0.2306858296551791,2.90290266286826,0.8206488670078155,0.3973642744592465,5.945996275605213,2.537208105394722,0.9910342571230184,423.1442933175636,0.2502331716839524,1.857871410930865,12.394441159077468,36.29627439384979,308.73151981076285,5.622875319932165,0.1621295581114369,278.95623891188643,0.1649652506871002,0.3908827121819253,6.295415946032885,0.0644877847702121,5.396022223381143,0.2392811659827366,18.830696199764915,trainval/0646
0653,0653.jpg,trainval,calibration,0,benign,ground_truth,0.889813886338747,63.64782644919531,66.21933252457322,2787.5,56.63471980977257,204.16652224137096,0.0732435954229133,2788.0,0.9167012824842918,29.0,133.0,19965089.0,2.612522735643556,57.0,3.0658801495855834,229.0,32.36478816777787,74.60007173601147,67.0,2.0,227.0,23.405941905990808,84.62316035396387,0.7532854407384519,19965089.0,0.1908342579079432,1595.9085652746244,14.6992673992674,285.95336602934435,22.289000913526944,9.827235706906034,0.467032967032967,0.9092634976168228,0.3754578754578754,1.0789510510498177,0.3260643507896255,0.8242857142857143,0.8210526577494903,0.9954796583899828,0.9665105956314748,-0.4822317448725408,0.9586110892348414,0.3233764753764753,3.515567765567765,0.0998287914771431,3.9539111063148353,0.914264343778964,0.2018315018315018,7.031135531135531,3.4599551025868203,2.5735671684847503,170.34475806451613,0.1717185061134235,2.824010430215921,16.954637096774192,15.0,187.15725806451613,2.6156960801046822,0.1579702466037191,236.3790322580645,0.2382853147762747,0.4766593106357975,8.793476820227891,0.071563865223917,5.221423447507356,0.3558106169296987,7.101180411030177,trainval/0653
0655,0655.jpg,trainval,calibration,0,benign,ground_truth,0.6827857587774394,340.5357955937144,364.5065157167976,61290.5,232.51299158533328,993.896536343784,0.0162161597040941,61291.0,0.8829992547493873,48.0,139.0,436130108.0,2.0400423580739258,29.0,4.930756435871463,255.0,27.846274796500563,76.00287154720921,61.0,24.0,231.0,16.81949815449222,84.35477685193047,1.6421476355448963,436130108.0,0.3638385894069563,1339.291894317399,14.954774774774776,357.3878912821937,39.316724293573415,8.488147991636936,0.1770024570024569,0.959146131841196,0.1718591318591318,0.6737854516467549,0.1474668957990825,0.9148621348621346,0.9145847665847664,0.9985517548822466,0.9857106557106556,-0.6320861140786789,0.9610050797851396,0.1679775229775229,3.5884520884520885,0.2916798471466776,2.781839573885148,0.9769370590507754,0.5167403767403768,7.176904176904178,2.594721193410749,2.166287612159848,2146.5711858006043,0.2026596663331386,3.200462875347409,18.334120090634443,94.52029833836858,1092.868296827795,10.263380148907483,0.1124198115335823,1210.9095543806648,0.114323031946815,0.2601323182422966,5.601065665684641,0.0285087393704191,6.131941052734827,0.1728149320454879,61.03628778110768,trainval/0655
0656,0656.jpg,trainval,calibration,0,benign,ground_truth,0.9241377660292106,74.81920311596151,78.2368199762746,4045.5,69.14325122367043,238.6518036156096,0.0589919178384895,4046.0,0.944770477547209,42.0,135.0,36809631.0,2.5640508345478974,49.0,2.9269446895168563,251.0,28.657858991347403,88.46292634700939,87.0,13.0,238.0,20.61436143850923,95.38230046873922,0.3675253967820614,36809631.0,0.1935592881565408,1272.0939048324396,18.399144869215288,190.0824720697881,7.198511505770973,8.07187484818367,0.4092052313883299,0.9035016230128604,0.3543762575452717,1.029995843060534,0.2836226994765373,0.8304535546613011,0.8281527399692272,0.9966831555046723,0.9708021941170836,-0.4966811327391197,0.959984402352138,0.3195352671585066,4.05998490945674,0.1003393664299681,3.852343339764607,0.9131546929347292,0.193158953722334,8.119969818913482,3.4105299602477968,2.120270019893,256.3754486719311,0.184045548221056,2.332960052029195,21.408470926058865,15.061019382627425,232.16152189519025,1.892016844046908,0.089822873234526,296.6482412060301,0.2129563827753267,0.4338389265913467,10.78681739130078,0.0336187741785686,5.203263709711589,0.3442906574394463,6.62476777281959,trainval/0656
0658,0658.jpg,trainval,calibration,0,benign,ground_truth,0.5400162381610041,205.50983143880543,215.4553317975677,17698.5,110.97864607868576,565.4873734152935,0.0319511469003188,17699.0,0.83396965761641,61.0,161.0,225936787.0,2.5334724231652093,65.0,2.2805198981536696,243.0,33.62313490808073,106.04503079270016,104.0,39.0,204.0,26.90593288203401,112.98456284521514,0.4481400838146913,225936787.0,0.1951080584447664,1519.9628854996452,16.506257110352674,224.76886457102128,13.489146933646923,9.923264345925212,0.1610352673492605,0.968062181108288,0.1602389078498293,0.637945981810358,0.1353587597603544,0.920013272658324,0.9199601820250284,0.9980368408080788,0.98398334884683,-0.6994704448723162,0.9853710876360092,0.159542093287827,3.75042662116041,0.1475198151534801,3.28999498100234,0.971278811365574,0.2699089874857793,7.50085324232082,3.1258574746413963,2.5210749033186177,509.102424035507,0.1738144158537067,2.483256578445073,19.673608740184363,98.51041311027656,1262.1181290542847,15.145511117990562,0.1085657304441445,347.4882212359167,0.1186371530337715,0.2507326614422929,5.288126597309407,0.0256400983409391,6.287681704465305,0.1654895756822419,61.99647163360101,trainval/0658
0683,0683.jpg,trainval,calibration,0,benign,ground_truth,0.6320048293382546,368.752746543933,367.119871431662,66029.5,233.0535166475111,1029.1858582251286,0.0155867583159819,66030.0,0.8850751070468434,0.0,93.0,179107230.0,2.06935968422732,58.0,2.9493338051119853,246.0,30.298034532373897,37.413478721793126,28.0,0.0,246.0,23.97290586315141,52.08179095096193,0.8660083600360178,179107230.0,0.3001659280935295,1312.7445585936332,6.300923955990517,168.37074294195452,20.15659862776057,7.205228911229909,0.1600054707920491,0.9565511530270884,0.1356300528843231,0.5873745753711719,0.1416099595466448,0.9349058784963138,0.9343078432222488,0.9984579696517824,0.9878307850821814,-0.6896917678871864,0.970749147486408,0.1247941381028329,2.1306379551395054,0.2531599963339607,2.710541633874312,0.9598253282362292,0.4484377849370859,4.26127591027901,2.545229157878645,1.8413085955054893,1829.4024446494464,0.2109550789494288,1.9626494396862788,9.64229704797048,254.91466789667896,655.3015452029521,221.13640472176365,0.3077844038640039,867.8348708487085,0.1000732092768344,0.2408464504515853,2.749010669224665,0.0593367086567061,6.288411406255443,0.131334242011207,196.9392275240499,trainval/0683
0685,0685.jpg,trainval,calibration,0,benign,ground_truth,0.397182917873364,231.90572632371948,223.617977810372,15613.5,92.1089930527967,580.5584412271588,0.037183107005294,15614.0,0.7629729162505352,3.0,96.0,41911923.0,1.9360500664128684,56.0,2.890792339487008,205.0,31.2446043018512,36.25317023184322,19.0,0.0,205.0,23.68572964793364,51.80977500396346,1.0122471633597236,41911923.0,0.3586359858182995,1369.9604341023137,6.131392045454545,193.13570966101736,25.45325547845126,7.989446491632018,0.1434659090909091,0.9647196718660942,0.1188016528925619,0.5309314034799689,0.1293520763609043,0.9432087207300276,0.942795648535956,0.998310756670748,0.9883119624435482,-0.7166675151285102,0.9678427105496136,0.1095169378443526,2.042032541322314,0.3258223475332542,2.471317826539461,0.9727161990764952,0.5431301652892562,4.084065082644628,2.34175411081806,2.0332281001807315,363.2363050483351,0.1950785741398147,2.153650487273885,11.28625134264232,405.10418904403866,758.7835660580022,378.6036689424944,0.2642515000788874,206.6487647690655,0.1109821507889718,0.2562879480401939,3.4604642437801245,0.0508301909557117,6.131989265888548,0.1192519533751761,334.78578639325025,trainval/0685
0686,0686.jpg,trainval,calibration,0,benign,ground_truth,0.332115616412543,372.577612933638,335.43553777141744,33253.5,123.73884358096905,891.5290039756363,0.0268100802614953,33254.0,0.7250836906991466,20.0,112.0,176794042.0,2.513468896315741,49.0,4.099340055234756,255.0,29.10431404357093,62.73422746135803,58.0,0.0,255.0,20.25014719832512,72.91415822209555,0.9005142146387098,176794042.0,0.2025255767594982,1380.8911740633755,11.34033676955168,312.3571592178797,23.448922323241646,8.722307113673654,0.2486169473079597,0.9445727228058254,0.2275764079929864,0.7971266951046095,0.1968259258329694,0.8887587291030563,0.8881886349407062,0.9979814355618836,0.981158222124923,-0.6116766303965333,0.9765981378339152,0.2173402393596474,3.0367604824813323,0.1293622345814383,3.4880346336330144,0.9493234563111168,0.2125517700051392,6.073520964962665,3.232436682449741,2.242731015245404,1492.317014446228,0.1996143679034547,2.339082048465559,12.835607276618513,35.61824505082932,357.10139111824503,10.872832718487786,0.2113962475892585,958.3413590155164,0.1281890528378165,0.2669132794663307,3.955860672909072,0.0479178796642308,5.912457458506376,0.2248150598424249,15.832646204970228,trainval/0686
0687,0687.jpg,trainval,calibration,0,benign,ground_truth,0.471595520625273,268.5608115265316,276.70381276737044,23475.5,126.65207573140049,799.7716446627556,0.0340683540143023,23476.0,0.6791197411464811,9.0,91.0,72410499.0,2.206203895191682,42.0,4.098973029895676,228.0,25.253827689323327,45.39133583233941,39.0,0.0,228.0,17.736248117493087,55.53780608056669,1.0043097018397156,72410499.0,0.2498828863073103,1024.0745355984106,7.029373872713218,170.48112847482426,17.30520825624553,6.357880829096613,0.1884394056514644,0.942428906960212,0.183457871682556,0.6978254142179476,0.1547826149691712,0.9089810758968192,0.9087631548367864,0.998138763587358,0.983357991603289,-0.6267398958347852,0.9678158086970652,0.1801920204796396,2.342437516104097,0.1782724059685429,3.0230348507343865,0.9497448106552028,0.2668126771450657,4.684875032208195,2.82795651614365,1.6365800586870192,1017.7537938844848,0.2305218106193623,1.7384059541689056,8.906002265005663,60.15673839184598,306.90509626274064,34.46794982183554,0.3054341130668114,494.7377123442809,0.1120583719919096,0.2361322437187048,2.4599925481963782,0.0584944322125411,5.889610617067618,0.1880644062020787,31.882768847578973,trainval/0687
0696,0696.jpg,trainval,calibration,0,benign,ground_truth,0.9109659031077072,22.43739147606824,24.35159132377184,357.5,20.43969858937768,71.35533905932735,0.1995953540121045,358.0,0.9393262972620978,56.0,131.0,3193725.0,2.232575615085522,37.5,4.8241079078279805,218.0,23.67424549795574,89.3268156424581,85.0,37.0,181.0,16.35894097222222,94.45114902992248,1.133735062143653,3193725.0,0.2584345057894572,941.7395602509288,10.656716417910449,139.77805650192855,13.912110146527324,5.702151926932499,0.6686567164179105,0.7900873330685181,0.5074626865671641,1.2841355203043314,0.4111383381599465,0.7708955223880597,0.7623880597014926,0.989994735921829,0.9453520277400874,-0.3226721294919981,0.8743061065499531,0.3875621890547263,3.065671641791045,0.1190465582535085,3.757464180447037,0.7962447542457487,0.2238805970149253,6.131343283582089,3.096889021988676,1.5927021608376029,36.89349112426036,0.2183046812086411,2.0156156997304016,13.59171597633136,7.372781065088757,62.78698224852071,1.3973189463161992,0.1629123059480202,55.023668639053255,0.3255838381009068,0.5737671167524647,9.187187138936222,0.0874108643018899,4.263666058026597,0.4720670391061452,2.885403172157837,trainval/0696
0699,0699.jpg,trainval,calibration,1,malignant,ground_truth,0.7002421052661352,81.41833203962501,83.09632964216891,3628.5,57.01254423468425,234.89444430272897,0.064735963704762,3629.0,0.9090667026788918,33.0,119.0,23821107.0,2.4796145000728176,48.0,4.079530329082777,248.0,27.876088801509468,72.98787544778176,69.0,0.0,248.0,19.80890466798159,81.01911330581038,0.8781654059175404,23821107.0,0.209964645201794,1236.8667584788377,13.644456886898096,232.42537927215804,17.778019466404405,7.842420643828007,0.3398656215005599,0.9169264896192398,0.2743561030235162,0.9146656893701832,0.2645943502343096,0.870912653975364,0.8689062238729586,0.9967225653037493,0.9755083941814064,-0.5522360575284077,0.9667992113748128,0.240495676247356,3.4305711086226207,0.1302700470500307,3.5769313062221006,0.9245013450856528,0.2099664053751399,6.8611422172452405,3.223217236238625,2.045571566332142,180.06054279749478,0.187954637575673,2.528331902319114,16.384133611691023,25.863256784968684,297.2672233820459,4.171009880659137,0.1500934216955939,149.53444676409185,0.1560902367057326,0.3467820535160798,6.553311121364707,0.049304529869201,5.631121899298466,0.2639845687517222,11.513553593298496,trainval/0699
0708,0708.jpg,trainval,calibration,1,malignant,ground_truth,0.658011619517994,208.77927538552305,205.67936211491903,21810.5,137.37918911822126,597.3696244092026,0.0273890843588731,21811.0,0.8763843377091083,0.0,31.0,7746502.0,0.7325515362114582,14.0,19.699651356764875,255.0,11.2589230876136,9.84585759479162,2.0,0.0,255.0,6.525068762441388,18.845819610330256,3.073297063801806,7746502.0,0.7499025271647294,258.2240050081926,1.630188330017121,34.921475056566315,4.483132280365411,1.023167997180239,0.1177641016149183,0.7935651004309906,0.092221553838323,0.4516782390171084,0.1092592866225636,0.9572339703546032,0.9563829254877114,0.9990539844933628,0.9924679074030098,-0.4716382851581201,0.7058161415737063,0.0780645915917305,1.1848364258942203,0.693889533464215,1.1171862257872172,0.8013684850542485,0.8285595298690481,2.3696728517884407,1.005920620645358,0.2852330246987893,711.0060180541625,0.3565727272087073,1.1056449187079795,4.619859578736208,472.1128385155466,498.981444332999,466.9200725473097,0.530362666533601,238.1454363089268,0.1194310111880274,0.3126029998024913,2.4755594248131128,0.0931366685513589,5.508832393564164,0.0914217596625555,352.46610468315686,trainval/0708
0710,0710.jpg,trainval,calibration,1,malignant,ground_truth,0.6842623507442447,326.484058384872,336.3108680967655,55844.5,223.40074927095367,940.350288425445,0.0168387269726731,55845.0,0.8908518235881152,0.0,59.0,69666009.0,1.4084519346686442,28.0,8.821182202817512,228.0,21.13291553808846,20.314817799265825,7.0,0.0,228.0,13.007441670611804,35.31980670438671,2.186592031181708,69666009.0,0.5296784795534363,834.7969234178727,3.405809083883028,202.1161909995308,22.998428717982776,4.284641656970438,0.1166130452756259,0.947009181170035,0.1030609127019789,0.4880518763973383,0.105991493548661,0.950237252188292,0.9497834744400456,0.9988604030865096,0.9907260810796228,-0.6591070027055814,0.918543498865706,0.0955502683066624,1.5374660747344393,0.4837721579011979,1.8880531282015487,0.9504715304388844,0.6804824127828604,3.074932149468879,1.7647962329321236,1.100313675561516,1389.4891553517898,0.2450166029539393,2.066525123365836,8.176688414741669,566.4702874272615,711.3551401869158,549.9354078822566,0.3863338108482158,609.5931934403103,0.1074930688485823,0.2595303345931692,2.903733792647937,0.0672185050388814,6.155439735907356,0.1015489300743128,469.4976302571862,trainval/0710
0716,0716.jpg,trainval,calibration,1,malignant,ground_truth,0.6104801679508776,166.69047212756033,167.96725871431016,12994.5,101.7612274202441,466.0315292925775,0.0358637523023261,12995.0,0.8671004646095058,8.0,99.0,50231741.0,2.262293548170066,65.0,4.672162055060897,244.0,33.51075647676371,47.57760677183532,36.0,0.0,244.0,26.79182006250048,62.1728782904662,1.1162565995431908,50231741.0,0.2628331523016,1601.8381287857335,8.289518633540373,445.1988368735615,34.45562151191244,9.88247554468385,0.3486801242236024,0.931839542763826,0.2303571428571428,0.8467906331447853,0.2956157109582963,0.900103519668737,0.8962890657935415,0.9966803109731106,0.9798880208818096,-0.6049404816260935,0.9669155145920943,0.1661812888198758,2.4302406832298136,0.2110749217574553,3.150405325477461,0.9485757588912966,0.4054347826086956,4.860481366459627,2.8202829355849155,2.557788917226863,443.22738001573566,0.1743616758519809,3.101225145331832,14.871361132966168,107.13099921321792,351.8394964594807,88.29654641200173,0.2226329144918159,467.7584579071597,0.18401198186749,0.4217679183774043,8.048106457423836,0.0630747394361312,5.7946407502703865,0.1956136975759907,80.99726467880907,trainval/0716
0717,0717.jpg,trainval,calibration,1,malignant,ground_truth,0.6536240395497876,116.43548276498667,117.27744881263403,6904.5,76.10503059178028,329.42135623731053,0.0477111096005953,6905.0,0.8941683595051699,11.0,122.0,43177517.0,2.6499697634659087,70.0,3.645125520520895,242.0,36.143442111075046,65.45474293989862,65.0,0.0,242.0,27.6236887265644,79.07641836901165,0.7097580019442693,43177517.0,0.1780999296860621,1968.7565687427543,12.72451669595782,525.366504633424,29.70337409863683,12.219804179111543,0.4831575864089045,0.923929931408542,0.3126830697129467,1.0209143662727118,0.385386884323793,0.8647041593438782,0.8597627681598529,0.9954328229254886,0.972749716598574,-0.5599341484846136,0.9738571473762052,0.2264984866237063,3.1289543057996485,0.1126821323788569,3.811723780790897,0.9382626421026184,0.2198301113063854,6.257908611599297,3.3656973418680933,3.1757404413801127,298.2689352360044,0.1637041356948432,3.442962944665817,17.188254665203072,34.72722283205269,289.6772777167947,19.187249145857063,0.19068220125083,343.8594950603732,0.1887263968498206,0.418497589787348,8.692093492770475,0.0638201273855978,5.695249902838721,0.2638667632150615,20.364703688664346,trainval/0717
0724,0724.jpg,trainval,calibration,1,malignant,ground_truth,0.7947026626306158,302.5571191236583,309.9822575567834,56526.5,240.4429481654197,945.3595231414374,0.0167241828724834,56527.0,0.8915259244082594,18.0,97.0,233849832.0,2.3329035086030427,48.0,3.148389605381786,252.0,25.4841945024967,56.18936083641446,54.0,1.0,251.0,18.762394345804744,64.31918940880067,0.5604481626544836,233849832.0,0.2182637478865771,979.7138550003896,9.241952121794188,123.43769428307974,7.667518951230207,6.4092248162893375,0.1830825596699036,0.9444556968512824,0.1810194571906235,0.6888257464831291,0.1503145157883156,0.909820782793251,0.909696581652616,0.99850025126035,0.9849281236673192,-0.648703333968826,0.9753200175431144,0.1793402221985083,2.772258385800164,0.1548276831015913,3.1465161018550942,0.9474965023296756,0.2247892434105218,5.544516771600327,2.95845060079126,1.6480768439898106,2211.2304297774367,0.2121287825956865,1.7874012919003257,12.526477359938603,83.26314274750575,453.2031849577897,44.31261824719456,0.1875647952404565,1303.1158864159631,0.1250111172693748,0.2932077479708853,4.258614640999636,0.0489712199120408,5.966604667954196,0.1844074513064553,53.85666091378653,trainval/0724
0735,0735.jpg,trainval,calibration,1,malignant,ground_truth,0.8604050154641195,51.35246906821084,55.97320787662612,1740.5,44.18392194275466,164.22539674441632,0.094355298330604,1741.0,0.9005371345419346,26.0,105.0,10657817.0,2.488060278881698,42.0,6.80887634122877,255.0,27.5052913465526,68.29350947731189,65.0,6.0,249.0,17.614995977044522,78.24106329936231,1.497481703531938,10657817.0,0.2176500726968365,1457.6605494871303,12.470206489675515,500.3941409659196,35.22623507568456,9.0852094917378,0.6643067846607669,0.8637251806494427,0.3610619469026548,1.1183019921352262,0.5339410551596313,0.8530692512993396,0.8461787956217939,0.9949118219493818,0.9716239729383924,-0.5022562918475968,0.9577658990317162,0.2306152081284824,3.219469026548672,0.132399996519348,3.7166888124700095,0.8976371999862796,0.23952802359882,6.4389380530973455,3.2248991351813947,2.437379069099642,91.29980276134124,0.1800785064326256,3.6778435239973697,18.66863905325444,22.0138067061144,218.15384615384616,5.50084458596856,0.1524917639084028,98.67652859960552,0.1946282615376834,0.4306230937906213,11.381642372956756,0.0453949825999906,5.458495127041493,0.2912119471568064,10.221965461838014,trainval/0735
0739,0739.jpg,trainval,calibration,1,malignant,ground_truth,0.7475411184402225,125.3705413836214,133.75350462698165,8985.5,93.71963472536856,374.7178207935927,0.0417025007838843,8986.0,0.896750667368196,42.0,128.0,70925735.0,2.3877692902858705,46.0,3.511249502897442,222.0,26.37914650130389,82.42722012018696,79.0,25.0,197.0,18.982496823909248,88.84207950144018,0.7370335477854362,70925735.0,0.214743274264604,1098.6684733984644,9.598130841121495,174.72160611972237,13.083077809472718,7.159658272834696,0.1049431370341177,0.971108356504858,0.1049431370341177,0.4844719231426359,0.0939300750235561,0.9475284314829412,0.9475284314829412,0.9983854901994752,0.9883396514406536,-0.7616531862640677,0.9865587517808578,0.1049431370341177,2.799009120594528,0.1757907457360018,2.945277011192507,0.9739312019478684,0.2549262470442517,5.598018241189055,2.8403338741583912,1.8161503524672031,213.34715525554483,0.2057349616736208,1.8962625852149355,12.183220829315331,139.43490838958533,1068.232401157184,56.932925451601406,0.2036768491549625,66.65863066538091,0.0642802610080818,0.1161213102927323,1.7845243839346647,0.0184103850797712,6.572423520066406,0.1154017360338304,64.34608213552742,trainval/0739
0747,0747.jpg,trainval,calibration,1,malignant,ground_truth,0.8471134008757699,327.79846805724685,345.6370929168338,71102.5,277.6824750778418,1020.0874452027954,0.0143467169959255,71103.0,0.926637699254566,27.0,128.0,509674254.0,2.625576334449894,48.0,3.5422744503948564,237.0,30.49517343978865,75.01230609116352,71.0,0.0,237.0,20.565408784510645,84.66470226504245,0.6182467488371837,509674254.0,0.1905819934298209,1541.2657445138775,14.786350734993013,311.83347043939483,18.145729891230605,9.562345027676368,0.3066071705946312,0.937864291074721,0.1897425759351568,0.7171803218181766,0.2706049254721224,0.9150905385241772,0.9139265451132572,0.997266626512194,0.9834525160408608,-0.6786399756162894,0.9857151755239796,0.1574178414593687,3.5316308231074465,0.137773934846183,3.468296032781341,0.9508066519627056,0.251168504737563,7.063261646214892,3.234631860334716,2.467238049567749,2115.684474123539,0.1766013751355208,2.84707146858565,17.387479131886476,78.63464106844741,961.6358931552588,17.618134990431898,0.1513413136779784,1222.6038397328882,0.1020537428825449,0.2559942648982266,5.048920382837249,0.0342666143360388,6.530091851197183,0.1684879681588681,43.40873165765981,trainval/0747
0762,0762.jpg,trainval,calibration,1,malignant,ground_truth,0.6748075481249536,57.56745108196357,60.41522986797286,1714.5,38.84695051642304,169.19595949289362,0.0986853073740995,1715.0,0.8675283761946859,19.0,78.0,4184141.0,1.8541703734097887,28.0,3.148100008316029,118.0,17.36730647944309,44.331778425655976,40.0,6.0,112.0,12.287038755810949,49.39364697525416,0.8013238203751364,4184141.0,0.3303409293746653,474.4257831345784,5.789855072463768,31.698369565217384,3.980072463768112,3.101449275362319,0.1920289855072463,0.8833883388338831,0.1908212560386473,0.7078074115899822,0.1556162337510793,0.9047906602254429,0.9047101449275362,0.9926238803675086,0.9682252127904304,-0.5429687702374545,0.9276696200797911,0.1897644927536232,2.25,0.2471095810287288,2.643468606292964,0.8887204757067312,0.4402173913043478,4.500000000000001,2.4476071474532044,0.8233695652173912,96.76470588235294,0.2587291601132431,1.098430038033687,8.133689839572192,44.63368983957219,208.4866310160428,15.33858734402852,0.2701396316102198,51.401069518716575,0.1374360147559266,0.2796654188125735,2.912325650145388,0.0496849388091069,5.135386494873981,0.2180758017492711,23.60631559381166,trainval/0762
0772,0772.jpg,trainval,calibration,1,malignant,ground_truth,0.2895530222954824,231.50398814427805,200.8780724718355,8817.0,67.03267944063323,522.8010819142784,0.0592946673374479,8818.0,0.636691240200479,15.0,80.0,21230100.0,2.022374704762941,39.0,4.989855372391478,170.0,23.075665761506304,39.89181220231345,27.0,9.0,161.0,16.50740018674036,49.06716574621026,1.4457757788184682,21230100.0,0.2962342588699654,816.2300735814252,5.625720212030423,152.45723315542793,17.67906937771562,5.812994806745086,0.1108550357225167,0.9625733134125696,0.1108550357225166,0.502489629354001,0.0985661967774762,0.9445724821387416,0.9445724821387416,0.9977828992855498,0.9861431205346854,-0.7215355051468304,0.9721269388625332,0.1108550357225166,2.04943535376815,0.2519666917389199,2.57007620441245,0.9667143192179232,0.4143811938234616,4.098870707536299,2.4592211686899352,1.4809624606169007,248.06352087114337,0.2251030134946854,1.7782426605972974,8.717785843920145,147.1470054446461,486.2259528130671,109.22800054323,0.3285729718384632,87.2994555353902,0.0792191066564339,0.1669986298401815,2.103325629269002,0.0351712192491477,6.263618790314513,0.1249716488999773,83.1179640383266,trainval/0772
0780,0780.jpg,trainval,calibration,1,malignant,ground_truth,0.6811636117075323,98.85686149306242,97.94386147176353,5091.5,67.33769681668568,288.0660171779828,0.0565778291619331,5092.0,0.878083422266554,0.0,32.0,1466761.0,0.7109169189928718,14.0,6.268301397938629,104.0,10.87782122381025,9.227611940298509,1.0,0.0,104.0,6.471826669826831,16.97209599370336,1.863765551855738,1466761.0,0.7397030537559031,202.903220298742,1.5444,5.653547045757003,1.6751384460000007,0.7289910000000002,0.0598,0.8483755519522905,0.0593999999999999,0.3261909400166938,0.05627164,0.9703666666666666,0.97034,0.9977031830238726,0.9901095238095238,-0.5867576937277766,0.7510142404326425,0.05905,1.1735,0.69990196,0.9997512156325234,0.8501005423007042,0.8304,2.347,0.9384828052924916,0.19719775,155.01030927835052,0.3995111063875013,0.5191505473482836,3.3170103092783507,501.75773195876286,554.6752577319587,490.0498775773196,0.5786218499427261,31.7680412371134,0.0818763949410139,0.2397882828886059,1.1886606936741022,0.0818971420012722,5.452491799828978,0.0761979575805184,329.5259326177065,trainval/0780
0781,0781.jpg,trainval,calibration,1,malignant,ground_truth,0.5552606049142379,258.9068733698554,249.94599416673995,28242.5,143.7607871237999,693.4041122946079,0.0245517964873721,28243.0,0.8591521629277449,0.0,63.0,43913897.0,1.7355807903082026,36.0,3.728461340664036,193.0,19.74250490319552,30.811280671316787,28.0,0.0,193.0,15.939933415421471,39.43170684880495,0.8174837604873085,43913897.0,0.3458455045195179,605.5244884034315,4.121689920273349,45.45237419297068,6.6250862855622525,3.233899307027306,0.1614108769931662,0.9049212777360824,0.1606990318906605,0.6387802606933894,0.1355866981425707,0.9197691249050872,0.9197216685649204,0.9975177220441356,0.9821524614021768,-0.5865698716505319,0.9325589982328252,0.160076167425968,1.831274914578588,0.2643801648040999,2.455023730578032,0.9067283097896028,0.4015518223234624,3.662549829157175,2.2909066974577827,0.8488275460051179,1350.7325881341358,0.2903552425051883,1.0517246717173023,6.062123817712812,92.12360275150472,233.15885640584696,68.97245759023012,0.3827071747479444,520.3499570077386,0.111855106837433,0.2706620953047647,1.9684839961535991,0.0885530363060096,5.657535518151736,0.1647133803066246,55.264713805728206,trainval/0781
0782,0782.jpg,trainval,calibration,1,malignant,ground_truth,0.6216484089013655,411.3655816361927,405.9076249591772,77748.5,255.724759300924,1179.068109219027,0.0151651557164321,77749.0,0.838324287534133,12.0,62.0,103540282.0,1.5418977870647512,23.0,6.931440417982796,176.0,17.38577602907939,28.25685217816306,16.0,0.0,176.0,10.786167032084457,36.49280662499041,1.93268760935034,103540282.0,0.4516272079203821,533.275240350385,3.483415748905788,79.00749049458945,12.288193777860478,3.652401003814188,0.1477024776315959,0.9222639707825,0.1193497992330832,0.5413008276909432,0.1334581030546186,0.9439236268016304,0.9430591361989608,0.9978032572262816,0.9870245515010728,-0.6454194660442628,0.929094557608622,0.1044734405237871,1.6146953636398849,0.399215154636462,2.0875917624749056,0.934122112489558,0.6012807767291132,3.2293907272797697,1.941034023294252,0.950025870361446,2306.8148063781323,0.2627351715692633,1.532419196662533,7.071526195899772,350.4388382687927,536.2725512528474,326.20313610752765,0.386815420824746,966.3974943052392,0.1100680517431935,0.2918188228616707,2.8724708586569774,0.0845726758848961,6.050767534254671,0.1129274974597744,272.0235773345925,trainval/0782
0796,0796.jpg,trainval,calibration,1,malignant,ground_truth,0.8301825844672606,59.77856784334646,60.41522986797286,2255.5,49.62712594794083,185.92388155425152,0.0824313374215258,2256.0,0.905505661720822,57.0,146.0,22983000.0,2.39466418261299,45.0,2.780393311870634,208.0,27.13231540163976,95.28812056737588,89.0,32.0,176.0,19.588106590152925,100.93314619093177,0.6723905488111709,22983000.0,0.219823182309743,1107.6740787372364,12.582387653200184,137.51795084990437,12.30213576437655,6.948930903243605,0.3004993191103041,0.9170971207685528,0.2877893781207444,0.8990603663799906,0.2176765929511793,0.8581101528219095,0.8573763050385838,0.9953973775469844,0.9681618729281009,-0.5276113352860022,0.9584110555187928,0.2777399505724517,3.30458465728552,0.1314883616180552,3.4992025022476976,0.9262807819223484,0.2265093054925102,6.609169314571039,3.17478670231595,1.8123575555884777,125.76854599406528,0.1866002166084054,2.231462811154452,14.910979228486648,19.881305637982194,222.82344213649853,3.077815323953517,0.1643480998977236,120.5519287833828,0.1788604284619922,0.3560809947674666,6.052389961428389,0.0598717385944871,5.325533733970507,0.2987588652482269,8.67768493162747,trainval/0796
0802,0802.jpg,trainval,calibration,1,malignant,ground_truth,0.8387597067472458,296.0463675291704,312.93449793846634,57236.5,248.3117644123544,934.4062043356628,0.0163253553997128,57237.0,0.907623543875708,2.0,153.0,412770466.0,2.6201563425802914,101.0,2.470245086989444,255.0,51.698741917585686,60.04836032636232,40.0,0.0,255.0,41.22755672383937,84.92115190362203,0.7851428169396966,412770466.0,0.2326294289096114,3605.7964627534047,14.401814544433526,1182.6185513302955,85.92426584097792,21.275029410660977,0.1236487435069493,0.9884433288246952,0.1155412045486452,0.5219724403481093,0.1102989735583974,0.9431793719874584,0.9429849801452564,0.9989942599027316,0.9904185390192428,-0.785261138054695,0.9917379786559294,0.1118497151247133,3.0189351396883333,0.2125458452477672,3.1766679204883665,0.9897297366799042,0.4232942580373438,6.037870279376666,3.049546768680695,5.349669538541982,834.3067383833857,0.1246536289232609,4.765848720949828,26.27670700732108,661.6857911250561,1646.45838936202,615.6130696319383,0.1408423320184267,709.9816225907665,0.1060782343628816,0.2445861689399136,6.979719765080981,0.0277526131650623,6.834115984053845,0.116934849834897,588.5530123292242,trainval/0802
0803,0803.jpg,trainval,calibration,1,malignant,ground_truth,0.7530120485080652,127.99875266622628,131.7269904006009,9595.5,96.38460295167222,382.1076477383256,0.0398215463225809,9596.0,0.9087679599198456,19.0,86.0,31861983.0,2.1418738901851606,32.0,8.26002427785806,255.0,21.65229654880864,49.28626511046269,44.0,0.0,255.0,13.875113542606298,57.62239180662004,1.7481903809772064,31861983.0,0.2784130606385424,891.2041089768194,7.569473684210527,254.99982034275612,22.371848005894734,5.815639789473684,0.2784210526315789,0.9086254437409276,0.2281052631578947,0.8203000587875809,0.2263890415512465,0.8922140350877192,0.8907183138842582,0.997761591309748,0.9812875747059956,-0.5556463092769827,0.9524191848991048,0.2022708479532163,2.487,0.1924822216066481,3.0884347561132133,0.9141017254458096,0.3512631578947368,4.973999999999999,2.8036053714759444,1.523515210526316,464.2594002855783,0.2209706807641971,2.27139543487032,10.909566872917658,42.09233698238934,232.59114707282245,16.539420556511068,0.255362301428754,279.026653974298,0.1328065939906225,0.3119183786562563,4.7475520929055,0.0633914470107639,5.718696976015705,0.2189453939141309,21.231661177187,trainval/0803
0813,0813.jpg,trainval,calibration,1,malignant,ground_truth,0.5882651702589301,179.1644593372621,173.738308959193,13115.5,105.39621117638364,511.2031021678313,0.0389770197223004,13116.0,0.7941524449271584,41.0,121.0,104313008.0,2.411601379557624,39.0,4.05787170152406,255.0,24.35403090503292,83.21851174138457,84.0,0.0,255.0,16.322899651774613,89.1802181788379,0.3883497935952446,104313008.0,0.2313570183004008,1027.7906179741683,16.567942104857956,179.3006933499283,5.33932132788388,6.786121014731185,0.2077912079451844,0.9405794063953324,0.1808453306644083,0.7044663933975867,0.1750861743220652,0.9129083583545048,0.91214943796857,0.9983200159781408,0.9850881959290996,-0.6510868329862777,0.977968457200228,0.1673647787444076,3.863076449303256,0.1690908670294408,3.245671501566397,0.9445082223905998,0.3179613519131573,7.7261528986065136,3.029854878108538,1.7484780556690924,457.9376854599407,0.1941236479270626,2.291588625165569,18.938957185247983,68.44510385756676,990.3255616786774,9.198451336911283,0.1127207277450359,262.65069944891906,0.1113398471593552,0.2713332916585927,5.542729790936463,0.0321280667526301,6.213317493337302,0.1798566636169564,37.53169241175148,trainval/0813
0817,0817.jpg,trainval,calibration,1,malignant,ground_truth,0.4607968490549957,96.41098554744272,93.2148056909416,3230.5,44.42587835454834,250.40916292849028,0.0775140575540907,3231.0,0.8046177116365948,61.0,123.0,29028746.0,2.150191652981384,34.0,5.667141126606345,229.0,21.518763648464688,90.36768802228411,85.0,35.0,194.0,14.083308037049528,94.78631916819356,1.3058021754623776,29028746.0,0.2750493061787977,818.1272629617847,10.919735599622284,147.09710070741815,14.290701226141277,5.300038074653072,0.3449795404469625,0.8777755663599113,0.2839156436890148,0.951457587456246,0.2643714477156149,0.8675112789843669,0.8641485678312875,0.995858504160779,0.97215068532349,-0.4929018314166895,0.9380039195973352,0.2371734340572867,3.111425873465534,0.177398358856627,3.2395695919224847,0.8806910074583373,0.3012275731822474,6.222851746931068,2.8641148764325592,1.4112544037750083,187.8479262672811,0.2164146615982501,2.064547983605513,15.25115207373272,33.4205069124424,267.4331797235023,6.174778523149745,0.1310364452894146,172.88018433179724,0.1991707192762641,0.4416138158909164,8.561074645565956,0.0453057792903929,5.260063458275456,0.2686474775611266,19.56461567457368,trainval/0817
0822,0822.jpg,trainval,calibration,1,malignant,ground_truth,0.4661307526181045,58.77018670352019,59.20304046246274,1208.5,27.39459135961838,152.61017305526678,0.1262806562310854,1209.0,0.8075041715306703,103.0,193.0,28566335.0,2.5479938395871,55.0,2.442468127771108,244.0,29.538264505045905,149.52109181141438,151.0,49.0,195.0,22.202708744247204,153.714243490245,-0.0771663177301459,28566335.0,0.1911833019653399,1271.5117553009177,32.43904518329071,140.55215819002967,-1.824908121581948,7.674550067627037,0.5933503836317136,0.8564689095787603,0.4552429667519181,1.2162602613159963,0.3861042248546255,0.7923273657289003,0.7859485482172409,0.9929480526769456,0.9556716088685396,-0.3979780279959494,0.9313077922282328,0.3616912948754381,5.537936913895994,0.085663213726871,4.065500350577991,0.8647574643840868,0.1534526854219949,11.075873827791986,3.412729923031714,2.066975112814687,92.4234592445328,0.1837444517783952,2.231699267614986,30.72564612326044,9.56858846918489,325.4791252485089,0.3800264594093289,0.0493274048077371,138.2127236580517,0.2747767865965242,0.5226278305776293,15.394731031450672,0.0290135611657839,4.849785854754213,0.4160463192721257,3.7913987249465433,trainval/0822
0829,0829.jpg,trainval,calibration,1,malignant,ground_truth,0.6901043778187126,116.86359835401,115.52056094046635,7322.5,80.64808083175,332.35028842544483,0.0453875436565988,7323.0,0.9127220912318872,25.0,86.0,29852173.0,2.109537959537865,32.0,10.41119793375151,255.0,20.75352213648636,56.60453366106787,54.0,0.0,255.0,13.313394583471007,63.847435466931216,1.6933078899335603,29852173.0,0.2789020482830365,872.4217847169809,8.957061990887754,231.44242107985235,17.028959715525822,5.12285078401692,0.6193566201850063,0.7842792582755597,0.3274886096921165,1.0318494887902103,0.5121078307069309,0.867635418104837,0.86224440136615,0.9952596678046204,0.9743534492568044,-0.4683473662673225,0.9280798560344036,0.2128557074263273,2.79842606654701,0.1747746790194759,3.2305580441294763,0.8442676956275769,0.2918680104928897,5.59685213309402,2.809611257771653,1.4355518510504812,442.6100966702471,0.2377068188347191,2.608026030243632,12.563372717508056,33.13372717508056,260.0370569280344,8.692062280360872,0.2029024436131881,339.28786251342643,0.182216897160809,0.4192595697738848,7.466830685065309,0.0716766793270189,5.412551319074017,0.2542673767581592,17.66627738211572,trainval/0829
0837,0837.jpg,trainval,calibration,1,malignant,ground_truth,0.5312970871055798,150.60377991688273,150.20652449211386,9406.5,80.01534957692962,397.7056274847726,0.0422798732243419,9407.0,0.8644845294619354,30.0,74.0,27864656.0,1.684069660930423,24.0,4.377639612422804,149.0,14.497601666344808,51.12958435207824,49.0,0.0,149.0,10.063023476283204,54.42535505517531,0.7702422707593372,27864656.0,0.3689631436295192,347.88487686561245,7.017163698777086,17.63551614215223,1.6654827735510322,2.218666894116669,0.3241793606522206,0.7450263773956051,0.2729028105556748,0.9270800638661568,0.249703416643034,0.8718265036115281,0.8686762497318171,0.9914665684779396,0.9619167662774184,-0.3754522259000093,0.846932586834389,0.2305686667143436,2.558034756490024,0.2375986948352999,2.73320190274202,0.7617711598878948,0.3647285990130873,5.116069512980047,2.356658192750629,0.6357115636922225,709.0858333333333,0.2954524305555555,0.9670305555555556,8.649166666666666,33.08625,208.23791666666668,7.5016891203703695,0.2134981481481481,432.3025,0.1801260416666666,0.4150999781154407,4.2566977942663575,0.0902617226365235,5.006183587749175,0.255129159136813,17.723116493055556,trainval/0837
0840,0840.jpg,trainval,calibration,1,malignant,ground_truth,0.9179725774887616,256.2225839275518,277.4779270500629,45328.5,235.20530577880527,854.7249634685302,0.0188562375430144,45329.0,0.8830071445492013,19.0,95.0,187935013.0,2.2483633442248534,41.0,2.826605578381095,233.0,23.81587724173029,57.318912837256505,56.0,0.0,233.0,17.23443050915939,64.38960783894181,0.2654553868744625,187935013.0,0.2331044410093403,860.5638288077085,9.259121254463595,78.64928611807336,3.761042129488902,5.335717041738714,0.2546853860314503,0.908884775533758,0.2459467252201299,0.8256374476348491,0.1941955943849442,0.8783300433975795,0.8778911098673283,0.9974855037975496,0.9777051487411458,-0.5474047389853242,0.9562549637410326,0.2396796748508439,2.826457737263513,0.1430977112662758,3.2617370271082,0.910124736219982,0.2359216625634883,5.652915474527025,2.990459323543244,1.3976006069425413,2529.5881193441446,0.226645293373725,1.5076126541439183,10.664187796792405,31.24065943911836,248.4539019801093,10.2123497463509,0.2182103497162818,1637.500313591972,0.1467162721612733,0.3082612455631155,3.716133892764213,0.0588501438135732,5.518881519676155,0.2462220653444814,14.74589718808906,trainval/0840
0855,0855.jpg,trainval,calibration,1,malignant,ground_truth,0.503690735111878,160.7310552667039,164.45364088398895,9914.5,80.95874338259398,421.3208511739224,0.0424954209666571,9915.0,0.8377749830386506,71.0,136.0,109540814.0,2.132458685631538,36.0,4.399101382961819,244.0,20.98848555637696,101.58406454866363,99.0,40.0,204.0,14.357820240952822,105.10941589185806,0.8153308729457417,109540814.0,0.27269602005346,728.6671389005232,13.96410412853366,96.51460951331464,7.941013729178784,4.716925541991776,0.1487695749440716,0.938849610849535,0.1485661989017693,0.6071999397250788,0.1266976594879514,0.9257507965561658,0.9257372381533456,0.9981859119635592,0.985145228982935,-0.6584132334245726,0.9692534063944644,0.1483882448647549,3.5807911328045563,0.2060695236678301,2.8570512620215074,0.9519229998070124,0.33394346146024,7.161582265609113,2.707417200272641,1.2164237792339618,369.3231667748216,0.2396646117941736,1.4881392490191314,15.27579493835172,76.77027903958468,983.868267358858,8.245963986755564,0.1090616049938614,135.1362751460091,0.0876938839364108,0.1697113423925252,2.702139027827249,0.0215037526327672,6.148673292286636,0.1554210791729702,35.37220283482287,trainval/0855
0857,0857.jpg,trainval,calibration,1,malignant,ground_truth,0.6334503653716849,288.5700258857009,280.4942067137929,40335.5,182.7947883326138,800.0315292925777,0.0198344269760528,40336.0,0.8899007064340853,3.0,96.0,141789737.0,2.266718871383073,58.0,4.835515116307567,255.0,31.517249775379472,44.81433458944864,37.0,0.0,255.0,24.28234204015428,59.28925378045935,1.1468512474093429,141789737.0,0.2558258324442001,1506.891029148661,7.805612969096296,422.26124675933806,34.724744432864604,9.03568158920258,0.1106656373733097,0.9758011292088808,0.1081256069925542,0.4964270983504207,0.0989744904858014,0.9462206672145164,0.9461656437397244,0.9990956696659816,0.9910039895151456,-0.7584901002545392,0.983821494045569,0.1070454300205028,2.361008043429539,0.2216833802936691,2.814545961589454,0.9771696341906498,0.390342904101402,4.722016086859077,2.7027366149334333,2.2865868066439723,855.4065909596972,0.1904712961388771,2.657627881012526,13.059006902694277,287.5969717212202,901.790469828546,231.9651664872232,0.2341863355617861,376.19349810732575,0.0837660873095804,0.1979772493301653,3.172093176954609,0.0365255128801902,6.668303919351483,0.1113397461324871,206.9292954894672,trainval/0857
0859,0859.jpg,trainval,calibration,1,malignant,ground_truth,0.7494934212234603,279.3846434616469,278.7561658510893,45768.5,209.3969522653664,829.3107499061572,0.0181196838416412,45769.0,0.9144731880873715,66.0,184.0,800894860.0,2.8783551096009807,66.0,2.498095220884448,255.0,36.29844724833554,124.5840634490594,122.0,0.0,255.0,26.70469265149269,132.28239258517144,0.0533270502570696,800894860.0,0.1527312436188549,1977.4425225781583,33.26244622003688,407.1497909491296,2.3448601505231226,12.717852745428372,0.2497365879357274,0.9614829585490982,0.2191368864694003,0.7905092606427707,0.2017156129242246,0.8942470073462697,0.8933363402568724,0.9979793696862562,0.9819189367865724,-0.6595544725437562,0.9887060781648864,0.2034059484785514,5.490484239178154,0.0998498085962534,3.857406762621376,0.9634766934956068,0.1766177890947405,10.980968478356308,3.5905141371791727,3.2418973333410253,1430.3561657924508,0.1471105796351384,3.4778809197005325,33.52514655970379,42.779697624190064,1414.2657615962153,2.3056989638226986,0.057308877850042,1202.3662449861154,0.1236620636620503,0.2757520926030622,9.358890140796705,0.0165152305714614,6.398105301421086,0.2124363652253708,20.62109976324652,trainval/0859
0871,0871.jpg,trainval,calibration,1,malignant,ground_truth,0.6073265469182049,166.22488190380213,171.40595088852663,12615.5,100.95278353852254,483.5462479183388,0.0383295349307073,12616.0,0.8234157091969818,64.0,122.0,111288949.0,1.910964656955256,29.0,2.954287202857176,172.0,17.410984089212036,91.33568484464172,90.0,26.0,146.0,12.324540258149394,93.92153467975884,0.339773860715576,111288949.0,0.3092259695592436,479.0473505614253,10.850380456547857,30.36582627505959,1.9163945530336293,3.226737064854277,0.1459351221465759,0.913460239207921,0.1456147376852222,0.600152540040706,0.1247314703154397,0.9272460285676144,0.927224669603524,0.9960571063654764,0.9792036157674924,-0.6273458848072038,0.9531606536683384,0.1453344012815378,3.174929915899079,0.2347153949577298,2.6164322060854537,0.9152347095774462,0.3902282739287144,6.349859831798158,2.469070248066225,0.843168046750213,534.9404211607601,0.2747511151313611,1.024210927007929,11.554185927067284,80.35747303543914,824.7519260400617,10.482285567539805,0.142004080351538,167.89676425269644,0.0862335717784778,0.1784885386183746,2.1497604619578303,0.0264796601828685,5.961211037992992,0.1543278376664553,38.37080053360642,trainval/0871
0874,0874.jpg,trainval,calibration,1,malignant,ground_truth,0.7381349178105596,172.40470371431164,170.6575518399347,16450.5,127.25793180631732,512.5340546095189,0.031156138391509,16451.0,0.8870983194357625,90.0,181.0,309737905.0,2.5688485023297902,50.0,2.8618478202866195,247.0,28.86941212099596,132.49911859461432,130.0,7.0,240.0,20.942568877851738,137.2148221659789,0.003365400490798,309737905.0,0.1938787269001811,1271.890993691546,35.955165213118775,185.86653097479865,0.3095171732891539,8.116788417342958,0.2701756540965483,0.9355724784808392,0.256172460385702,0.8516446147727276,0.2045513246364842,0.8740326741186585,0.8733140891782335,0.9973356688603034,0.9768146728593846,-0.5819265525331281,0.9742721119646914,0.2459498560100451,5.830395528804815,0.1174688741595151,3.630896746769625,0.938204655079763,0.2087581378209065,11.66079105760963,3.335174655543572,2.0967410178598755,777.9575471698113,0.1834805535777857,2.3353617279280887,35.530896226415095,26.8497641509434,974.0033018867924,0.99894858628724,0.0421113555987559,629.6985849056604,0.1485138171947312,0.3311613042744846,11.336255799490496,0.0159016062367019,5.78590390990449,0.2577350920916662,11.795730186454252,trainval/0874
0900,0900.jpg,trainval,calibration,1,malignant,ground_truth,0.599400865216074,361.5465854662613,381.2151623427378,60622.5,216.7113361443943,993.7615433949906,0.0163926189681222,60623.0,0.8782934960243881,34.0,119.0,408145882.0,2.446974970329361,44.0,3.3318864923110425,247.0,26.13955268957813,75.09390825264339,73.0,0.0,247.0,18.422823913267862,82.05196714384883,0.4273502467212689,408145882.0,0.2125638922784219,1093.4302555188242,14.16903717195132,161.9315178552153,8.43089285185297,7.042612977000126,0.1862902558158788,0.9484596072692728,0.1861246791952976,0.6941587458918566,0.1516478596103263,0.9069652565057812,0.9069542180644092,0.9981556366008064,0.983080828986947,-0.6496236379384543,0.9789271104255496,0.1859797996522891,3.5291580428843448,0.145736979872708,3.3022454818214024,0.951350966106661,0.2373706432651709,7.05831608576869,3.115182190403708,1.8072258082040007,2365.1226448011166,0.2063086745290576,1.9554461942576755,15.032274947662248,49.93222260990928,664.9952896022331,8.358454527393102,0.1431217056764682,1177.6278785764132,0.1027239949909641,0.2235113965853822,3.5005918421283915,0.0337422395460484,6.153892325061039,0.189103145670785,21.968016560777777,trainval/0900
0902,0902.jpg,trainval,calibration,1,malignant,ground_truth,0.7606831960382936,72.9093001335647,75.8023746329889,3140.5,55.46087944651519,217.5391052434013,0.0692689397367939,3141.0,0.9132022922884137,1.0,53.0,2836149.0,1.350308705157094,31.0,4.37427205616608,130.0,17.520963814584828,20.519261381725563,14.0,0.0,130.0,12.583303408985858,30.04903665060525,1.302551562940629,2836149.0,0.4963711806375934,481.90451597784335,2.741329011345219,30.183512681610097,6.100181862985926,2.3423724877787384,0.1682333873581847,0.8659818420531575,0.1630470016207455,0.6545377243121298,0.1416490626206694,0.9193408968125336,0.918995137763371,0.9954741775811468,0.976800185228062,-0.5034880299936039,0.8604010623412429,0.1585089141004862,1.4824959481361426,0.4171629335231645,2.003604621943226,0.8686036561653273,0.6230145867098865,2.9649918962722857,1.8229018211834875,0.6276514687842307,176.44464609800363,0.3202262179637089,0.8500301382406512,5.070780399274047,111.1923774954628,157.71506352087115,104.3908413994757,0.4324279088525912,87.94373865698729,0.1596075111742056,0.3641313290742671,2.3652143519577304,0.1090618142380614,4.961720982177306,0.1754218401782871,78.69617030246937,trainval/0902
0912,0912.jpg,trainval,calibration,1,malignant,ground_truth,0.6048611441661048,123.42406235075283,134.09325113517085,6936.5,74.65441957110502,362.5340546095188,0.0522646946744783,6937.0,0.8143785366065126,35.0,95.0,33228534.0,2.067249866434887,30.0,8.285836930253248,233.0,19.8370722112389,63.55456249099034,60.0,1.0,232.0,12.880020263167893,69.21014248633095,1.6127645252114469,33228534.0,0.2960980046348477,750.8614095570362,10.32506565509192,152.72967819282522,13.397359786116947,4.63840037178795,0.4922672891742047,0.8081079026342975,0.3168952436533411,1.0183150318622145,0.3918446937240944,0.8616129614962414,0.8574302279601033,0.9953929569263592,0.9723674645070912,-0.4420998905606011,0.9163166223340136,0.2384671157150731,3.047709366793114,0.1872043732766682,3.224882211813813,0.8379855195905479,0.3320688648964108,6.095418733586228,2.793551649583798,1.2826669152405388,425.9655902593965,0.225497930259077,2.2171390970711435,14.013763896241398,29.529380624669137,249.75066172578084,5.0040515181279845,0.1571225970634513,376.3922710428798,0.1992547755653149,0.442092630018951,7.92942610695814,0.0648247751461924,5.326696352288875,0.2723079140838979,16.043494965839674,trainval/0912
0914,0914.jpg,trainval,calibration,1,malignant,ground_truth,0.8364142282392717,51.62549557855695,53.150729063673246,1724.5,43.18029904180864,161.5391052434012,0.0936730097091337,1725.0,0.9112947291207532,44.0,117.0,12117376.0,2.3059652897357923,41.0,6.342829589857934,247.0,24.27144280613317,77.4272463768116,73.0,0.0,247.0,16.657067346938778,83.8126827938436,0.9891730423478172,12117376.0,0.2471053980256249,1029.5873156059647,14.241215008933892,227.2246424865628,15.654355876157284,6.051946034130047,0.552114353782013,0.8327954860035527,0.3865396069088743,1.1490060872356709,0.402701486072746,0.8291145523128847,0.8228672529166521,0.994703915498392,0.966036147691895,-0.4086673561989649,0.9195360117970416,0.2879235325259744,3.58695652173913,0.1380284997628626,3.636686181265668,0.8628082719844993,0.2942227516378797,7.173913043478261,3.078586235890803,1.6510150969780144,122.25084745762712,0.207204826199368,2.291594369434071,17.172881355932205,16.7135593220339,210.4627118644068,2.0138542331245115,0.1256016476741356,139.75932203389831,0.2368802068371157,0.4780774719423684,9.136541077091104,0.0523715141903585,4.990768316768498,0.3420289855072463,8.165369146796898,trainval/0914
0917,0917.jpg,trainval,calibration,1,malignant,ground_truth,0.8279528289404,96.37798134149998,99.35793878699376,5899.5,79.79642229926,301.622366364087,0.0511267677538921,5900.0,0.902711534789087,51.0,123.0,49421872.0,2.292827047109002,40.0,4.777518719786522,247.0,23.318277506463662,86.49932203389831,85.0,0.0,247.0,16.433405994871393,91.52370444085112,0.6373755224808805,49421872.0,0.2416648664176961,894.4557622522265,17.051617343427395,142.78685960684862,7.925608652002875,5.57680042572763,0.3121128699242945,0.8939998419896101,0.2429456297315898,0.858998159890813,0.2530902909186158,0.8871243404450561,0.8850664719273277,0.9969967374563647,0.978391847885998,-0.5563628257756944,0.9597476167035331,0.2074641068287833,3.9667928423950447,0.1621607867814129,3.295068204875468,0.9047355151619658,0.2771851342050929,7.933585684790089,2.974081051461194,1.4722283239129803,273.9941348973607,0.2008754654672732,2.138897906794748,19.940615835777127,38.78299120234604,614.0359237536657,3.256868248052724,0.0950867660725091,198.4398826979472,0.1454837849691695,0.3369752676742835,7.651626587215087,0.0311106198652249,5.740627845579429,0.2311864406779661,20.07292678941529,trainval/0917
0919,0919.jpg,trainval,calibration,1,malignant,ground_truth,0.7367827971546774,67.380191076035,70.22819946431775,2598.5,49.64456565381771,197.6812408671324,0.0760751359888906,2599.0,0.9141149970487198,62.0,154.0,30119601.0,2.578712468700271,48.0,3.8701549674968536,245.0,30.4078089051032,100.35282801077338,93.0,0.0,245.0,20.532494568488424,107.65184252808768,0.6667400902294527,30119601.0,0.2058525484318487,1518.2291099323284,22.48058061985092,345.5478438863348,22.17900317091685,9.345962485615402,0.5578658297371518,0.8873433965182194,0.3836798744605728,1.1489197684434014,0.4106555836710709,0.831515627043285,0.8250652815672548,0.9946613977021204,0.9663532492092712,-0.4738447368183435,0.9548224955280152,0.2812752277581622,4.503726951745783,0.1164841141865801,3.908199987611064,0.9055620683142896,0.2377402903099254,9.007453903491566,3.358820878798459,2.475957078838138,142.8491879350348,0.1657183154698779,3.137064561452619,26.05916473317865,17.776102088167054,344.07308584686774,1.4064914468730694,0.0893178201610626,194.19953596287704,0.2252894848757274,0.4647892149851153,12.625716932505016,0.0390104900501359,5.351031580540565,0.3316660253943824,8.685387406398542,trainval/0919
0938,0938.jpg,trainval,calibration,1,malignant,ground_truth,0.5212474300533377,80.41233517821563,77.92945527847606,2577.5,41.914723056232496,209.438600180013,0.0812564889156209,2578.0,0.8593054029399708,25.0,106.0,12157159.0,2.3180161499812697,38.0,4.760670231245988,225.0,24.713504373402447,60.48836307214895,55.0,1.0,224.0,16.534007639498626,68.67119293093008,1.21077484516121,12157159.0,0.246854538702791,1056.890671408908,10.00789577575997,190.46460023613432,17.960255243007925,6.467309290753291,0.4642716146861428,0.8660416372484914,0.3395183576786418,1.0507419303203778,0.3489988994853406,0.8467100934333464,0.8424932073105593,0.9955341324048104,0.9700164948881884,-0.4587456841830297,0.937193988274876,0.2696188094924769,2.916699565732333,0.1459224614870523,3.5385582597956544,0.8741290059476831,0.261744966442953,5.833399131464667,3.082755551074017,1.732895226359859,154.97215189873418,0.1961672808844736,2.542022111841051,13.356962025316456,20.263291139240508,172.94683544303797,4.561743630820823,0.2050477003741018,157.53924050632912,0.1994167601345938,0.4322782679541163,7.3320321149520895,0.0824018921366499,5.284299731006903,0.3064391000775795,9.614222079794905,trainval/0938
0944,0944.jpg,trainval,calibration,0,benign,ground_truth,0.5200557053160244,98.29307581783289,101.0,3867.5,51.11787487212455,260.2081528017138,0.0672807117780772,3868.0,0.8472258408312531,11.0,31.0,2378909.0,0.8125077004012665,8.0,74.66612327806472,245.0,8.574130644248836,18.561789038262667,13.0,0.0,245.0,3.955456328344183,24.799657443342547,7.026677010228907,2378909.0,0.7114746564230785,270.4829970061673,1.8630999213217936,175.1504152887557,13.605799830723022,1.6553774892841435,0.1403094676108051,0.8437261382647401,0.076842381327039,0.3723941150315168,0.134404716042795,0.9684631523734591,0.9673131807949228,0.9987107129261836,0.993435098863895,-0.6114410316603478,0.7871976578575973,0.0519085293003467,1.218332022029898,0.679890403507979,1.0977176407377829,0.8625919920236097,0.8161552583267768,2.436664044059795,1.016050364072049,0.4489217392237372,87.92142857142858,0.3140051020408163,2.8070918367346938,7.678571428571429,648.7142857142857,705.9964285714286,637.0412590770435,0.4883840770435158,28.507142857142856,0.1018112244897959,0.2958154024648112,4.896069656296863,0.0823820519017738,5.621386568811559,0.0723888314374353,457.8797959183673,trainval/0944
0948,0948.jpg,trainval,calibration,0,benign,ground_truth,0.5604424194403467,193.99469263154344,189.7893569197177,16399.5,108.72285489700856,520.1909088590113,0.0317199249281387,16400.0,0.8726849324835513,67.0,136.0,181684860.0,2.2282505185099417,38.0,3.02682348128272,205.0,22.133326219512195,101.6030487804878,102.0,0.0,205.0,15.825266873015783,105.2537178533434,-0.0409117046158252,181684860.0,0.2472197129684711,755.165600461035,22.123181734487204,72.60154033154615,-0.2272231062719448,4.921193960341924,0.2116860001227521,0.9175176502262916,0.2113177438163628,0.745780886140937,0.1670308112711141,0.8944025041428834,0.8943779537224574,0.9974187804200004,0.9788715734029672,-0.5843402728230903,0.9621513385671472,0.2109955195482722,4.576658687780029,0.1624324857316879,3.149605420720776,0.9185625490861792,0.2628736267108574,9.153317375560055,2.936171925363623,1.2832199901161694,823.6912884127431,0.232221958954819,1.4610044233427806,22.904144347335777,38.008457851705664,827.774739216239,2.3042207496453875,0.0631218987166753,431.8249224696927,0.1217437052353235,0.2509281065825157,5.97676938366916,0.0155513922121956,5.730448326179984,0.216280487804878,16.63054417107291,trainval/0948
0949,0949.jpg,trainval,calibration,0,benign,ground_truth,0.5636725021622302,74.64949976515813,73.68174807915459,2454.5,42.0778703177855,197.53910524340137,0.0804803851062951,2455.0,0.8890647017545866,56.0,106.0,17298878.0,1.7235852103448288,19.0,10.819520198004044,235.0,19.252607380921766,77.93971486761711,70.0,23.0,212.0,8.310022469388066,83.94275520086788,2.6710412554119567,17298878.0,0.4319456116409007,971.7869970673758,14.215913800248654,331.1931265588537,34.224726152104026,5.599403974431217,0.7513468711147949,0.763383294546427,0.3990882718607542,1.1953749574099046,0.5920754223779916,0.8442602569415665,0.8339692802748312,0.992993624205156,0.9661571333763626,-0.3154462227726717,0.8135831931067118,0.2196083713220058,3.606092001657688,0.2966276569672252,2.8956452722698627,0.8062758970371519,0.5097389142146705,7.212184003315374,2.3522871445015907,1.587687711386503,172.07520891364902,0.239659065339344,2.908923735849349,20.250696378830085,31.157381615598887,354.56545961002786,3.1395167038366982,0.0857662274777857,199.66016713091923,0.2780782272018373,0.5430604249653646,13.642777312254204,0.0416212651395729,4.903494164305951,0.2924643584521385,19.46631582622729,trainval/0949
0965,0965.jpg,trainval,calibration,0,benign,ground_truth,0.640218805875418,89.4463698726842,95.7078889120432,3779.5,57.26524810978084,267.2792206135793,0.0707181427738005,3780.0,0.8153740971069665,88.0,171.0,64427548.0,2.376189898810073,46.0,2.5854111828401343,236.0,25.764898799025783,126.74867724867724,125.0,52.0,184.0,19.24473429154613,130.55391555876395,0.3255195247619009,64427548.0,0.2163053945858178,979.097683435514,14.226440495422723,104.75542429769482,5.120807813523468,6.29169432402799,0.2504038772213247,0.9234484504761769,0.2434033387183629,0.8212394402056508,0.1911586919220785,0.8794650870579788,0.8789983844911147,0.9961571356515764,0.9730329683479926,-0.570803545118741,0.9659907679311824,0.2372778675282713,3.5659666128163705,0.1362114170747486,3.386592337284392,0.9257351242571964,0.2205169628432956,7.13193322563274,3.115108090412807,1.635524550312329,195.700104493208,0.2044933171297888,1.811872917915508,17.043887147335422,32.284221525600834,375.5120167189133,4.719178645770395,0.1137256493506493,150.30825496342737,0.1570619174121498,0.3500431852562549,6.790194684778567,0.0333979735417378,5.4788532859178245,0.2531746031746031,16.68295974554757,trainval/0965
0972,0972.jpg,trainval,calibration,0,benign,ground_truth,0.906201457060606,187.12940407197104,211.3409567499873,21595.0,169.57693862890306,711.7544007200528,0.0329592220754828,21596.0,0.7318993730989324,33.0,131.0,173154596.0,2.468782730204014,67.0,2.243620370447593,210.0,32.63761783727794,81.00592702352287,80.0,17.0,193.0,26.48885490314246,89.54273436753228,0.3511430671120862,173154596.0,0.2031110646909327,1455.9410650741336,16.475772160179428,195.5361469368555,10.656153776190148,9.28152568219774,0.1556936591748048,0.9670043360140528,0.1520489696743142,0.6246198100907239,0.1325747699957843,0.9245829634129248,0.924339984112892,0.9981044343051856,0.9848282365734822,-0.7041093602990561,0.984374614563688,0.1488598663613849,3.767534227372552,0.1572560983093201,3.1964827875802304,0.9706615774777566,0.2753609644409139,7.535068454745105,3.0290147932127227,2.3593048353431354,639.6064516129032,0.1875678743732854,2.17281447527971,19.577126099706742,114.35542521994137,1235.9882697947214,20.00732561243516,0.1037489841081431,352.20762463343107,0.1032866934408888,0.2449318706886169,4.9595259729018055,0.0303008803808276,6.30126141964712,0.1578996110390813,74.24679044727857,trainval/0972
0986,0986.jpg,trainval,calibration,0,benign,ground_truth,0.5157747335538869,281.35685560531425,275.1817581163403,31896.5,145.1167572333904,724.3158005400397,0.0227083159763622,31897.0,0.8740745758151512,16.0,46.0,28527507.0,1.189405789330962,11.0,31.676363607305703,255.0,11.197787450730615,24.65589240367433,17.0,4.0,251.0,5.863293237385853,29.90590787293728,3.9354716862269625,28527507.0,0.5620664866372619,286.4502954830463,2.4711995716940125,106.05082413329006,10.39597157877548,2.2329791311339395,0.0924637042169243,0.920476476298353,0.0699146537335055,0.3631946339544781,0.0875756454102484,0.967409903526176,0.9670410733984162,0.9992687498471718,0.994300082862581,-0.7066988096491675,0.9019159672653068,0.0615310626817413,1.3914275816458288,0.5251610585572772,1.5363983842627482,0.9324940958536136,0.7016029981419079,2.7828551632916576,1.461875242697924,0.581360708837716,671.5158912943344,0.3093117877910338,1.7612835838438985,6.386457853523722,1393.475356978351,1630.57346844772,1351.2101564338411,0.4444407679769909,167.1870105941962,0.0770092172244109,0.2117549842371935,2.509438069746778,0.0724529426823013,6.293772551086244,0.0680628272251308,1177.6114516529074,trainval/0986
0988,0988.jpg,trainval,calibration,0,benign,ground_truth,0.6478217941083673,95.12003755241162,95.26804291051644,4542.5,61.62083338285857,265.7645019878179,0.0585062194799819,4543.0,0.8989911739834666,22.0,85.0,15902174.0,2.007620226580597,34.0,2.7025646961966667,141.0,19.268505234957622,54.06955756108299,56.0,3.0,138.0,14.001212020209316,59.16391196480037,0.0908773738004927,15902174.0,0.2843176477525466,576.8514241273824,8.207923008057296,39.52119852752809,0.0093217893838442,3.848850705183744,0.1573410922112802,0.9214510437001096,0.1564458370635631,0.6290745462646994,0.1328657922767612,0.9219262906595046,0.9218666069829902,0.9957511674611048,0.9776665814042717,-0.6299572827430039,0.9592877454013607,0.1556624888093106,2.6990823634735897,0.2118598114193521,2.749672026707355,0.92713950698367,0.3636974037600716,5.398164726947179,2.588751074523498,1.0015479493487558,195.67357512953367,0.2534631802196032,1.1775131547155628,9.335492227979277,69.35103626943005,506.3523316062176,19.30067465457686,0.2318555699481865,80.84196891191709,0.1047175763107734,0.2578565052420231,2.4216291498265776,0.0632990261684192,5.771571070669145,0.1699317631521021,34.721165333297535,trainval/0988
0993,0993.jpg,trainval,calibration,0,benign,ground_truth,0.5130618539396464,224.64490146645403,221.2894032709204,20246.5,115.25672962446812,576.7178207935928,0.0284848156863454,20247.0,0.8746142307892065,23.0,86.0,79080935.0,2.052187218798319,29.0,7.601654524761145,253.0,19.00282562362528,56.787227737442585,56.0,0.0,253.0,12.31162288585676,62.49647987321124,1.0929402314101824,79080935.0,0.2947408098905274,681.0207624385292,8.818655938012219,108.1555357523897,6.22865296339116,4.270430337406893,0.3815129389559429,0.835976960039705,0.2280335767148462,0.8356090680483605,0.3295136268465773,0.9036826532132748,0.899993386282797,0.9970319262098888,0.9818788453412688,-0.5579287132613527,0.947903660755141,0.1588375083472684,2.801147369989569,0.2123876075091551,2.956761942924305,0.9165210872095018,0.3759996026424279,5.60229473997914,2.63635956790274,1.1629858190907088,908.6916932907347,0.2419306957643064,2.008328243854916,12.422523961661344,82.17917997870074,586.4896166134185,27.156774936098653,0.1744698974478924,588.1091586794462,0.1565785832479888,0.3883507021051368,6.46238288254916,0.0608887549365407,5.748440670131155,0.185508964291006,53.12088028696152,trainval/0993
0994,0994.jpg,trainval,calibration,0,benign,ground_truth,0.5689598492313057,113.34673086178763,114.15778554264269,5708.5,64.4897389019841,302.9360748630718,0.0530675439893267,5709.0,0.8841275847139277,53.0,112.0,44129320.0,2.081219689848905,30.0,8.007848041681928,251.0,19.47175348968684,83.648274654055,81.0,11.0,240.0,12.563723824840858,87.91917337798911,1.437453990855073,44129320.0,0.2939987968464453,732.7471948686886,15.840361445783133,125.11935452913087,9.643006149117236,4.330080243013157,0.6582211197732104,0.7360940841771673,0.3825301204819277,1.1458822643076163,0.5118918266972923,0.8400159461374911,0.8335679422507704,0.9949018387487684,0.9696968546454724,-0.3772323594515848,0.8898080191744017,0.2607429718875502,3.862951807228915,0.170395008139449,3.3748604659653,0.7926574038267753,0.3072289156626506,7.725903614457832,2.836503440079392,1.247075340696592,409.7908831908832,0.2334990787412439,2.0367302213456058,19.291168091168093,22.042735042735043,314.1760683760684,1.9289199177030667,0.084923904261286,381.9960113960114,0.2176615449549922,0.4626079712134576,10.688077210518884,0.03792623618141,5.120541872506913,0.3074093536521282,11.460781649499598,trainval/0994
1004,1004.jpg,trainval,calibration,0,benign,ground_truth,0.5911977026698676,42.9843565396419,43.73785545725808,851.5,25.412252836978794,117.1543289325508,0.1375858237610696,852.0,0.8829557059405128,33.0,117.0,5148942.0,2.314525814467773,40.0,7.128690959534402,248.0,29.47825607793868,66.41784037558685,52.5,12.0,236.0,17.743449058745625,77.73904524066126,1.9034264917851231,5148942.0,0.2715235072406268,1632.029634772642,11.416969696969698,549.3057534438901,47.68927203762139,8.648236547291093,1.3903030303030304,0.7230069135940517,0.6315151515151515,1.5575664306981327,0.9914916437098256,0.7730909090909092,0.7540726724256136,0.9873139460053614,0.9477280295462112,-0.2819378942134788,0.8497153354488785,0.2805707070707071,3.098787878787878,0.153406795224977,3.9005927618295737,0.7586329822595846,0.3333333333333333,6.197575757575756,2.9994587002426787,2.509634894398531,62.10227272727273,0.1764269111570248,3.849141270661157,17.78409090909091,12.642045454545457,104.7443181818182,2.448716530383197,0.1691823479444387,129.85795454545453,0.3689146435950413,0.6287536478562813,13.389542388472062,0.109223307745297,4.677609845920749,0.4131455399061033,6.7834452479338845,trainval/1004
1014,1014.jpg,trainval,calibration,0,benign,ground_truth,0.6974184856070696,236.189086507474,229.3926764306132,30308.5,164.72263502895967,669.68838354207,0.022095728377916,30309.0,0.921540418300104,2.0,74.0,73491373.0,1.958703500742504,39.0,2.4600741303443288,144.0,21.735751593509374,41.572965125870205,43.0,0.0,144.0,16.458179989021946,49.24162503092043,0.1255954355669047,73491373.0,0.2784552657617195,696.4262063289498,5.979470000994993,38.17103149483524,2.8811002153802,3.8882901602711097,0.118006036284037,0.94108970954993,0.1179397034924214,0.5237522428439352,0.1040962626241567,0.9410412037190584,0.9410367815329508,0.9968109165847217,0.98315265544379,-0.6950819795004701,0.9665865291915848,0.1178816622997578,2.2443036715200164,0.2228094748654253,2.555551199630229,0.9467052667613208,0.2786640575768631,4.488607343040032,2.4371669379676155,1.001574049138787,1018.9429033126852,0.2744257751986763,1.029259118191309,7.923242660921088,295.7185564233773,880.6566119041206,214.13759890175663,0.2636913846245923,355.6646916240237,0.0957890362574801,0.2463853741139057,2.056487378133828,0.0625468395930651,6.073775688206183,0.1225048665412913,229.08495035930056,trainval/1014
1021,1021.jpg,trainval,calibration,0,benign,ground_truth,0.5956067573474335,276.08272871187006,271.7370052090808,35576.5,164.4367388077081,742.156420973606,0.0208608609889563,35577.0,0.9009300916229632,34.0,120.0,269184959.0,2.392002056616809,45.0,2.690107275842754,211.0,25.772770497072983,80.93355257610254,82.0,5.0,206.0,18.57254901346252,86.98427196430312,-0.1957909164593807,269184959.0,0.2156468645279634,1016.0236365710967,15.765247345832393,123.00545907571244,-3.621586831771388,6.707218724329764,0.1374802349220691,0.9598286978753854,0.1350519539191325,0.5775526082951653,0.1192412046646936,0.9328646186281154,0.9327168511407274,0.9983257613788352,0.986516623200608,-0.7129401002032145,0.983381108493175,0.1330605438847476,3.758033092387621,0.1644354076691946,3.080187846991314,0.964827219928818,0.2392421504404789,7.516066184775243,2.93476240353063,1.711174739812958,1046.298388741587,0.2133996305816004,1.7192289544222987,17.054048541709157,120.72017132367938,1770.040791352233,23.207252721247738,0.1167649871927075,420.6222720783194,0.0857887562876441,0.2225847408682729,4.078079318082867,0.0252776162912877,6.498190008466695,0.1378137560783652,68.06817272421299,trainval/1021
1022,1022.jpg,trainval,calibration,0,benign,ground_truth,0.3698038546219974,232.06474556677213,216.6679487141557,14173.5,85.81843743246542,558.8599564173239,0.0394299189626644,14174.0,0.7551626355202008,50.0,112.0,103822954.0,2.062238443008956,32.0,4.713109075962892,243.0,19.26439903547932,81.90306194440525,81.0,15.0,228.0,13.635227094849265,85.58555602123414,0.6351886079302248,103822954.0,0.2828390854068771,616.7758435947236,15.384741183162689,71.34616133388134,4.373616806719259,4.014766701967668,0.2872582480091012,0.8664544016600121,0.266353811149033,0.8724659370975892,0.2163138952954865,0.8697241183162685,0.8688733855316871,0.9971761030916748,0.975935718149882,-0.4815302760641339,0.9287301853070038,0.2532865630135255,3.801692263936291,0.1714531741819616,3.1288609136220504,0.8731311954740145,0.3053896473265074,7.603384527872582,2.8220094354171668,1.075506237494192,951.0331462175888,0.2542189645061719,1.33278599816607,16.41192194600374,25.62897620956964,380.99679230152367,2.2536989421710447,0.0900149207935275,577.3298583266507,0.1543250089084872,0.3365700405446689,5.91653087221804,0.0303907236418232,5.308913798139022,0.2639339635953153,11.273769833843764,trainval/1022
1030,1030.jpg,trainval,calibration,0,benign,ground_truth,0.7601552521874732,39.13448041463252,39.0,909.5,29.74828082881071,116.42640687119297,0.1280114424092281,910.0,0.9182370013667964,2.0,35.10000000000002,356445.0,0.810167792611309,16.75,3.476175880451349,61.0,10.087404902789515,15.192307692307692,12.0,0.0,61.0,7.088329257276312,19.791356754851403,1.0420586925896398,356445.0,0.6622461055428088,160.8915891800507,1.601589103291714,2.298032810856255,0.969248772459929,0.6620379019301407,0.0681044267877412,0.8134489013742516,0.0681044267877412,0.3588095916603802,0.0634662138396544,0.9659477866061296,0.9659477866061296,0.993189557321226,0.9829738933030648,-0.5577170915630916,0.7588513204488363,0.0681044267877412,1.2054483541430192,0.6242699646078586,1.1090014913988258,0.8149155652156924,0.7741203178206584,2.4108967082860384,1.040897064611085,0.1825355821794705,39.78651685393258,0.4470395152127256,0.3582880949375079,3.1235955056179776,249.8426966292135,285.9887640449438,241.3180399500624,0.5440074906367041,8.730337078651685,0.0980936750410301,0.2555520814503381,1.080198869928113,0.1121591456015282,4.426757307684261,0.0978021978021978,145.2978159323318,trainval/1030
1036,1036.jpg,trainval,calibration,0,benign,ground_truth,0.6058089847297891,195.0305662156522,193.31321734428812,17987.5,118.15126931038012,530.4335495461307,0.0294890090088189,17988.0,0.8963122879430764,15.0,102.0,81742476.0,2.3749432826836,43.0,3.386610516483276,201.0,25.651649959706788,59.09461863464532,56.0,6.0,195.0,18.04289086889285,67.4112615625681,0.664781358342752,81742476.0,0.2190053357044938,1052.1042338828015,10.006098584457003,157.65671699639432,11.213102680007015,6.8835260390714526,0.1544788228053488,0.9561015299542844,0.1540312202763945,0.6217188204494082,0.1307532059855136,0.9230589902832952,0.9230291501146982,0.9981164972276498,0.98460094708626,-0.6866226606421928,0.9806257997735502,0.1536395680635595,2.885106025849046,0.1600389422088893,3.1182597740835813,0.9592553830882988,0.2566441000391652,5.770212051698092,2.961751773914698,1.7595012154692002,646.9888268156425,0.2259039199775288,1.6768592145610313,11.584846368715084,86.9518156424581,696.3152932960894,34.55276463477293,0.1949968414649638,274.3861731843575,0.0958052280671639,0.2097009821577018,2.7005355073757644,0.0391029337812487,6.182373240153735,0.15921725594841,47.50429332729939,trainval/1036
1047,1047.jpg,trainval,calibration,0,benign,ground_truth,0.7192500183471299,259.07535309104287,254.0177159176108,37652.5,186.3399524640217,743.1269837220833,0.0197364579701768,37653.0,0.9256329572747232,36.0,128.0,328464391.0,2.492917343815185,41.0,3.2400734470842054,248.0,26.760126856894257,86.75916925610177,88.0,3.0,245.0,17.901177383817267,93.399457788089,-0.1529272331315498,328464391.0,0.2105957552867901,1196.305265100107,17.85607152388578,197.43064618781904,-4.384024902900199,7.814473395992838,0.2548972511342406,0.9368235114531536,0.2507872965038697,0.8238076466937907,0.1920029830465208,0.8752086113335112,0.8750098117709854,0.9974798384742672,0.9772310377994926,-0.5881024586163373,0.9729283680794846,0.2479194466684458,3.995769949292768,0.1263034596345344,3.51682493524214,0.95652766932171,0.2424339471577261,7.991539898585535,3.252590385293478,2.01734266178177,2036.196006305833,0.2139985293017165,1.8100399043576685,19.83794009458749,32.652338413032055,441.5861271676301,10.778253317916956,0.0944962784855091,1421.595691014188,0.1494057478732725,0.30662288616103,6.513307912880536,0.0266103497223181,5.601490983278319,0.2527023079170318,16.992705281286923,trainval/1047
1061,1061.jpg,trainval,calibration,0,benign,ground_truth,0.6689629409611206,206.5570634479881,212.08488866489287,22368.5,138.1790206404589,580.3158005400397,0.0259434383414193,22369.0,0.913606051327418,13.0,69.0,35427540.0,1.5876419414634442,26.0,6.737974744115737,204.0,19.892318205928326,30.234342169967366,16.0,1.0,203.0,12.337536513210802,39.79671397717989,1.8912632768023545,35427540.0,0.4566785820844257,669.6629969307984,3.838941875112471,105.9253958017136,15.765986789174269,4.480194047334269,0.2285405794493432,0.9029290892082176,0.1433327334892928,0.6118781635057637,0.2079963069598305,0.9386104612800672,0.9362576408866728,0.9973822771063532,0.9863598656157592,-0.6317054401242724,0.9299238629849564,0.1016652420370703,1.666141803131186,0.4159417612289978,2.1667824572713688,0.9373140151203172,0.6247075760302322,3.332283606262372,1.958493783643039,1.177183656695903,591.0870848708487,0.2181133154504976,2.022462248607726,9.590036900369004,408.6077490774908,582.680811808118,387.482318997368,0.3062956417772794,488.5335793357934,0.1802706934818425,0.4287841122062877,5.502245743683813,0.0876375149900921,5.769415129893114,0.1211498055344449,340.4752126196538,trainval/1061
1067,1067.jpg,trainval,calibration,0,benign,ground_truth,0.3088539743713594,267.3482314706968,245.3935614477283,15627.0,82.57156383087883,694.3158005400396,0.0444305241274742,15628.0,0.6382424549979692,27.0,120.0,105347366.0,2.571259393199754,51.0,3.516861440336285,251.0,29.05679411626169,73.65203480931662,72.0,0.0,251.0,21.073684664678137,82.10321043701336,0.5782554972758259,105347366.0,0.190956347898992,1316.314932511714,13.928733104830886,243.8113482047351,12.147156727794291,8.463456316015709,0.4087822544137619,0.9078513835783896,0.3513548470542586,1.019593132614146,0.2853320258652405,0.8317587605436019,0.829747742881181,0.9966979096664612,0.9710613102712272,-0.500049811735158,0.960968898627586,0.3190541759181415,3.451820474681498,0.0981495156201014,3.854424683439333,0.9124246864255932,0.1731876091314751,6.903640949362996,3.421228593234945,2.218059642607367,985.0068194733852,0.1865896608208723,2.4157117158806813,16.57605607122561,15.141882932373557,176.21405569236595,3.705392129987679,0.1489338519007143,1084.188482667172,0.205377625055346,0.4177071469217577,8.040073367188812,0.0515326381050236,5.295499824884954,0.3377911441003327,6.377860488008382,trainval/1067
1079,1079.jpg,trainval,calibration,0,benign,ground_truth,0.4586079839170808,163.7875805466359,157.0350279396288,9564.5,75.11429210514916,407.5218613006988,0.0426077538084268,9565.0,0.8507170883319707,47.40000000000009,139.0,100415719.0,2.5032776470852154,45.0,2.8144151905359363,242.0,27.42413170512702,96.52786199686356,99.0,13.0,229.0,19.172180235385888,102.46094662286777,-0.0503971983142511,100415719.0,0.2032130559636941,1180.6174411686186,20.98693361433088,154.49432572870177,-1.1543390498785562,7.477633669072097,0.3036880927291887,0.9219443426128444,0.2821917808219178,0.9030333019162908,0.2240558915657433,0.8621074815595363,0.8610239880989277,0.9970109627845044,0.9745033680755494,-0.5456587380352059,0.9669170080961124,0.2667559419271748,4.381032665964175,0.1171044558022919,3.641150337012925,0.9247447421364136,0.2143308746048472,8.762065331928346,3.3043485238666195,1.945330440450321,517.0022514071295,0.1939970924604613,2.0799011577357804,21.39699812382739,22.93921200750469,482.74146341463415,1.803516169934724,0.0886806386928338,448.772607879925,0.1683949748142307,0.3517647518414669,7.63080094683493,0.0331425387244888,5.555885596479458,0.2786199686356508,10.057442562014016,trainval/1079
1081,1081.jpg,trainval,calibration,0,benign,ground_truth,0.7468980028940799,51.49085328789487,51.47815070493501,1543.5,38.45841548804075,151.88225099390883,0.0984011992185998,1544.0,0.9169617582812408,56.0,128.70000000000005,13616997.0,2.2785384833544127,38.0,4.221634910665203,235.0,23.474395285779487,89.05634715025907,85.0,16.0,219.0,16.310425041413673,93.91112061481076,0.8271886357115904,13616997.0,0.2447792222610003,888.2656073820773,17.874335106382976,109.70071470860496,9.215725320978974,5.369963784517881,0.6249999999999999,0.7914916511709126,0.4614361702127659,1.2194470738641845,0.4120766608193753,0.7910239361702128,0.7850750938673342,0.9939886626238794,0.959206020043786,-0.3457096973485501,0.8901159756210448,0.36647643321513,4.085106382978723,0.1146510457927795,3.7604299184641015,0.8110005536467403,0.2147606382978723,8.170212765957446,3.135864505899404,1.4987409461294705,136.34370139968897,0.2120430814925178,1.9730317403113808,20.09175738724728,9.732503888024883,162.3919129082426,0.7660616365087594,0.0803858210814998,180.8351477449456,0.2812366216873181,0.5321462597709986,11.732824488636052,0.0433727439932755,4.699522722254813,0.4164507772020725,3.966530333850124,trainval/1081
1083,1083.jpg,trainval,calibration,0,benign,ground_truth,0.9098595985328892,62.36647191829592,63.788713735268246,2759.5,56.74473310149344,200.6518036156096,0.0727131015095522,2760.0,0.9280621554230006,59.0,101.0,17227435.0,1.50969852057451,20.0,3.72772330870765,149.0,12.806234247006934,77.29891304347827,75.0,39.0,110.0,8.907183333668481,79.00521676042867,0.7788931153817485,17227435.0,0.399102604494854,266.70231765910523,7.17074074074074,10.41243106478936,1.729060688716154,1.8426578875171469,0.1688888888888889,0.8320805751376684,0.1674074074074074,0.6568766923764495,0.1408636488340192,0.9165432098765433,0.9164444444444444,0.9935160624815798,0.9721340388007056,-0.5011497139015858,0.8811668249637482,0.1661111111111111,2.5985185185185182,0.2979759945130315,2.2403397014247823,0.8417750844846253,0.4255555555555556,5.197037037037037,2.0661045297305987,0.502886694101509,173.23529411764707,0.339677047289504,0.6844482891195695,8.382352941176471,61.188235294117646,372.9372549019608,12.317231481481482,0.1856290849673202,57.423529411764704,0.1125951557093425,0.2614615935830584,2.257801978414898,0.0581896493680071,5.208861392558483,0.1847826086956521,31.90103806228374,trainval/1083
1086,1086.jpg,trainval,calibration,0,benign,ground_truth,0.5232054144174768,259.16775875448235,252.57870060636543,27364.5,135.59797462278758,671.6295090390246,0.0245438253590975,27365.0,0.873109917551921,13.0,179.0,340020260.0,3.1077129566825503,108.0,1.8706241640930328,255.0,53.404539418781546,93.09417138680796,88.0,1.0,254.0,43.47600795672377,111.46914534346776,0.2646736816488022,340020260.0,0.1229231752747713,3758.845617406768,23.97656651729964,1094.7021774248612,31.171259856799143,24.157284767113016,0.2433703077940204,0.9800521496618102,0.2097994564019687,0.7641508161723931,0.1993544958874588,0.8987518058718381,0.8980814187130813,0.998043637452544,0.9827062040594142,-0.7039978660551198,0.9936971958855174,0.1961587167495123,4.242415338279585,0.084661357516289,4.028636542817605,0.9820611462701568,0.1607287151987071,8.48483067655917,3.785400823058148,6.100163768726759,660.8272223215882,0.1181948170848843,5.4047792078135135,28.859059202289394,60.050974780897874,836.7701663387587,32.14857969454179,0.1366989470882409,701.9347165086747,0.1255472574689098,0.2704287543232453,8.106074744110769,0.0352981862037446,6.546831670504454,0.2043120774712223,36.09510628219504,trainval/1086
1100,1100.jpg,trainval,calibration,0,benign,ground_truth,0.2961764832563321,342.60973293055906,304.59973736035954,13958.0,101.47294582876413,602.5584412271589,0.0431693968496316,13959.0,0.6950520909109458,18.0,75.0,35326610.0,1.94623299196024,32.0,3.56455897594751,144.0,18.353524550557506,44.69045060534423,42.0,4.0,140.0,13.08222618495765,50.306468179954166,0.8075315303536948,35326610.0,0.2973975893224209,533.504365432029,6.111690569317688,46.46797681585529,4.937118461415051,3.695459183588884,0.1445748225409242,0.9247012800875508,0.1445748225409242,0.5960955928874913,0.1236729432281845,0.927712588729538,0.927712588729538,0.9960925723637588,0.9793464539227252,-0.6400406811762196,0.9575665959736004,0.1445748225409242,2.285600463566565,0.2258825651934028,2.6433774512528543,0.9289453442764184,0.3691148775894539,4.571200927133131,2.498802628711932,0.960008501532452,575.8655188459749,0.2679690641442414,1.1247695801893425,7.218706375058167,84.36435551419265,419.94648673801765,36.90022077452045,0.3171476397290729,188.46393671475104,0.0876984349533508,0.1797446791160199,1.4339820835819812,0.0573370080335031,5.947111887057822,0.1539508560785156,42.17180456199287,trainval/1100
1106,1106.jpg,trainval,calibration,0,benign,ground_truth,0.8422507465193324,104.0937933603745,104.29285689825552,7079.5,87.67307516580456,322.49242404917607,0.0455529944274561,7080.0,0.9248828114755026,20.0,111.0,35428468.0,2.464956575839711,57.0,2.707085123637236,220.0,29.845453493568257,61.24717514124294,57.0,4.0,216.0,23.178845668697345,70.73910448934735,0.5399173395255983,35428468.0,0.1967230441444029,1252.804441172715,10.485836909871246,142.0756024980399,8.372171456938213,7.872518906019431,0.4796852646638054,0.885135646863727,0.2962804005722461,0.9870126796956864,0.3919031889005548,0.8735240820219361,0.8688035914266664,0.9945275245754408,0.9718537256734684,-0.5461693900342262,0.9654065118711952,0.2101147273883325,2.9389842632331904,0.1246188096217568,3.5780700913154075,0.922162491152796,0.2187410586552217,5.877968526466381,3.145668904969484,2.088051042670809,323.7954415954416,0.1844988271199097,2.379154065307912,14.325925925925926,39.06096866096866,311.65299145299144,15.736444403618789,0.1895755804959949,335.4353276353276,0.1911312408178505,0.4343315983886741,7.718607340687075,0.0674151826542457,5.5751259000339,0.2478813559322034,22.786295565782748,trainval/1106
1109,1109.jpg,trainval,calibration,0,benign,ground_truth,0.8187633751997567,341.5948901507589,365.1369606051954,73662.5,279.6853852108255,1044.842712474621,0.0141841875102612,73663.0,0.9208252955890538,82.0,133.0,872671650.0,1.7352781593950644,26.0,5.031331090485849,225.0,16.265690014059906,106.72603613754532,105.0,53.0,172.0,11.135002149701318,108.84305744279848,1.081648735850984,872671650.0,0.3630780543512174,456.364363863701,8.428845865634836,44.02858394986277,5.556583183612076,2.9263747293939093,0.1039415779936509,0.9313988590958284,0.102987860539259,0.4809603021846698,0.093335078575197,0.9486548042381387,0.9486014414758096,0.9984024807426428,0.9885672535263116,-0.6853999667113414,0.9523850542016976,0.1022498648900272,2.779071351690124,0.3041217630963501,2.278164039569976,0.9516046443553566,0.4141722413722631,5.558142703380247,2.1708784506175904,0.7575790768468902,2165.264339792121,0.2778473424601721,1.135385312989779,9.204542538175286,465.2838444758116,3442.1510329783137,77.24934506914747,0.2103419584716559,799.4958295906583,0.1025915346581109,0.2707861602593707,2.3856717085221706,0.0697637828524669,6.198763238712774,0.1057925960115661,375.9348948340901,trainval/1109
1112,1112.jpg,trainval,calibration,0,benign,ground_truth,0.6367957165750084,295.64219635476627,283.0070670495703,43374.5,188.26368427754275,810.2152954766515,0.0186795304954904,43375.0,0.9112168354893716,20.0,96.0,146704515.0,2.165450770591706,37.0,3.666309101773047,174.0,22.94159254142132,50.44355043227666,43.0,1.0,173.0,16.14205215198084,58.15700006929964,1.0728693492721106,146704515.0,0.2701612542584026,837.68487684688,7.797828502639134,117.01534003592496,13.112319032805653,5.734221194539446,0.1505463468839707,0.948835244272858,0.144249467543291,0.6058851278833987,0.1297384379974477,0.9287846868537212,0.9285016858859482,0.9970098764165805,0.982051520389561,-0.6724138754597622,0.9723875921039652,0.1400394905392475,2.530199555514399,0.2082386828365962,2.872933894466089,0.958346941423037,0.3776044078155385,5.060399111028799,2.7111209747019074,1.471191885355854,1443.7329310892346,0.2292367308811106,1.672904875566762,8.856462369006033,171.40155604953955,962.0254048904416,56.78229756288035,0.3038524692718201,629.639885677993,0.0999745769574457,0.2545179715193033,2.229640951240319,0.0818077830502525,6.23372375364389,0.1451988472622478,123.96931297076372,trainval/1112
1116,1116.jpg,trainval,calibration,0,benign,ground_truth,0.6835010783017924,242.3180880939408,245.3935614477283,31133.5,165.62467450423722,686.7005768508902,0.0220566456341526,31134.0,0.910859711313233,49.0,115.0,214827947.0,2.058284579610654,37.0,2.743379295442588,185.0,20.34838922233503,79.3078627866641,75.0,28.0,157.0,15.379323213920854,83.06688571898748,0.5762558029808083,214827947.0,0.2758636435399445,610.3704032629864,8.2214652416777,49.86138166303753,4.143560009422309,4.206708472415795,0.1347712376093765,0.9379146067189174,0.1347712376093765,0.570379612759149,0.1166079511226134,0.9326143811953118,0.9326143811953118,0.9973045752478124,0.983153595298828,-0.6724413997022238,0.9680612172544572,0.1347712376093765,2.6839301281844308,0.2142539442290914,2.731243521666688,0.9429730290696468,0.3438377837331697,5.3678602563688615,2.596472284057313,1.085369927506293,1049.8208439013142,0.2420615273002799,1.2869364523982447,9.110675582199676,147.21743140419645,954.5155637537468,37.07453980854504,0.249244899789137,384.2308047037122,0.0885936833534037,0.1992689707847978,1.77721624389586,0.0564119926232402,6.2123514775791,0.139301085629858,95.68377021291664,trainval/1116
1117,1117.jpg,trainval,calibration,0,benign,ground_truth,0.5608734454119773,134.25363165626086,133.41664064126334,7923.5,75.29929694611754,352.8355697996837,0.0445302669022128,7924.0,0.8943162100748063,77.0,112.0,71858804.0,1.33992368527547,18.0,3.3449167944810143,159.0,10.809214481032708,94.24709742554263,94.0,42.0,117.0,7.727944833387065,95.22867877897338,0.0579263706564518,71858804.0,0.4594013203678255,185.98588884916552,11.164097337240412,5.7231765795427405,0.1980723855596615,1.3466357391288666,0.1453688367944961,0.8051362051560311,0.145368836794496,0.598128429065051,0.1242367380835112,0.927315581602752,0.927315581602752,0.9960711125190675,0.979233023315072,-0.499153904450162,0.8578573975407326,0.145368836794496,3.296024971333928,0.3560023592200477,2.001764838911813,0.805304619755878,0.5209580838323353,6.592049942667856,1.85639600211732,0.3730011439808407,451.4736842105263,0.3712777008310249,0.5684831360370498,11.601151315789474,87.78289473684211,953.8240131578948,8.890843384502924,0.1106524122807017,110.7779605263158,0.091100296485457,0.1954947246857265,2.342917064531908,0.0243434982176608,5.473595651319316,0.1534578495709238,45.31880843144044,trainval/1117
1122,1122.jpg,trainval,calibration,0,benign,ground_truth,0.6793525354416492,150.91926526534454,155.16765126791086,12071.5,102.52738550500264,426.96046148071207,0.0353692963990152,12072.0,0.912216434368644,22.0,121.0,67108700.0,2.5419999050922084,50.0,4.090110873408407,243.0,30.989816073736502,63.35089463220676,54.0,2.0,241.0,21.47295833739326,74.5589527958553,1.1273868049829392,67108700.0,0.2079875370046125,1545.7015913136158,11.718582887700537,400.75908026533006,33.89081660775019,9.977813356785653,0.3024732620320856,0.941154702539437,0.2705548128342246,0.8929657023994312,0.2292733552843233,0.8691552473262032,0.8678286894766133,0.997037001615507,0.9756323222232312,-0.5696526574218462,0.9719019589032518,0.2504048759655377,3.0495487967914445,0.1303027854805327,3.632104725811285,0.9458060549634926,0.2701370320855615,6.099097593582887,3.3015300147483604,2.5700716547044347,559.8026315789474,0.1753767642791188,3.019191835321386,15.00093984962406,28.31453634085213,254.7246240601504,8.304061799325806,0.2040894386361942,529.8991228070175,0.1660084971199929,0.3662405879361897,6.4640719077683295,0.0657674426188168,5.75407562109,0.2644135188866799,14.01135357189967,trainval/1122
1129,1129.jpg,trainval,calibration,0,benign,ground_truth,0.5937606475826358,120.56183562721228,121.49897118905989,6683.5,71.58487359576488,324.5929291125643,0.0485663094355598,6684.0,0.8928281058661285,40.0,115.0,49724094.0,2.1606880033427904,32.0,2.984141399225703,182.0,21.034398356015835,81.91262716935967,85.0,7.0,175.0,14.59973465223381,86.25121444257276,-0.3841257098599277,49724094.0,0.2682083584475695,729.5935030321524,15.54203205322044,67.21877898613923,-4.253060571497925,4.688122156874812,0.2813728454792863,0.8867599845272015,0.2514363471424251,0.8665596909529479,0.2181526088149602,0.8788932567281524,0.8772754762624736,0.9957224523372028,0.9723860925554304,-0.5151253616713855,0.944356724157935,0.228811779726506,3.800045358330813,0.1716142801796118,3.205197985642899,0.8984113250713793,0.3303598427577865,7.600090716661626,2.8789695323639903,1.2423737505885244,376.1508515815085,0.2288022211566353,1.5501713818885752,15.517031630170315,32.147201946472016,504.9586374695864,3.2590824740277298,0.1357141348530491,246.27615571776155,0.1498030144268622,0.3394426090856634,5.00645055023899,0.0588977105093379,5.4950513356440895,0.2459605026929982,15.617338874385068,trainval/1129
1142,1142.jpg,trainval,calibration,0,benign,ground_truth,0.647702959984784,67.57012264173063,69.18092222571191,2318.5,43.76536844158381,188.5096679918785,0.081306736248384,2319.0,0.9054716423614712,55.0,110.0,17961192.0,1.9259101475349245,29.0,11.88322220089929,252.0,20.761986261568712,82.07848210435533,75.0,33.0,219.0,12.031745126818311,88.00699725209289,2.575183852658628,17961192.0,0.3446012197269458,1008.3543407749062,8.934945054945054,383.7134743621422,33.69815670719812,5.579983093829246,1.028131868131868,0.6888274873999027,0.4804395604395604,1.315873008709604,0.7973096968965101,0.820974358974359,0.809396449704142,0.990663993336704,0.9599790685504972,-0.2968744958116113,0.8249747184960204,0.2494273504273504,2.7923076923076926,0.2051187054703538,3.273617055356967,0.7460153411315853,0.3595604395604395,5.584615384615383,2.640997419110542,1.6520287404902787,182.27626459143968,0.2364153885751487,2.830245558432208,13.45395590142672,20.28923476005188,139.07263294422827,4.085034275239135,0.1865273650051845,213.84306095979247,0.2773580557195752,0.5412993573379925,9.268411027466351,0.0954672207665184,4.855892341824847,0.3324708926261319,11.24248159194941,trainval/1142
1143,1143.jpg,trainval,calibration,0,benign,ground_truth,0.5721602917504712,112.44618041373836,113.8859078200635,5668.5,64.33723939175066,298.350288425445,0.0526330225677771,5669.0,0.894566324753403,41.0,120.0,42477135.0,2.3452901976898906,44.0,4.773306151099554,253.0,24.85034567495648,80.51772799435527,80.0,14.0,239.0,17.844980726981213,86.5614215259634,0.8195411725921701,42477135.0,0.2251303078040054,1009.7751752225378,15.481342617389751,149.46949496358454,8.602270465355499,6.173774603018863,0.6927334404570613,0.7982283174880285,0.3945723977861096,1.1594307384981493,0.5370460633623813,0.8361125989406654,0.8296535605713589,0.9946442321560972,0.9688181744756464,-0.4325743871607941,0.9320292198820244,0.2674986609534012,3.756472058560971,0.1235255067219135,3.678027451159192,0.8643508629654018,0.2237100517764685,7.512944117121941,3.111209261771639,1.7166270108689812,369.0929971988796,0.2067747883467112,2.16641825357594,18.854901960784314,21.75406162464986,274.6935574229692,2.8748698684627843,0.0946450841045966,406.1731092436975,0.2275479603606148,0.4748678618399427,10.255096078228885,0.0436028307380101,5.190317973492771,0.314870347503969,11.667654983562052,trainval/1143
1148,1148.jpg,trainval,calibration,0,benign,ground_truth,0.3271905397319212,388.8284158039804,418.3706490661122,32585.0,127.22097923001222,935.1097397793808,0.0286975522411962,32586.0,0.6843073649840223,1.0,103.0,131897741.0,2.380382253239905,63.0,2.563191292213876,189.0,32.46367112624157,50.366568464984965,49.0,0.0,189.0,26.17425259619758,63.62138982668325,0.4738679778360853,131897741.0,0.2177242576201599,1510.8900245407765,8.876662449470793,203.32942412431137,16.644791967337486,8.556001791212676,0.1450921097293794,0.9666496853427428,0.1449069645446971,0.5978255418362896,0.1240940813558213,0.927577375258432,0.9275650322461196,0.997768065024776,0.983901283330419,-0.7108644731724888,0.9827783099626606,0.1447449625081001,2.6026784336717377,0.1729998716670649,3.062132423556095,0.9676524676858392,0.3032060974480822,5.205356867343475,2.9161017307187445,2.175273475235514,970.8275862068964,0.1992667459373761,1.981602884415756,12.722290640394087,140.61740558292283,564.1646141215107,104.94655553368035,0.2004259947513487,499.5209359605912,0.1025289277423216,0.2035519387082039,2.8891055131518613,0.0332787356787529,6.21428093939415,0.1495120603940342,95.88239472364452,trainval/1148
1157,1157.jpg,trainval,calibration,0,benign,ground_truth,0.7249789391666427,379.453243503694,380.1710141502111,45835.5,275.0956099386498,1844.746391493284,0.0402471095874002,45838.0,0.4114047002397267,18.0,102.0,204997532.0,2.37603313657844,54.0,2.483035020040224,202.0,27.855453529718567,58.20424102273223,54.0,0.0,202.0,21.40649525813368,66.87464446516127,0.3883664700324881,204997532.0,0.2098097953409702,1084.4843993094198,9.906922398589067,124.0574574940685,7.538025177891573,7.049998582766442,0.1525132275132275,0.9576499889120472,0.1490299823633157,0.6159196806414098,0.1303032918700173,0.926032480893592,0.9258333333333332,0.9981436883696568,0.9851280663780664,-0.6921784235812619,0.9811869301500044,0.1462944591416813,2.860515873015873,0.1571682242141255,3.1076442892389813,0.9600462921856938,0.2492283950617284,5.721031746031747,2.945207943069747,1.8006279525699167,1446.8442428471735,0.2019322041656907,1.8546416562250885,11.736078157711097,91.66503838101885,737.3969295184927,32.2392157522219,0.2235862594036089,676.3764131193301,0.0944000576579665,0.2138746842224106,2.666404138104466,0.0448210069654733,6.333016994710289,0.1563113573890658,50.73718838523118,trainval/1157
1159,1159.jpg,trainval,calibration,0,benign,ground_truth,0.933805221004424,160.55089956114648,165.0242406436097,18845.5,149.92326824715545,515.3868683519053,0.0273480071291239,18846.0,0.9442248269422936,32.0,120.0,133497202.0,2.4455660871573137,45.75,2.7043923997029697,186.0,26.40263695997685,77.43860766210337,79.0,0.0,186.0,18.889349415972912,84.16402336656432,-0.094704795822726,133497202.0,0.2066465337572094,1086.8448726024117,14.850714323933865,124.13808171409212,-0.7933476726743809,6.952324221320086,0.2220022473112526,0.9381120309252934,0.2209320990957247,0.7663105416601604,0.1731912549004094,0.8897123084880588,0.8896409652736903,0.9965860335004816,0.975463879525092,-0.6094483163881957,0.974305337616613,0.2199957194071378,3.6287923377387767,0.1319703827591604,3.401100297940431,0.9405897701220948,0.2323291775910963,7.257584675477553,3.1745508129264524,1.7935816171578345,863.5790458372311,0.2019595523473412,1.8372890306897067,15.905051449953229,39.13423760523854,536.2123479887746,7.245281895908504,0.1363148874883598,599.1618334892423,0.1401220377664271,0.309758002750356,5.081111573031018,0.0396012324617266,5.798898445691004,0.2268916480950865,19.70915025101487,trainval/1159
1174,1174.jpg,trainval,calibration,0,benign,ground_truth,0.9164148929338808,174.728084902228,183.8695189529793,21588.5,160.1234192182173,562.1909088590113,0.0260412214308085,21589.0,0.9264721047050484,69.0,130.0,218552931.0,2.0246418489019327,31.0,3.752359446103864,235.0,18.89436200833453,97.68210662837556,94.0,32.0,203.0,13.120025971479263,100.61484312973056,0.6367114805354457,218552931.0,0.2931979535119953,581.5527026629553,12.635409377186845,52.558003096295074,4.283481068431954,3.828908900457925,0.2246326102169349,0.8891672333314591,0.2140891066013529,0.7708101478630885,0.1787984646515694,0.894509758183656,0.8939966245420491,0.9972738616768838,0.9786830407754132,-0.53979005641896,0.9419309402831788,0.2066875307778037,3.4255423372988103,0.1982696669111388,2.9519067623582464,0.8983801701085026,0.3503615581992069,6.851084674597621,2.7090822226449225,1.0133853776687147,1160.3062190660642,0.2496893090307863,1.333432617372234,13.21196470841403,43.611146976544006,531.8246180331397,4.700636789913903,0.1311389684949687,605.4562083064343,0.1302896940620689,0.2939669090445268,3.9683371740858817,0.0461288331379229,5.632598289989591,0.2152485061837046,22.02775451965812,trainval/1174
1175,1175.jpg,trainval,calibration,0,benign,ground_truth,0.6439842227983621,90.77796024580913,91.92388155425118,4155.5,58.45957417611799,250.2081528017138,0.0602113230180998,4156.0,0.9133034930367094,19.0,113.0,28365592.0,2.4490386395405435,38.0,5.246892190822592,245.0,26.51730790785913,74.21029836381136,76.0,0.0,245.0,17.271519463533874,82.61485719561219,0.6092101058594712,28365592.0,0.2228785961551466,1318.0462462054927,13.972629521016618,304.4217301014338,9.49341378293825,7.970541905671032,0.7316715542521993,0.831842425465244,0.404692082111437,1.2024602838005871,0.5678958729285094,0.8361890797374669,0.8275847210382316,0.9932272478099916,0.9654238112815826,-0.4444518699372122,0.941417225009166,0.25003536711198,3.487536656891496,0.1251481086525074,3.804236864001557,0.8966620530338717,0.2453567937438905,6.975073313782991,3.181405657148795,2.175553364980808,253.99845679012347,0.1959864635726261,2.635501805174516,17.111882716049383,23.25462962962963,282.7608024691358,6.328791582876863,0.1443870677486243,335.162037037037,0.2586126828989483,0.5195495381045571,10.028211867398763,0.0643879604639069,5.215947128210488,0.3118383060635226,12.971126733729616,trainval/1175
1181,1181.jpg,trainval,calibration,0,benign,ground_truth,0.6713885144665925,314.17321846609497,307.7482737563284,51884.5,210.93229043113973,879.7960312803958,0.0169568181495513,51885.0,0.9177866820693904,10.0,76.0,93694804.0,1.7342759508393015,33.0,5.975834756859707,251.0,22.721015515582906,30.785429314830875,16.0,0.0,251.0,14.938768202366171,42.49490307231414,1.705353119854595,93694804.0,0.4076126819520814,858.0741290269252,4.429926075008709,174.12132331237262,21.53006400971569,5.364228430460673,0.1596934628633355,0.9421811292964388,0.1259434144831056,0.5686976807682913,0.1438317192116722,0.942097573247668,0.9403916338016772,0.9987094298080608,0.9897148159119846,-0.663889476566566,0.9482351659004208,0.101579501619125,1.7688392615241706,0.3654356105417386,2.3085155047650687,0.942482627052492,0.573015442969385,3.5376785230483416,2.120734120915028,1.3809804733310025,1279.50629089079,0.2146462491009545,2.1202873759681737,9.695017614494212,655.0110719677906,950.9498406307666,621.5445824244813,0.3141637650651335,888.8466700218084,0.1491103288075504,0.3779451904803205,4.66254289325998,0.087341441768172,6.001959797451812,0.114888696154958,579.2501242981241,trainval/1181
1200,1200.jpg,trainval,calibration,0,benign,ground_truth,0.9353843138198482,174.54941417601373,179.96110690924303,22320.5,163.27078400668708,565.68838354207,0.0253438938886705,22321.0,0.9362237001682632,29.0,97.0,101002389.0,2.14330848080321,35.0,4.793865276503919,219.0,21.97575951723584,61.03171900900497,56.0,0.0,219.0,15.271187644336198,67.26807494705803,1.0844561386293627,101002389.0,0.2721575864847528,800.1231818888771,9.997607655502392,122.90999029457645,11.978217673742437,5.15475526477281,0.1916583912611718,0.928303942196891,0.1777557100297914,0.6962025959910346,0.1600612988129764,0.9130781499202552,0.9124805505844118,0.997682464734544,0.9823437463502462,-0.6138826834534593,0.963202979511222,0.1687772085301876,2.95919472781439,0.1976363113869446,2.9666785266506093,0.93617420880317,0.3108693689627155,5.91838945562878,2.756646627206804,1.3366034140084952,937.776494224008,0.2355038910657981,1.6251244613820957,11.48869914615771,67.46082370668006,581.2448518332496,13.13463450500324,0.1858905704607493,430.4284279256655,0.1080935278567718,0.2689418118971028,3.417397053188873,0.0545656276798014,6.014061726957662,0.1783970252228842,36.03947781339483,trainval/1200
1201,1201.jpg,trainval,calibration,0,benign,ground_truth,0.6347622430843706,237.06443585531585,226.92069099136816,27710.5,150.47955305905117,652.7178207935928,0.0235548914957721,27711.0,0.9040691355686682,34.0,93.0,125759617.0,2.062708735178872,30.0,4.683204479343543,252.0,18.95220332348664,62.68229223052217,61.0,1.0,251.0,12.854528550514717,67.36658058604708,0.7796300615703848,125759617.0,0.2862292617578022,609.1864205837943,10.17942392802728,75.77134846409604,5.563105780795087,4.131407396680238,0.1984691286367264,0.908325732858076,0.1823623304070231,0.7054521736774068,0.1652131090852461,0.9109627802365232,0.910388543431593,0.9983850256754196,0.9849000228289932,-0.5922267932684981,0.9553624429759195,0.1730856046498504,3.032521947326417,0.2034043315664732,2.898384183352824,0.9137323857856394,0.3449902053254008,6.065043894652834,2.686568868516374,1.0824691313292414,1290.9740415335464,0.2577823565362512,1.3382815929018363,10.895367412140574,61.98622204472844,608.019768370607,10.939264739488268,0.1796549946152114,528.0435303514377,0.1054400020669803,0.2501724413678022,3.050917762202964,0.0483605210156811,5.900217761818511,0.1807224567861138,31.36829694692964,trainval/1201
1202,1202.jpg,trainval,calibration,0,benign,ground_truth,0.6315611028898911,264.7289585169502,257.62957904712727,34522.5,167.1925130078573,729.1858582251288,0.0211220467296727,34523.0,0.9032704728899448,38.0,129.0,268657224.0,2.556485468710041,49.0,3.350903664556128,247.0,28.59223542036996,80.6458882484141,78.0,0.0,247.0,20.378875301293427,88.21551976697924,0.5565676960968091,268657224.0,0.1954892536363486,1278.2186363826108,15.908463822108388,227.63849303113216,12.509842676428717,8.353096349673855,0.2134582921008207,0.9501647275884064,0.1929099481925607,0.7356907059096408,0.1762440439891643,0.9063920096241536,0.905550552487134,0.9979067641658524,0.9826096929246124,-0.6515147342006831,0.9819128263388008,0.1800397449081889,3.724722044356482,0.1356243661498146,3.444603158019788,0.9510380971382704,0.2126142383142208,7.449444088712963,3.209668872289065,2.14163866044367,1200.0983581402486,0.1841488964462557,2.447377050411632,18.566671781494552,61.159275740371335,795.4623292926193,11.03507280518212,0.1180029741197054,737.9599508976523,0.1132361440689968,0.2672906828830982,5.810392818609545,0.0301200639133769,6.250701372378014,0.1887727022564667,33.09708226656365,trainval/1202
1205,1205.jpg,trainval,calibration,0,benign,ground_truth,0.5752728786800859,113.0416290175961,114.5294721894762,5657.5,65.02978333563884,303.1787155501912,0.0535888140610147,5658.0,0.8794648867616123,12.0,129.0,38964042.0,2.6890977737324624,77.0,2.219564531280464,222.0,38.44895274301998,69.80523153057618,72.0,0.0,222.0,31.08441059810586,82.98517799403707,0.3062720284351959,38964042.0,0.1703128769957071,2013.7694176646687,13.97997138769671,361.4347650096093,13.667731965418428,12.840423858117358,0.3361945636623748,0.9489710405354568,0.2868383404864091,0.9326792952457637,0.2539183300893776,0.863340486409156,0.8614154674745435,0.995973168194608,0.9717365967365968,-0.5832551293811004,0.9779810451324802,0.2567904546177078,3.294527896995708,0.1053803998559151,3.806018480212112,0.9565685221928888,0.211552217453505,6.589055793991416,3.437401326722389,3.294154605444933,250.9526854219949,0.1604556812161092,2.9776002250116105,17.5383631713555,28.39386189258312,257.78772378516624,15.601575867665906,0.1833861866002439,282.0012787723785,0.180307723000242,0.3793814720549268,7.264804312203017,0.056624674403687,5.640297885764222,0.2764227642276423,15.306491650368589,trainval/1205
1237,1237.jpg,trainval,calibration,0,benign,ground_truth,0.5258855300224241,179.69299342833594,178.5721142843977,12955.5,94.4979450903764,468.3330444827424,0.0361493608492719,12956.0,0.8615435187863478,9.0,62.0,20999695.0,1.571777785463274,25.0,12.890378360070953,247.0,20.051357250097485,27.88677060821241,15.0,0.0,247.0,11.278771629501149,40.25974537760656,2.702388349719105,20999695.0,0.4699252706169341,843.1751229146533,3.853353041854675,303.64561155758497,29.218212664222907,5.046732209003615,0.3840049789948653,0.8585809013761565,0.2066282869145791,0.7765006081302258,0.3413097300416118,0.9174116635918408,0.913045492106256,0.9964506400311136,0.9824164056212444,-0.5228435149199736,0.8969888283341971,0.1252619807063949,1.639411856231523,0.4057965396779752,2.306311079588326,0.8781230771389544,0.6162284113894507,3.278823712463047,2.00871030015749,1.3576842969996197,469.8578407425501,0.2295348513642159,2.783369516890446,9.80703468490474,171.49487054225696,289.2638006839277,156.8397456534632,0.3664460307182817,428.2535417684416,0.2092103281721747,0.4659377757275101,6.4100770259717015,0.108622179687564,5.543668436501704,0.1579962951528249,131.4353088354304,trainval/1237
1241,1241.jpg,trainval,calibration,0,benign,ground_truth,0.6371352933782658,160.7060625842649,158.5339080449353,12850.5,102.39150433229156,441.6051224213844,0.0343648202343398,12851.0,0.9099778949218352,13.0,75.0,35411420.0,2.050168562223753,32.0,8.801758766778553,255.0,20.09275709881938,44.72118901252821,41.0,4.0,251.0,13.827428462086152,52.493219470908606,1.7036651043470752,35411420.0,0.2827859021001385,755.5533437267051,6.507686274509803,202.2304403771139,17.272585711325878,5.043486929642446,0.2203921568627451,0.9162624546495544,0.2097254901960784,0.7652278301661448,0.1764073756247597,0.8968366013071897,0.8962039215686275,0.9981983872610836,0.9825903900021548,-0.5669651720288492,0.9498867449361394,0.2011328976034858,2.3025882352941176,0.1943528119953864,2.9391636662233083,0.9270820626449138,0.312,4.605176470588235,2.704704577747365,1.3159697716262977,664.6554776835117,0.2451698552871677,1.920849535636404,9.470675027665068,47.16672814459609,220.8838067133899,22.909747344634493,0.277554259712132,365.08705274806346,0.1346687763733174,0.3192743311389911,4.1631930804314345,0.0700996284595138,5.6439394969010745,0.2109563458096646,24.69612074038567,trainval/1241
1242,1242.jpg,trainval,calibration,0,benign,ground_truth,0.588529939200835,76.99130992049932,78.77182237323191,2719.5,45.3116909465041,210.16652224137107,0.0772813098883511,2720.0,0.8796014281858358,39.0,95.0,12543795.0,1.822662916275498,22.0,4.0949040415854805,148.0,16.188396139705883,64.23125,62.0,9.0,139.0,10.060868733017587,67.90942009938897,0.7966068477925772,12543795.0,0.3664470696366781,486.03586167279417,10.180695847362513,39.329734098840696,3.726723004802297,3.0620796931642005,0.1758323980546202,0.8913914935915177,0.1750841750841751,0.6722233170939997,0.1451779296897141,0.91258261628632,0.9125327347549568,0.9952508063619174,0.9750013361124472,-0.5641222488154936,0.9322802590642008,0.1744294799850355,3.0755705200149643,0.2828125373954031,2.5881900770750983,0.8994201207327702,0.4889637111859334,6.151141040029929,2.4090672599270047,0.8094780228047053,129.7626459143969,0.2524565095610834,1.2182773395509394,12.182879377431906,61.18287937743191,566.5,8.67387375702551,0.1419098573281453,63.72373540856031,0.1239761389271601,0.2988902793748861,4.136758562597526,0.0424916693474944,5.464521955107202,0.1889705882352941,33.17942739481294,trainval/1242
1248,1248.jpg,trainval,calibration,0,benign,ground_truth,0.5628637496560067,169.22167285963533,166.20770138594662,12627.5,95.24874530883643,448.8772003600265,0.0355475906046348,12628.0,0.8874340202093232,14.0,91.0,44238579.0,2.2106755783354632,32.0,7.52040687162272,251.0,24.180077100136668,48.65291415901172,41.0,0.0,251.0,14.815010295502306,59.18794991072208,1.7188750639990054,44238579.0,0.2686256057577628,1136.1073584699832,7.871708951651507,390.1093232134903,33.495864649522275,7.154154059821177,0.2612892931227062,0.9295283422213788,0.2312908887825115,0.8278411498268444,0.2077938178889021,0.8888277219296846,0.8873318690808061,0.9978751020651448,0.9809120364769,-0.5621493557183165,0.9573662978876842,0.2098569668280056,2.479615445986916,0.1833265472597795,3.176128320791484,0.9394515227074745,0.3358863890218605,4.959230891973832,2.885229805621053,1.8538608382359707,595.9904627340162,0.210522946921235,2.644309775669559,11.258565877781702,41.78806075591664,243.86259272341928,15.955008201790466,0.2787235369439803,401.9318262098199,0.1419752123665912,0.3243021059888471,5.0035499401737376,0.0697943553273285,5.764311701824717,0.2241843522331327,21.89097793378826,trainval/1248
1249,1249.jpg,trainval,calibration,0,benign,ground_truth,0.8365315192612506,260.5666647958535,268.02984908401527,43812.5,217.9722279705124,806.2813126546345,0.0184029971504624,43813.0,0.920274430513178,3.0,123.0,246088722.0,2.611314185229408,59.0,4.735934083643377,252.0,37.63333481072328,56.90954739460891,44.0,0.0,252.0,25.128181570962468,74.94529262581318,1.2901011184850448,246088722.0,0.2011896114913103,2378.10030210953,11.52189479482236,986.575758764955,74.35922365585316,14.176045198708932,0.2320985954282566,0.9677823044044438,0.1860598549527219,0.7210347278219075,0.1974803258032287,0.9120363448785372,0.9110116759844594,0.9981520049955828,0.9847545765935408,-0.6782949301326325,0.985302272219721,0.166488449513959,2.8347677407509404,0.1494395294453869,3.4434066772398544,0.974149176185832,0.2454098962636555,5.669535481501882,3.208917707130602,3.6020359485342968,1294.1161772282328,0.1666816302457796,3.900717349337661,15.596342091705306,115.55036063884596,665.5046367851622,72.96265974872607,0.2435559600302155,1074.8281813498195,0.1384374267580911,0.3392924643448723,5.3871016539578,0.0761584870191064,6.347409955634599,0.1772076780864127,83.70582431271717,trainval/1249
1254,1254.jpg,trainval,calibration,0,benign,ground_truth,0.6738547261961401,202.1231339033823,204.55072720476943,21524.5,136.20162905436945,564.7005768508902,0.0262352471300559,21525.0,0.9209864412547648,41.0,169.0,256326707.0,2.913008381873541,71.0,3.322296149596756,255.0,40.80445651155168,96.68678281068524,85.0,9.0,246.0,29.04361810871676,109.1252744713858,0.8847810634014697,256326707.0,0.1554924163756321,2559.991558174664,23.34795007246037,933.5878198027348,60.40796812720524,16.60393498304816,0.3325697723341592,0.9607274609327556,0.310223925950166,0.9396824147816704,0.2363308881022252,0.8480856434949279,0.8470548467226565,0.9972888007524328,0.9742847138136044,-0.5918199644186086,0.9839724586212132,0.2951711129810564,4.390912065822074,0.0890831658217707,4.10250725230422,0.9636005142866428,0.1854985741667056,8.781824131644148,3.7403763462842727,4.234126188845581,903.7052023121388,0.1374665656087829,4.417560456330213,27.72087009431092,20.845908122908423,387.0728627928202,2.543017647721765,0.0917874137227396,1258.248859142075,0.1913977577033883,0.3963197060237921,12.504931259525828,0.0350522986333774,5.833402569510131,0.3054123112659698,10.125114872511295,trainval/1254
1257,1257.jpg,trainval,calibration,0,benign,ground_truth,0.7439561071891726,204.1227326118237,202.474689776278,24203.5,151.8583535427087,594.2325394193541,0.0245515127737457,24204.0,0.9280846479612728,11.0,91.0,69696750.0,2.1092708601730155,45.0,6.145415056927819,242.0,27.413974748762108,40.41968269707486,27.0,2.0,240.0,19.115278890136068,53.66148555739096,1.634198338576064,69696750.0,0.301796372163116,1245.8042828938655,6.462737437133713,370.0730610701854,36.11683507868697,8.119188325983078,0.2264017623342616,0.9457433782540572,0.160729872397024,0.657476069504878,0.200567670453498,0.927340427005833,0.925797365789493,0.9978467757389394,0.9858352365730064,-0.6744568142651766,0.97035150910483,0.1310184800328821,2.118853651440209,0.2566828665086617,2.7909257231382862,0.9571832708856626,0.4469844964462363,4.237707302880419,2.589240524367617,2.0863975220793347,656.4198863636364,0.1864829222623966,3.178584630036157,13.13153409090909,329.1778409090909,585.7451704545455,301.6397421182041,0.2623647291276569,479.9795454545455,0.1363578254132231,0.3299322495532374,6.157410532835277,0.0691516631538639,6.0860037600961725,0.1454305073541563,281.89658961776865,trainval/1257
1260,1260.jpg,trainval,calibration,0,benign,ground_truth,0.6361008223206224,231.95121065172864,225.42848089804448,26793.5,147.54435583382846,634.6589462905473,0.0236870489592829,26794.0,0.914280063932964,0.0,50.400000000001455,30658914.0,1.2875391093625608,26.0,15.583362846322729,255.0,19.717976725701472,18.022467716652983,4.0,0.0,255.0,11.341119219523248,33.82669807599451,2.936336435443184,30658914.0,0.5698672070318583,819.4361601266918,3.0683702953206504,296.7555974288525,26.748332718478352,3.975171038148133,0.2943825284250816,0.8621014942968116,0.1294232428984202,0.5326555648055564,0.2776321526227381,0.951052706346526,0.948810221325866,0.9978339355842232,0.9901040827921156,-0.6181142973952487,0.8918453748241252,0.0752575707256397,1.4656647528987954,0.5249907042927366,1.7735845916740125,0.9002102920812955,0.7100454050808661,2.9313295057975908,1.6014598749014903,1.0673883916433038,601.4978269458712,0.2376522429655753,3.25559147175576,9.920189648360331,918.8549980244962,1075.4476491505334,898.4194265731992,0.4072260757320914,360.18688265507706,0.1423101077262256,0.3696907057430498,5.974524786084132,0.1045703686288358,6.049871097465569,0.0944614465925207,806.7846254449565,trainval/1260
1261,1261.jpg,trainval,calibration,0,benign,ground_truth,0.3857852933039685,322.37118313829524,307.9366818032564,28702.0,124.36606143975456,947.3351365237974,0.0330058928480174,28703.0,0.6339534454850937,1.0,65.0,56091757.0,1.7993258993230636,36.0,13.84955997672064,255.0,21.90293249875235,31.279901055638785,25.0,0.0,255.0,15.102084626933111,44.20647404104306,2.52259763393328,56091757.0,0.3575854284633172,975.7801370908612,4.603082648690401,394.8575292698458,32.026966265081974,5.329530764908375,0.5145003862088336,0.8239227776496447,0.2357278281019591,0.8242307168887941,0.4589327772671668,0.9102359970039556,0.9059078630679268,0.996154254031932,0.9818900183718828,-0.5441807245922872,0.9266572513224788,0.136702580863818,1.843725861947897,0.2824129451276168,2.6174978422213577,0.874318604700841,0.4569903798890527,3.687451723895794,2.3148630219707984,1.4610077877793022,1181.8686579378068,0.2417898236370308,3.595994465888605,10.791734860883796,142.49406710310964,292.9965220949264,120.90199088306764,0.3695167617227909,810.2418166939443,0.165761419127239,0.4055206934567361,7.340249101110892,0.1127020459811798,5.755908153027023,0.1702957878967355,108.0120877458675,trainval/1261
1262,1262.jpg,trainval,calibration,0,benign,ground_truth,0.7704711093231392,239.4870742124868,250.8625121455974,33561.5,184.51787173704767,715.4701294725909,0.021318180935673,33562.0,0.9076828014271884,1.0,57.0,40313558.0,1.3422445245449404,25.0,8.406879839347253,255.0,20.770353879034243,19.68142542160777,5.0,0.0,255.0,11.73770493620717,34.6578524463034,2.2155172643792955,40313558.0,0.558676739825686,813.8082295634299,3.3245074814837023,184.5797803332493,22.647739495846672,4.291797316264683,0.079972412965906,0.9634141695839128,0.0634801643227682,0.3403956781203898,0.0759426817034603,0.9700483629836832,0.9697399425400792,0.9993631711940196,0.9948031729547356,-0.7600582504079624,0.9323659249148648,0.0569380391216128,1.5071666316831087,0.5351857351863961,1.6598433571973814,0.9700898713912351,0.7180425200155927,3.014333263366217,1.5865162515674889,1.0929424323076475,478.84275862068966,0.220157590170432,2.356633637204386,9.321379310344827,1480.145287356322,1819.2358620689656,1437.681894912967,0.3599364910158075,183.61425287356323,0.0844203461487647,0.2005105365273604,2.723670876850203,0.049714325816161,6.59775407007866,0.0648054347178356,1242.035556823887,trainval/1262
1265,1265.jpg,trainval,calibration,0,benign,ground_truth,0.2599634171399239,198.782545535412,170.85666507338834,5516.0,51.676189805158224,414.6345596729071,0.0751694270618033,5517.0,0.6349675966745143,27.0,103.0,24396601.0,2.1938974744255555,35.0,4.582708256996984,204.0,23.291082921346906,59.07866594163495,53.0,7.0,197.0,15.48108166157893,66.49870222144283,1.2413885854682851,24396601.0,0.2738389414379185,931.7886276928276,9.57562326869806,154.83106667544723,16.544664076260794,5.805763580355856,0.2094182825484764,0.9303700911056536,0.2079409048938134,0.7431714443863267,0.1661788626204185,0.8962757771622037,0.8961772853185596,0.997447390279671,0.97921934021657,-0.5893837210112594,0.960361845741912,0.2066481994459834,2.8594644506001847,0.1982659228622657,3.057338020431384,0.9378035879755872,0.3447830101569714,5.7189289012003695,2.842821317348973,1.5037954657260832,242.90849673202607,0.1984546541928318,2.248167772010765,13.705065359477125,43.306372549019606,310.9076797385621,10.187828871260438,0.1813572015740452,173.34640522875816,0.1416228800888547,0.3246435200491488,5.92956096703012,0.0532523341160463,5.713751694097096,0.2218597063621533,22.990142012687425,trainval/1265
1266,1266.jpg,trainval,calibration,0,benign,ground_truth,0.5633629016807682,156.267111279784,156.46085772486356,10717.5,88.03509324785061,413.3624817342652,0.038568927616913,10718.0,0.8878112054681979,12.0,106.0,42035357.0,2.3755802182495103,59.0,3.324446193624244,205.0,31.625910894648023,49.618305654039936,37.0,3.0,202.0,23.799532530654897,62.62539724958266,1.005755022010771,42035357.0,0.2298317960229718,1459.9641246903036,8.60568149750729,296.2838520073197,28.467978664637165,9.615181581303554,0.1990405418116828,0.9594383458383552,0.1977236384159533,0.7223838644825,0.1599459046232401,0.9013576646913116,0.9012698711315964,0.997573809952135,0.9802396080074568,-0.6476375785907998,0.9766864780899984,0.19657134794469,2.500329225848932,0.1717692477760277,3.2129270651807977,0.9607815140478038,0.3313893330824946,5.0006584516978645,3.0096021228323497,2.453555530778809,394.179651695692,0.1806506194755692,2.590687409107597,12.829514207149405,65.96333638863427,266.03620531622363,49.17969786656048,0.2466593533142625,304.16315307057744,0.1393964954493939,0.2855147226495556,4.528097409966517,0.0518331340318284,5.862653617988805,0.2035827579772345,41.8355203519169,trainval/1266
1274,1274.jpg,trainval,calibration,0,benign,ground_truth,0.7272793383761409,234.5333220511278,232.606964642076,31141.5,170.57123928850262,681.1269837220834,0.0218720030737788,31142.0,0.9184311604398664,13.0,42.0,33821700.0,0.9515915429565412,2.0,22.94576870699547,255.0,13.458355067341875,22.19266585318862,14.0,0.0,255.0,2.837375169409567,32.95523905438391,4.081523382282941,33821700.0,0.7246878167081842,593.5333634603068,2.646430070720444,295.6425441257444,28.336376546649618,3.73648373432846,0.2356056447185713,0.8813694143130799,0.1236154616204346,0.5315623836871891,0.2203248623669382,0.9519882147970112,0.9485555337108889,0.9981741059177446,0.9903533306479329,-0.5492670799674648,0.8008360210707905,0.065781333534264,1.3308683437207351,0.6976570036221998,1.3541193645523146,0.8987757709975503,0.833597054929441,2.66173668744147,1.169595581314746,0.9930223447617578,563.7555555555556,0.1988555751518714,3.102397158223144,11.66137566137566,776.2906525573193,887.3964726631393,766.4191979241039,0.3136049655800614,860.6754850088183,0.3035892363346802,0.5717912344088422,8.543930035799148,0.0935685873823205,5.319194326014937,0.0910346156316228,655.624108569811,trainval/1274
1285,1285.jpg,trainval,calibration,0,benign,ground_truth,0.5751085118418008,437.4838252622055,430.3219724810714,85352.5,251.60067170140545,1159.2518754031096,0.0135819322855582,85353.0,0.8933779886636893,0.0,61.0,90738768.0,1.3694287874822335,33.0,5.5665948527429645,241.0,21.51140635787256,18.68030414865324,2.0,0.0,241.0,14.52665400350817,32.60521317502596,1.61158692712095,90738768.0,0.5245939931265858,714.1461631026947,3.099460628209497,71.44566657419581,11.39707928271663,3.3127898588266484,0.1386972819892125,0.9196304222901276,0.0922102492391215,0.4453356190157858,0.1301945519244716,0.959024810878534,0.9580286158461888,0.9987025583567574,0.991925176767243,-0.6938984517560676,0.9220403298682012,0.0726757267026247,1.518531357595271,0.4933980692318824,1.7864365115919272,0.9448715721529026,0.6861655248592815,3.0370627151905425,1.6621710676246173,0.8628717852039655,1686.6063875701338,0.2426422655114564,1.6839495971564604,8.302114803625377,1257.662926197669,1468.9769817292477,1229.9595001851358,0.3270576052170469,771.3705941591138,0.1109726074175102,0.297425696255195,3.597698249306207,0.071011565316858,6.162241996912522,0.0814382622754912,1106.8831814687524,trainval/1285
1290,1290.jpg,trainval,calibration,0,benign,ground_truth,0.7822669658731245,339.32365581440035,339.09438214160963,69774.5,265.4416866829074,1014.7838379715758,0.0145437636668349,69775.0,0.9227408699151516,23.0,103.19999999999708,337833001.0,2.3303253582151284,47.0,3.6604155773743794,255.0,26.25998730823509,61.93076316732354,58.0,0.0,255.0,19.592345747137152,69.58267378866724,0.4418850267174327,337833001.0,0.2190185184733495,1006.329065092961,10.510651764265884,134.20527399319775,6.647516381091818,6.399163577225712,0.2494425984263295,0.9249639422651268,0.186351932565198,0.7294729686437308,0.2147155556555454,0.9143038319774176,0.912661592230614,0.9980173704691494,0.9848362053831908,-0.6408430826663771,0.9744438965942124,0.1565267848437917,2.995533595132266,0.1586314825296152,3.1671151053765105,0.9401401303826828,0.2485795250219364,5.991067190264532,2.9221048272389787,1.66215154391301,2417.343969530258,0.2045995742302376,2.0858430210848624,13.328057553956835,127.9662293694456,897.3506559458316,40.47136199587485,0.1861301469002423,1552.5062209056284,0.1314012882696257,0.3377827468759756,5.399653977404005,0.0583839233582648,6.116142230535054,0.1693299892511644,93.08978211670288,trainval/1290
1305,1305.jpg,trainval,calibration,0,benign,ground_truth,0.6684085933577475,270.30388830208153,306.42617381679395,35961.0,180.673441759124,890.0803025278581,0.0247512667202763,35962.0,0.7552515440515134,42.0,180.0,549656873.0,3.029848938375219,81.0,2.087442740730669,255.0,43.45723740376999,112.5603414715533,112.0,0.0,255.0,33.46554715235353,123.63001247443115,0.0418274141168003,549656873.0,0.1317907060694648,2614.5495122353245,29.372882779473105,604.5147091831527,2.4989110287809466,16.853497067662804,0.2165514152131918,0.9746279085931798,0.1807721380777737,0.7050095356140261,0.1838728493079821,0.9138376400981738,0.9129652026204036,0.9982588666452594,0.9851434110697388,-0.7184397836461058,0.99354552594155,0.164305994942001,5.0213191858674655,0.0932893412284422,3.8825226747714456,0.9773056825630336,0.1477364987821607,10.042638371734933,3.660212890770491,4.267512120718999,822.9307716735472,0.1306654130951964,4.298465536348043,31.77850111146396,63.22991425849476,1664.8194664973007,7.301386011689169,0.0846980570857421,624.8796443315338,0.0992187431456865,0.2334888094874622,7.595137755479037,0.021972300423987,6.79951378160925,0.1751293031533285,30.62505267894428,trainval/1305
1306,1306.jpg,trainval,calibration,0,benign,ground_truth,0.541821608001972,259.14330484657995,259.0829982843336,27691.5,140.40944213491915,690.4579361637709,0.0249339304899976,27692.0,0.8543600783617571,0.0,87.0,70063833.0,2.057488966696775,55.0,3.022969904146581,193.0,28.39058988966537,36.87241802686697,30.0,0.0,193.0,22.514371951542504,50.300208455606345,0.8390953830256489,70063833.0,0.2930249030789542,1170.535759529428,5.945545632759748,127.10975411581008,16.09883368234001,6.3305386562379145,0.2395629129456182,0.927074822079078,0.1689174471792637,0.6809321166657524,0.2110298089840588,0.9231935844111842,0.9217467479059852,0.9965813505661656,0.9818961970127296,-0.6432308693192252,0.9638503691067656,0.140064074638786,2.1030458142743047,0.2388599390763711,2.7897453336135336,0.9426980169758208,0.4232193421912437,4.20609162854861,2.568878185242308,1.642525392295883,901.0536975977392,0.2122123640126564,1.9825276800375584,9.808290155440414,200.7197362223269,476.3805934997645,173.4439328000984,0.2977440675791434,563.9335845501648,0.1328152577838353,0.3364282130860181,4.227502531817577,0.0811125155723693,5.992784030115988,0.1533294814386826,158.18451790485696,trainval/1306
1308,1308.jpg,trainval,calibration,0,benign,ground_truth,0.4764316439662213,324.8878413415363,306.5371103145588,38289.5,154.786848354985,833.3279938488598,0.0217638776648653,38290.0,0.8323937455648301,16.0,72.0,85155897.0,1.2793571505056711,3.0,11.812209904767611,255.0,22.428292816413016,30.44306607469313,16.0,6.0,249.0,6.266141450893223,47.15901014845724,2.987859745901284,85155897.0,0.6392537657623935,1297.1919661541613,4.772472057511675,878.4362812978288,76.39740099480558,8.899986975494173,0.1162302565986251,0.9742175119328516,0.0821220548879676,0.4090237173859498,0.1094862246996027,0.9625833027234084,0.9619456230023906,0.999087410918116,0.9933480561304324,-0.7313019697568405,0.9193175441706096,0.0687273778080961,1.605158209581781,0.6219604027515006,1.6179754954900016,0.978323625693017,0.7856168337093982,3.210316419163562,1.5137013947223972,2.2540543080231994,400.4275042444822,0.1359685922731688,5.3752265213117685,20.21799660441426,1849.314091680815,2068.495415959253,1835.995353108256,0.2468539563491542,446.8893039049236,0.1517450947045581,0.3537082272821274,9.459560054002417,0.046022477161993,6.362912160623686,0.0769130321232697,1680.2699461837133,trainval/1308
1312,1312.jpg,trainval,calibration,0,benign,ground_truth,0.6997524898685188,39.503363387705726,40.024992192379,850.5,27.64257688872797,112.08326112068536,0.1317851394717053,851.0,0.9223618516702726,70.0,151.0,11215110.0,2.5433175062857947,42.5,5.023840857513242,250.0,27.68210206834843,108.4770857814336,107.0,5.0,245.0,17.781021836127636,114.7987049391202,0.5231751755569074,11215110.0,0.2174769159390832,1411.464516066672,25.268203883495147,358.09648704172105,14.310727513596738,8.523653266094824,0.7233009708737863,0.8435590893308234,0.4733009708737864,1.2623068783581084,0.4992871618437176,0.7953681229773463,0.7876641918903483,0.9942666956091152,0.962047681283118,-0.4130477577485934,0.9368121105230618,0.3408508629989213,4.828883495145631,0.1072011381845602,4.03530900451061,0.8808818701154952,0.203883495145631,9.657766990291265,3.373974548738213,2.3117385592421527,60.79710144927536,0.1762234824616677,3.3474144087376603,26.83478260869565,11.284057971014493,265.68695652173915,0.685562983269458,0.0954371466223998,96.66376811594203,0.2801848351186725,0.5226956144481371,13.962570848146717,0.058402435243811,4.945322604373995,0.4054054054054054,5.199613526570048,trainval/1312
1315,1315.jpg,trainval,calibration,0,benign,ground_truth,0.8814238349449907,237.7094568386383,253.39692184397188,38291.5,209.52278104940328,750.0731598529204,0.0195885029276189,38292.0,0.9248099560034716,69.0,123.0,400814304.0,1.8821560106121653,21.0,5.201059814068388,239.0,15.696136683737054,99.9078136425363,101.0,39.0,200.0,9.541912892130648,102.309881313968,0.7044066968430687,400814304.0,0.3261658717228803,485.7405876464576,13.306136387517071,51.85872370478378,3.352181404570587,3.4039360351593286,0.1276137438268362,0.927729324623326,0.1275086686981191,0.5510866417781118,0.1113552832336694,0.9362631781723936,0.9362561731638124,0.9984438252834278,0.9872500883586312,-0.6637565423001781,0.9579139519197064,0.1274167279604917,3.5337028475359884,0.2563475343431549,2.512575357380767,0.9391482786169992,0.3915887359462015,7.067405695071977,2.3844435108331616,0.882887444746541,1510.1509062253742,0.2975080587520438,1.115077613032109,14.634751773049643,224.32387706855792,2917.0758471237195,22.673124634244296,0.0964993382396591,529.6788810086682,0.1043496613492254,0.2457762290741891,3.640040247209588,0.0247648918774468,5.981048756754971,0.1325603259166405,167.415935929894,trainval/1315
1316,1316.jpg,trainval,calibration,0,benign,ground_truth,0.6077115559333479,41.98239876431678,42.72001872658765,834.5,25.51318887487721,116.32590180780468,0.1393959278703471,835.0,0.8803222413820551,36.0,116.20000000000005,5226465.0,2.340743354233265,40.0,4.749801525925421,219.0,25.014579224783965,72.12814371257485,67.0,9.0,210.0,17.09952382619656,79.11535578481642,1.0969347272116252,5226465.0,0.2378443113772455,1056.7704055362328,12.919554455445546,184.27296566419955,16.890516153622837,6.458899556416039,0.5606435643564356,0.8402620926432204,0.417079207920792,1.1769313925164342,0.3866884986766003,0.8116130363036304,0.8056421083284798,0.993362165518124,0.9595258083500656,-0.4006956920293102,0.9193897964530056,0.325881806930693,3.383044554455445,0.1230953154102539,3.724145488644656,0.8559640686032667,0.2351485148514851,6.766089108910891,3.150600497283528,1.7548857801931184,62.87421383647799,0.1977176535738301,2.409091808077212,16.248427672955973,11.632075471698114,129.83647798742138,1.6433627669271762,0.1368716411267512,76.55345911949685,0.2407341481745184,0.4701793529815068,9.23312896355744,0.0611550821305902,4.851580741353678,0.3808383233532934,4.737322495154465,trainval/1316
1317,1317.jpg,trainval,calibration,0,benign,ground_truth,0.6836167949880753,30.03592238342181,30.4138126514911,481.5,20.533060994265405,86.18376618407356,0.1789901686065909,482.0,0.9025631729474148,23.0,106.0,2393516.0,2.447027185325104,53.75,5.065529077899506,245.0,28.454503193815537,60.97095435684647,57.0,6.0,239.0,21.5071668836447,70.46843853723111,1.0745850157553916,2393516.0,0.207666879013791,1248.343554690863,9.92407809110629,229.790239918134,17.204991792517117,7.334992777184372,1.0325379609544467,0.7532036646729752,0.5770065075921909,1.45020688158155,0.6996014511507098,0.7674258857556037,0.7542112857156879,0.99036704212,0.9506776665128076,-0.3314040051961145,0.894253955783456,0.3473692456013497,2.889370932754881,0.0911439340112271,4.047806357021468,0.8012666184174521,0.1908893709327548,5.778741865509761,3.227253297745602,2.091882684534705,40.16129032258065,0.1850750706109707,2.857100384378517,12.96774193548387,8.027649769585253,72.24884792626727,2.255365164413606,0.2537855433178562,67.74654377880184,0.3121960542801928,0.5694924613043715,8.760975588605472,0.1380213265277096,4.651145369672707,0.450207468879668,3.0939285183376155,trainval/1317
1318,1318.jpg,trainval,calibration,0,benign,ground_truth,0.8263724594426319,64.06597498252815,66.73080248281148,2655.5,52.94235731290191,197.33809511662463,0.074312971235784,2656.0,0.9256933699210652,29.0,116.0,16702141.0,2.455882987758202,43.0,6.843743275750692,251.0,28.97731948123821,68.25941265060241,59.0,6.0,245.0,17.652472389239744,79.29979004894798,1.7245135651976922,16702141.0,0.2338870731419654,1629.1092864020084,12.831984585741813,623.5810052557202,49.19115360007912,9.7829434847658,0.6774566473988439,0.8704721351307133,0.4169556840077071,1.213579867246687,0.503604604972509,0.8233241581796495,0.815546383094836,0.9946981401848668,0.9667716650911145,-0.447001721420827,0.9426906026953316,0.2846039391993149,3.248940269749518,0.1331261021454479,3.813372146440492,0.8802975561498575,0.2500963391136802,6.497880539499037,3.2572742558247114,2.61510003304116,163.74945533769062,0.1783763130040203,3.6309918787171127,18.5686274509804,16.08714596949891,150.18954248366012,3.324024501371987,0.14638430125902,229.7342047930283,0.2502551250468718,0.5059245373289144,12.156408616671294,0.0546850187078465,5.2023375145334345,0.3456325301204819,7.716272468803546,trainval/1318
1322,1322.jpg,trainval,calibration,0,benign,ground_truth,0.6525414798713451,68.39933278020017,69.42621983083913,2335.5,44.63340183460444,190.6101730552668,0.0816142894691786,2336.0,0.8987704645545059,41.0,123.0,18414626.0,2.460461247863258,40.0,5.679799304696092,253.0,26.97350288515669,80.8167808219178,76.0,13.0,240.0,17.013697882806497,88.78611073193886,1.321987643571901,18414626.0,0.2241332801651341,1351.6213964862072,16.295375218150088,426.0646330605686,33.29899178327585,8.740055706318968,0.3333333333333333,0.9265250653583555,0.3246073298429319,0.9379389760792448,0.2279634147455753,0.8391506689936009,0.8385689354275742,0.9972711927445428,0.973005325099566,-0.5187980088842744,0.9605925890454968,0.3169720767888307,3.767452006980802,0.1231175512976313,3.655274818804726,0.941301956089334,0.2229493891797556,7.534904013961605,3.307929823665617,2.2683472599130754,150.30848329048845,0.1931985646407306,2.756458125441941,19.295629820051413,15.65809768637532,211.5848329048843,1.981630291774761,0.1102056437156253,158.47814910025707,0.2036994204373484,0.3976649820758497,9.375882425124388,0.0404170482003021,5.24024800809285,0.3330479452054795,6.64266691338281,trainval/1322
1341,1341.jpg,trainval,calibration,0,benign,ground_truth,0.6061501217397013,70.17958986359318,72.56031973468694,2334.5,42.53936693945931,192.50966799187856,0.0824629119691062,2335.0,0.889711750007788,1.0,75.59999999999991,5610205.0,1.769756557520321,36.0,10.622489066075214,240.0,26.56504087780677,30.34646680942184,17.0,0.0,240.0,15.64605641483244,49.01690920060443,2.5073638262750326,5610205.0,0.4226026988981562,1481.7493397649582,4.980366492146598,673.9404881772547,55.70982851146352,7.715886351799567,0.9397905759162304,0.7828498952157082,0.3856893542757417,1.139636338933176,0.7910342979145918,0.8648175849746531,0.854689375831969,0.991699880491486,0.9685325763532568,-0.4039297339301007,0.8688877824731526,0.1736974015900717,1.8128272251308903,0.3417076507101109,2.778511139138045,0.919520791242126,0.5671902268760908,3.62565445026178,2.29444405736166,2.1639192319289493,123.0582191780822,0.2107161287295928,3.659223118784012,12.013698630136986,63.13527397260274,118.21575342465754,58.08880752873511,0.3348286714007013,197.2294520547945,0.3377216644773879,0.6036635670641423,9.062326277531756,0.1414828463001256,4.811094778130291,0.2501070663811563,47.14896967066992,trainval/1341
1345,1345.jpg,trainval,calibration,0,benign,ground_truth,0.5541474459596775,296.4432417776959,294.61330587738223,37791.5,164.27326530311737,783.026478658695,0.0207196453874203,37792.0,0.880086883996416,48.0,114.0,269550796.0,2.148772079083195,38.0,2.880767737517476,216.0,21.24188798631988,80.31440516511431,79.0,4.0,212.0,15.363341017884856,84.454028674519,0.311009708085215,269550796.0,0.2573845635000369,682.0792823303375,15.027213776974593,56.151935132821365,2.671348703047694,4.471845535390576,0.2476347400871691,0.8950584701566099,0.2446582332305729,0.8133546738086125,0.1877770889996637,0.8781669678608128,0.877968534070373,0.9969826264180388,0.9755612358301844,-0.5306498878242443,0.9475149947803208,0.2420537897310513,3.7378016370787694,0.1596247877299698,3.157550805250702,0.8961042616122673,0.2644573190177527,7.475603274157542,2.90000102981148,1.1798700688694366,2249.0828859780977,0.2414733611743716,1.3430774469837647,16.630556152029204,30.742967575692507,423.9512561735023,3.1540414354181614,0.0930872745803003,1360.2913893064203,0.1460480340676852,0.3191548278651274,5.818013783287404,0.0286889250423673,5.46361076819113,0.2464542760372565,14.279273608679295,trainval/1345
1350,1350.jpg,trainval,calibration,0,benign,ground_truth,0.4218423038252826,191.59033403172364,191.36614120580475,11849.5,80.82090789859775,478.2325394193541,0.0403588792286049,11850.0,0.8068927662264787,31.0,134.0,85034015.0,2.5953307702065542,53.0,5.082172527918215,255.0,33.98291842119318,72.52059071729958,59.0,4.0,251.0,22.99231840424542,84.71048485710455,1.3984069583707166,85034015.0,0.2132365824565151,1916.630166739661,14.624766116686512,787.5541407973976,60.11523088430487,12.427836525860396,0.1856608266712026,0.97056156251003,0.1849804388501446,0.6937043511226939,0.1514430639140105,0.907623178545104,0.9075778193570336,0.998478457638887,0.984589324889546,-0.6775183844045496,0.9848601408391092,0.1843850995067188,3.400620853886715,0.1593274693620779,3.420670215529683,0.9754003932064048,0.3122129613879911,6.801241707773432,3.2330813766767346,3.153374338132899,355.27839151568713,0.1569944284205422,3.9917015040901793,20.140521431727795,62.11577551922227,582.7843570481662,13.614088630359609,0.1475353005578597,269.03269995581087,0.118883208111273,0.2424510518368595,6.018028891232922,0.0332165191094359,6.33691409901628,0.190970464135021,34.69576653299276,trainval/1350
1361,1361.jpg,trainval,calibration,0,benign,ground_truth,0.6746175893920741,232.84693938685817,230.5211487044085,28635.5,157.08264094648464,655.4284989122481,0.0228886696203051,28636.0,0.9152336856533216,14.0,98.0,125433369.0,2.3893754119711588,45.0,4.852837459830615,255.0,26.378850242787102,56.907354379103225,54.0,0.0,255.0,18.77419099062073,66.1835969721466,0.9616375240187998,125433369.0,0.2165841571842857,1141.821525742693,9.48881632079778,225.1331145694124,16.229511337415232,7.257515870646556,0.4105130095860107,0.8929286741096467,0.2902840689630956,0.9581657482548576,0.3262481688922395,0.8686925537446973,0.8657140903409051,0.996762924500788,0.9764985035791388,-0.5311450224369656,0.9596107650156872,0.2355381645735063,2.788739070894343,0.1322822881655217,3.507207410596341,0.9098023492524894,0.2080831489869728,5.577478141788686,3.1183818002625023,1.9170072200581416,1509.02035002035,0.204723965543393,2.35271638491464,12.72581739248406,32.75756342423009,232.45543345543345,14.182684341104098,0.2104288874584423,1280.8806132139466,0.173772976965669,0.3931864198020598,6.337169138088936,0.0614092402011139,5.58939441074758,0.2574032686129348,17.66469155606767,trainval/1361
1369,1369.jpg,trainval,calibration,0,benign,ground_truth,0.6299504806064035,317.1184519639633,303.59183124715327,49248.5,199.76892122385732,867.6711395993675,0.0176182247093691,49249.0,0.906663815245759,9.0,92.0,175209834.0,2.2419187054751704,52.0,3.067209913365444,236.0,26.97304399035688,50.33430120408536,49.0,0.0,236.0,21.01691193190409,59.64589103540545,0.4101802782334365,175209834.0,0.2266694977840654,1024.0904397038707,8.100207917159283,110.35213189485712,6.740740278471904,6.330781621206035,0.2055526111949121,0.9371046204534714,0.1403236984793509,0.6000449877723754,0.1858618708399883,0.937018184500756,0.9356746158155294,0.998069537237996,0.987675882219076,-0.7082857379683601,0.9788986824115692,0.1133294490421768,2.5629866688409635,0.1818490139378153,2.895955968529293,0.960098627649881,0.2522320518569856,5.125973337681928,2.716171744396913,1.6340835581002366,1263.5566574540726,0.2054229649575796,2.084846171121661,11.746220126808648,218.56754999187123,949.8951390017884,146.05334193401765,0.2343294724183139,563.5807185823444,0.0916242429820101,0.266454830621812,4.444689843230516,0.054313768186334,6.495965828176149,0.1248959369733395,154.4608562365638,trainval/1369
1372,1372.jpg,trainval,calibration,0,benign,ground_truth,0.5413056811830588,251.2931232555288,255.15485494107293,26710.5,136.02639526045238,659.5290039756363,0.0246917505840638,26711.0,0.8784398754699319,16.0,111.0,141264265.0,2.5324866740736383,56.0,3.5000620714133337,255.0,30.05648131134324,62.75186252854629,60.0,0.0,255.0,22.980095723212617,72.72288230483012,0.6764341508317019,141264265.0,0.1898668017040441,1350.8213599206022,11.198216502991306,249.3783457286657,14.243134632961672,8.792275302372023,0.3878541596116943,0.9155013747425118,0.267900816495466,0.9142173587889986,0.316083312132757,0.8797733270980816,0.8769571188686347,0.9969465609507338,0.9783624937640794,-0.5783017851306201,0.9728594148635132,0.2145473947816199,3.016141776724235,0.1210105857285567,3.598167553757619,0.9344986296102296,0.1821123527862437,6.03228355344847,3.229002454082771,2.295032365495929,1154.3810660302306,0.1836724050962976,2.507084527125425,14.798886237072397,51.10214797136038,331.4943516308672,28.49993431136359,0.1843959474873344,1026.727923627685,0.1633616425819705,0.3750879732829397,6.499355539048401,0.0602355225057602,5.800409976929551,0.235296319868219,33.039986076381176,trainval/1372
1382,1382.jpg,trainval,calibration,0,benign,ground_truth,0.4999587726818936,292.9198826908886,279.3027031734566,33280.5,146.44786504426094,746.67619023325,0.0224358465237376,33281.0,0.8660990262303283,84.0,201.0,752833871.0,2.895274936851816,61.0,2.730919043606605,255.0,36.01931649136968,143.55148583275744,144.0,13.0,242.0,25.34831887991873,150.40123125383445,-0.1131975781163626,752833871.0,0.1544762433355815,2013.501277877034,42.37929577889751,464.9549685342629,-6.137627801639088,12.952620098605111,0.3162960504480584,0.952325262004067,0.3118305524545153,0.9118051486058242,0.2190577570039702,0.8448289734383327,0.8445312735720966,0.9974091663398004,0.9740427456159284,-0.5875058307994733,0.9832120488160292,0.307923241710165,6.26260447153245,0.0813371025379586,4.090032898475003,0.9565264168155716,0.1495640104999547,12.5252089430649,3.759653850245998,3.317229037263293,1617.0694297528607,0.1555023973221329,3.202158484599863,45.0400038465237,17.273487835368787,679.136359265314,0.7857486295096094,0.0335576033886938,1914.2776228483508,0.1840828563177566,0.3684185702456616,17.486460110823813,0.0112510619660632,5.7037354430935,0.3124605630840419,7.030902808316477,trainval/1382
1389,1389.jpg,trainval,calibration,0,benign,ground_truth,0.6274526721656098,409.2611818522534,406.52798181675024,82268.5,256.792022166852,1117.335136523796,0.0135815669001354,82269.0,0.909993447899337,8.0,49.0,88393970.0,1.0791303227476652,4.0,18.790608662810925,239.0,16.61287282958939,18.9665609160194,8.0,2.0,237.0,5.742301640556732,32.77881209055403,3.537948583810312,88393970.0,0.6719975553883674,714.7200890867757,2.968080177522008,356.4094661890732,31.751646638803603,4.195296491743057,0.0502206832646492,0.9763417830174912,0.0443195396132556,0.263761802763322,0.0482564616731182,0.9786646427207036,0.9784200168399187,0.9995083858810137,0.9960132996966374,-0.7875660029448671,0.9034785714605212,0.0405861111788469,1.3898961203638225,0.6579875229988325,1.3041672960048003,0.9769691640137792,0.8063473871589163,2.779792240727645,1.2510289609907133,1.0613792937519264,708.5171853856563,0.1917502531490274,3.7880176737389695,12.967523680649526,4356.671989174561,4869.732611637348,4307.071029640787,0.3144376909035554,373.3826792963464,0.1010507927730301,0.2812936134023842,5.619769743481592,0.0529345151364748,6.765028653946015,0.0449136369713987,3860.943873170964,trainval/1389
1397,1397.jpg,trainval,calibration,1,malignant,ground_truth,0.8559693779570392,60.601619226208896,67.02984409947557,2414.5,51.87313031224737,211.8650070512061,0.087746948457737,2415.0,0.8221656064468845,24.0,84.0,10234708.0,2.1298570554185923,30.0,11.68938496550806,250.0,24.00241554466777,53.55776397515528,45.0,4.0,246.0,13.457902589065789,65.09972601418652,2.623275350267245,10234708.0,0.3066282593692802,1369.5402451037126,8.812208562950403,742.299662691314,56.56266926580652,7.8933403966769475,1.0377278507842305,0.7676139467237358,0.4832556167867741,1.3357392493910956,0.8041918596282652,0.823297805769192,0.8095676190980783,0.992045303658581,0.962932075363814,-0.3601662047257685,0.8840906998872992,0.2279923225472187,2.6642645188639253,0.1926083414901415,3.463693040468274,0.8197655541825513,0.3764306909707503,5.328529037727851,2.815493039191341,2.232767061865294,152.09529860228716,0.1932595916166291,3.7289499474465138,14.27700127064803,23.048284625158832,146.5476493011436,5.914370394870248,0.245803866489401,224.3824650571792,0.2851111373026418,0.5491664539600348,10.240653411682352,0.1198406867627292,5.03279195450347,0.325879917184265,13.631886645925126,trainval/1397
1398,1398.jpg,trainval,calibration,1,malignant,ground_truth,0.4384233025446861,230.4459361933756,229.68238939892623,17384.5,101.03286840390176,611.0609665441002,0.0351497579190716,17385.0,0.7648944179091851,29.0,78.0,52125409.0,1.7264038679362197,23.0,3.6168970467317,142.0,14.93145173811155,51.29048029910842,49.0,0.0,142.0,10.284554722000326,54.7567155743378,0.6779310300353483,52125409.0,0.3560247318154412,367.5845311756976,7.208931881371641,21.33710038078535,2.2081510724867948,2.4960022103456243,0.1639249304911955,0.8767447965212875,0.1639249304911955,0.6436170929648355,0.1370535476546522,0.918037534754402,0.918037534754402,0.9955695964732107,0.976582152786972,-0.5612328176575173,0.9245262070730822,0.1639249304911955,2.5740848007414274,0.263093408334271,2.472947971606522,0.8858309320596476,0.3934777571825764,5.148169601482855,2.309023041115328,0.664981785209205,906.1399525584548,0.3070619968005607,0.8633178467551047,8.068112504235852,72.06540155879362,468.7766858691969,15.987673199292145,0.2237620957114349,297.9196882412741,0.1009555026232714,0.2302117557109199,1.9340635104453725,0.0580102094723728,5.671001513786196,0.1697440322116767,37.35888942183531,trainval/1398
1408,1408.jpg,trainval,calibration,1,malignant,ground_truth,0.8282080428700694,107.35316275184054,109.16501271011695,7325.5,88.91075281861389,334.6934341759525,0.0456888177156443,7326.0,0.9065178824842898,20.0,76.0,18948978.0,1.8901429524398272,29.0,3.4916758091338327,140.0,17.591842009532428,45.68741468741469,44.0,0.0,140.0,12.273982841814153,50.85801887154162,0.5890377562873228,18948978.0,0.3136793632289128,499.19822271828826,6.244714660771037,36.87254764066674,3.684173473144357,3.30112040536624,0.1533784717424347,0.911200740136984,0.1533784717424346,0.6182307494981678,0.1298535161483898,0.9233107641287828,0.9233107641287828,0.9958546358988531,0.9780887897510808,-0.614568465786777,0.9497335964912726,0.1533784717424346,2.3361890286030125,0.233845581397196,2.6180787597050874,0.9184406098061118,0.3886969738842061,4.672378057206024,2.4647002879626547,0.8636247192771688,342.3444537114262,0.2855249822447258,0.9950953011301468,7.130942452043369,77.87489574645538,412.5663052543787,29.80261537392272,0.2973371327958484,115.60050041701416,0.0964140954270343,0.2136363191228732,1.6006703664090554,0.0691911826129299,5.747492035024024,0.1636636636636636,40.54167463712115,trainval/1408
1417,1417.jpg,trainval,calibration,1,malignant,ground_truth,0.7697040284998714,148.75334763621316,156.259399717265,12887.5,114.4960509284351,480.5168106668161,0.0372854945231283,12888.0,0.8374920348708432,23.0,97.0,56488211.0,2.239784973975028,47.0,2.5419744289365176,181.0,24.270573346225763,59.60715394165115,58.0,2.0,179.0,18.80550567213408,66.20429217427454,0.3329231807837647,56488211.0,0.2338639902347339,829.9955012730122,9.733427584040214,75.1575497850516,3.277655519295168,5.410801382452272,0.1785265472824379,0.936118778670082,0.1783694627709708,0.6773128206978324,0.1467108820332332,0.910841449366426,0.9108309770656614,0.9972536509710098,0.9801829161866864,-0.6348592761943144,0.970306251647703,0.178232013823437,2.9026468740182216,0.1662711115315823,3.0519590960620007,0.9420483919730483,0.2525918944392083,5.805293748036443,2.872663399747567,1.3973319824336778,514.7460840890354,0.2121789299625043,1.6688602587114452,11.43899422918384,57.4204451772465,516.8342951360264,14.188826783564483,0.2162112533251827,274.39901071723,0.1131075889188911,0.2571523530717277,3.5338078992429054,0.0501797435616882,5.946015607819977,0.1882371198013656,29.198336379249533,trainval/1417
1431,1431.jpg,trainval,calibration,1,malignant,ground_truth,0.969735733864223,93.56674266999931,102.42070103255492,6100.5,90.7350138683767,346.49242404917595,0.0567973812063234,6101.0,0.7990867038210471,53.0,114.0,45239504.0,2.015102972655708,33.0,2.8753923751285337,176.0,19.353673846423,82.78315030322898,81.0,21.0,155.0,14.211514660760107,86.11095482893315,0.3325577156718114,45239504.0,0.2824154057950522,562.0465674235653,15.375332889480692,39.85700520113478,2.207651498769531,3.684354698617555,0.1815912117177097,0.9060559997840416,0.18025965379494,0.6855230063348301,0.149097668931438,0.9100920994229916,0.910003328894807,0.9972080965951884,0.9799859446663708,-0.5890792248008427,0.9515603903337836,0.1790945406125166,3.8078395472703055,0.2019276533862528,2.824825002752534,0.9079453200141826,0.2961051930758988,7.615679094540613,2.6388320786652457,0.9664864775838165,292.77815699658703,0.2498107141609104,1.2373673543081458,17.552901023890787,47.96160409556314,676.0341296928327,4.348259465475611,0.0806773965274392,125.0631399317406,0.1067091637642838,0.2435411544582784,4.925618115759973,0.0185535180436277,5.692363645907568,0.1920996557941321,20.863005830003843,trainval/1431
1441,1441.jpg,trainval,calibration,1,malignant,ground_truth,0.8882164901281926,86.22152360717695,89.00561780022652,5142.5,76.5833790718718,281.6639969244297,0.0547718029994029,5143.0,0.902528124823674,24.0,102.0,24117957.0,2.330423919018868,40.0,8.11170523455145,255.0,25.64057026026288,59.08088664203772,51.0,4.0,251.0,16.86817712531933,68.47972318048143,1.7350720849021546,24117957.0,0.2463805812899433,1198.9213204660537,9.903244954491491,450.0547354573741,34.02577601278888,7.451048736957049,0.4368816778789078,0.8892278063058966,0.3442817570241392,1.0394850945548142,0.3183517496592793,0.8396418678274634,0.836593746810465,0.9964987014737996,0.971857320064186,-0.4609155770528887,0.938641378182716,0.2940661412302686,2.8547685001978635,0.1433454974365495,3.5546208682298155,0.8955616159010766,0.2898694103680253,5.709537000395727,3.113557987070412,1.9719826037089887,327.03723723723726,0.1964187611034457,2.8607165724282844,13.891891891891891,17.67147147147147,133.4024024024024,4.805042340116895,0.2050071413881538,345.4984984984985,0.2075066057048039,0.434796476325289,7.801255339546641,0.0757361118673258,5.242303551704181,0.3237410071942446,8.130236903570236,trainval/1441
1451,1451.jpg,trainval,calibration,1,malignant,ground_truth,0.5817035902454969,53.38199285070727,53.9351462406472,1288.5,31.052496895715866,145.1543289325509,0.1126537283139704,1289.0,0.8766316595481952,59.0,127.0,11883236.0,2.2207609559951966,38.0,3.23536767785688,192.0,22.043390363407983,91.9767261442979,91.0,30.0,162.0,15.76034923151451,96.01540153154882,0.4260499775943029,11883236.0,0.247022457134156,759.2391790413724,11.127831715210355,81.29113922673747,4.747628876434149,4.991239094688996,0.2637540453074433,0.8996177394409988,0.2621359223300971,0.8366512937712818,0.1950388035315926,0.8692017259978425,0.8690938511326861,0.9947285827685168,0.9672554836389788,-0.5299118128381481,0.9505434655776784,0.2607200647249191,3.1537216828478964,0.1474818943035787,3.243822024578761,0.9030531922408678,0.2241100323624595,6.307443365695795,2.9765784629323644,1.3137482849991098,92.91489361702128,0.2471140787686736,1.346989588048891,13.154255319148936,19.236702127659573,192.4255319148936,3.677189429849954,0.1370880674965021,64.48936170212765,0.1715142598460842,0.3345440160579068,5.034503395795738,0.035937723132569,4.983953195125207,0.2916989914662529,7.48420523992757,trainval/1451
1455,1455.jpg,trainval,calibration,1,malignant,ground_truth,0.8489929294186022,212.75963246474024,223.9866067424568,29728.5,180.6314236282649,678.2152954766515,0.0228136399575037,29729.0,0.9012055349535064,28.0,90.0,132628670.0,2.0621507807020536,30.0,4.818129916283658,255.0,19.064258068915247,61.944767735208046,62.0,0.0,255.0,12.953357231407209,66.79263190109887,0.4292888401492077,132628670.0,0.2879674342947677,624.1014265068187,9.96893611261505,75.53556265040574,2.613715844921537,4.173786801692498,0.1933540877097996,0.911450492390108,0.1689225771521386,0.6784551730653245,0.1648192506380794,0.9186986780364556,0.9178910952578108,0.9984344049945756,0.9860687673407624,-0.6177065893779331,0.959999918518316,0.1555194139896528,2.995634813210612,0.2118570631070255,2.848618934471117,0.9247811408671476,0.3695858148348673,5.991269626421223,2.644992651189673,1.0917852223505742,1271.25,0.2588049674267101,1.4178389409304082,11.6117671009772,88.63538273615636,764.9053338762214,24.114673433156888,0.1688811189381023,520.0663680781759,0.1058767035989771,0.2656902214704141,3.5999043425699986,0.0455891014172264,5.989515051264903,0.1652258737259914,52.004795102268986,trainval/1455
1460,1460.jpg,trainval,calibration,1,malignant,ground_truth,0.7906947202067018,174.21642377725655,181.289823211343,18622.5,137.7520064539701,529.3452377915625,0.0284250362621324,18623.0,0.9138710360408496,10.0,109.0,82323441.0,2.469226990304742,58.0,3.6706899441012175,255.0,32.52527856915212,53.49401277989583,43.0,0.0,255.0,24.51807547433714,66.48703039511456,0.9529367441699532,82323441.0,0.2083109837143704,1558.9158074652294,9.575744450460206,367.5456381741317,30.089486687825293,10.001797368770502,0.1902544667027612,0.9626661108530504,0.1879805089334055,0.704825495194062,0.1549177949638991,0.9063887384948566,0.9062371413102328,0.9984414318300834,0.9843495342412506,-0.6643215790700691,0.9810555145722798,0.1859907958852193,2.6688684353004875,0.1523841981421752,3.29999427947702,0.963594288450138,0.2716838115863562,5.337736870600975,3.102400364366656,2.548012958868315,639.8057713651498,0.1775265736307297,2.773971315014394,13.535793562708102,74.20449500554939,360.7203107658158,49.09527304924423,0.2371348694808386,465.8568257491676,0.1292610504298467,0.2948869969394361,4.610793945743709,0.0567427169797738,6.092271587213209,0.1935241368200612,47.5033600445183,trainval/1460
1465,1465.jpg,trainval,calibration,1,malignant,ground_truth,0.8355764311219586,38.49243547058923,39.698866482558415,964.5,32.16337185570723,120.32590180780473,0.1247546934243698,965.0,0.9149490756614128,39.0,127.0,7114669.0,2.472145064117445,50.0,3.5152190802058123,216.0,28.24233885473436,78.45492227979274,73.0,15.0,201.0,20.50492879158253,85.8645094881308,0.7775457541639365,7114669.0,0.2082386104324948,1217.5391597089856,15.221143473570658,218.0453676127891,17.563457405841785,7.826313321207592,0.3247033441208198,0.9203281363656156,0.3182308522114347,0.924874799285012,0.2234324688216038,0.8419633225458469,0.8415318230852212,0.9960457748495248,0.9682357556143965,-0.5211806624372235,0.9608586904974434,0.3125674217907228,3.653182308522114,0.1136316823940539,3.642131184166457,0.929588196239006,0.2135922330097087,7.306364617044228,3.310540070763327,2.037754166332104,62.4969696969697,0.1893847566574839,2.366060606060606,16.806060606060605,12.99090909090909,182.54545454545453,1.603690240462066,0.1284165774334425,64.44848484848485,0.1952984389348025,0.3896090654275178,6.90993158293059,0.0568431536940752,5.133862421072923,0.3419689119170984,4.439715335169881,trainval/1465
1471,1471.jpg,trainval,calibration,1,malignant,ground_truth,0.5240750450318539,119.16496233990011,121.49485585818029,5782.5,62.451383004502325,318.45079348883326,0.0550714731498198,5783.0,0.8464872428418951,49.0,107.0,35827494.0,1.945641126999865,31.0,5.216285155363731,218.0,19.048561034538405,74.81307279958499,70.0,29.0,189.0,13.076465480890198,78.71030944811893,1.205317117102716,35827494.0,0.3242579954262,598.3169517026373,7.131864288212662,80.32761473624558,8.895011788622199,3.917109999521648,0.204616998950682,0.9007129783090818,0.2032179083595662,0.7336642781437798,0.1633194806726449,0.8986242275854027,0.8985309548793283,0.9968539453879864,0.9774357778555048,-0.549353168745637,0.9384592513672526,0.2019937040923399,2.4907310248338583,0.2306810559145649,2.8072201634696503,0.922364864431696,0.4195522910108429,4.981462049667717,2.598858863875064,1.0304317496180824,308.2510220768602,0.2520449894332462,1.4142548549904428,8.60261651676206,46.14799672935405,279.1283728536386,11.869240136842418,0.2752336164092238,155.55928045789042,0.1271948327537943,0.2548911487171508,2.6530972857701234,0.0702096712225579,5.522598391412708,0.2114819297942244,23.788940376231253,trainval/1471
1473,1473.jpg,trainval,calibration,1,malignant,ground_truth,0.3729321726121807,62.82850749557764,63.50590523722971,1086.5,23.43077180230645,154.22539674441649,0.1419469827376129,1087.0,0.7576417546433689,50.0,119.0,7460710.0,2.041447049223423,41.0,2.896679305225479,185.0,22.7768027089404,78.24839006439743,69.0,30.0,155.0,17.272686981180453,82.84671783995867,0.8480368556086725,7460710.0,0.3023225897091071,740.7681091836364,7.953773584905661,62.315849673511664,7.922285067538976,4.563442506229975,0.3207547169811321,0.8686561159091553,0.2716981132075471,0.9192892704453104,0.2469348522605909,0.8716194968553461,0.869056603773585,0.9937277961232982,0.966695492662474,-0.4815770702770561,0.92572527491278,0.2354559748427673,2.625471698113208,0.2093498576005696,3.065812062162584,0.8977114580421155,0.4094339622641509,5.250943396226416,2.7038459155527845,1.2210493058027767,62.8013698630137,0.2150731844623757,1.6679958716457122,9.904109589041097,35.46232876712329,213.53424657534248,8.581815515018793,0.2705816870127046,54.24657534246575,0.1857759429536498,0.3969279025118083,4.336967188825973,0.1190876065583312,5.088067938464535,0.2686292548298068,21.60455760930756,trainval/1473
1475,1475.jpg,trainval,calibration,1,malignant,ground_truth,0.503181342167972,88.53578305533179,91.19758768739445,3087.5,44.54955414767424,229.8233764908635,0.074436721130644,3088.0,0.8570658961684812,61.0,128.0,29472008.0,2.1222862317442943,38.0,2.379467131295504,168.0,21.193253510161345,94.3160621761658,93.0,29.0,139.0,15.999545983335146,97.69362334078298,-0.037468702582316,29472008.0,0.2558231429031652,648.5244570324033,12.0124876766349,47.511662443271135,-0.5215478118731788,4.387632886886169,0.1505093657574762,0.9336691723712278,0.1505093657574762,0.6111135261727161,0.1278562965767584,0.924745317121262,0.924745317121262,0.995932179303852,0.9784986620346464,-0.6558035299488386,0.9686369103739384,0.1505093657574762,3.309562931317778,0.1884193791929004,2.853975478463452,0.9374905685899504,0.2806441012159054,6.619125862635557,2.703466112705977,1.134535563160911,127.36182902584493,0.2532044314629124,1.167349778071136,12.630218687872764,64.65606361829026,729.2942345924454,9.70446045946543,0.1424917163684559,44.60636182902584,0.0886806398191368,0.183624794347968,2.33721735753241,0.0233621701160875,5.830532003413456,0.1628886010362694,26.966716599014266,trainval/1475
1488,1488.jpg,trainval,calibration,1,malignant,ground_truth,0.6993324072638654,208.7118338894421,203.3937068839644,20778.5,145.95894921835958,640.0975464705605,0.0308057629987997,20779.0,0.7982995157055481,0.0,58.0,27561888.0,1.6072846449793818,31.0,6.228164521914289,161.0,19.129239723158825,26.07969584676837,21.0,0.0,161.0,13.723801531704652,36.42018606924262,1.5671903473695898,27561888.0,0.4117687513664349,646.2794178583064,3.637754358700403,92.29075666348322,12.67213333910632,3.5916998901677424,0.0830459909669273,0.9548017775088788,0.0828517313389345,0.4128971746953598,0.0761815815810683,0.9586065109351982,0.958593560293332,0.9983395200137816,0.989646231633022,-0.7260142566182851,0.9497296138800184,0.0826817541644407,1.6615025982225249,0.3702268312768972,2.037853212340302,0.959478220125177,0.5458695546598028,3.323005196445049,1.9539931661328296,0.9186864702836676,512.7389006342495,0.2710036472696879,1.4769844320584278,6.850951374207188,339.92758985200845,657.3868921775899,287.80023718736965,0.3919681149415368,127.95031712473572,0.0676270175077884,0.1605883590187827,1.526019412736705,0.0433765691718905,6.458807742962211,0.0910534674430915,219.31100656374448,trainval/1488
1499,1499.jpg,trainval,calibration,1,malignant,ground_truth,0.7749414922969535,128.03390336581705,141.65097952361643,9676.5,99.2187841389102,428.9188309203693,0.0443258234816689,9677.0,0.8129970484304558,34.0,87.0,37032200.0,1.85651694969795,28.0,3.665004354053082,174.0,16.655038384652208,58.12793221039578,55.0,6.0,168.0,11.52691327256581,61.86134896536624,0.6842148556661709,37032200.0,0.3228430522471894,447.969992758451,8.677709269516146,30.3936947289637,2.9132936730140493,2.9479613673499645,0.2058731319887136,0.8694458241027654,0.2056641237328874,0.7342031262614012,0.1635754001978971,0.8972027728428607,0.8971888389591389,0.9958830105864652,0.9742948874258311,-0.5206020160727318,0.9234288107872431,0.2054812415090396,2.8270456683038985,0.2211270378673531,2.721537506251045,0.8746108469878596,0.3363987877521162,5.654091336607796,2.5147667607531017,0.7884586248346697,576.2289156626506,0.2777006822470605,1.054744433154304,10.211566265060242,41.04337349397591,323.03277108433736,7.3217825779307715,0.1719510586563942,260.9277108433735,0.1257482943823486,0.2481888765851391,2.9900636521793613,0.0418513623678536,5.417601731072465,0.2144259584581998,19.294073682682537,trainval/1499
1505,1505.jpg,trainval,calibration,1,malignant,ground_truth,0.7194216713220557,66.90748195134012,67.468511173732,2481.5,48.13469248938338,201.0954544295053,0.0810378619502338,2482.0,0.8781320289518739,3.0,71.0,4003040.0,1.7416184801155852,40.0,2.456580187759545,107.0,21.324092044509342,31.11522965350524,26.0,0.0,107.0,16.369495127061473,40.16003441510479,0.7025897141836095,4003040.0,0.3425144521619317,644.6708478320295,4.114238410596026,33.618009377997296,6.034370781774257,3.5388166568900483,0.1535596026490066,0.9168234265116976,0.1535596026490066,0.6186769863710839,0.1299790510832858,0.9232201986754968,0.9232201986754968,0.9940938614365769,0.9744067328918324,-0.6035572370636656,0.934608287932538,0.1535596026490066,1.8077400662251653,0.2799792395344502,2.3917221382777574,0.9182573016282468,0.464817880794702,3.615480132450331,2.238162535628752,0.9230940648847636,124.4050343249428,0.2846797124140567,0.903602155323639,6.480549199084668,81.82608695652173,185.8581235697941,67.73497520976353,0.3323563437579456,52.97711670480549,0.1212291000109965,0.2565583108174157,1.9808951080501456,0.059016348013886,5.163737252283726,0.1760676873489121,49.56784609020312,trainval/1505
1508,1508.jpg,trainval,calibration,1,malignant,ground_truth,0.8375823280755327,194.35397148057217,210.66798522794107,23284.5,162.78745190342332,786.3401871576797,0.0337709715543679,23285.0,0.6879041329972453,29.0,76.0,66208587.0,1.6015699791575286,25.0,3.3314861542481244,138.0,14.766859961630695,50.03989692935366,47.0,7.0,131.0,10.632967029027755,53.32354801614243,0.782491456098334,66208587.0,0.3930224709925912,339.4094883295096,6.909276027901736,16.98766032655618,2.543347772868325,2.239829286500098,0.108704128937221,0.9074280755618034,0.108704128937221,0.4959948037922046,0.0968875412892211,0.9456479355313896,0.9456479355313896,0.9970620505692644,0.984470838723254,-0.6470705867885116,0.9339912822443904,0.108704128937221,2.5251722195745416,0.3290155724121394,2.151887582442233,0.914652677402153,0.4870239591005589,5.050344439149083,2.043183453505014,0.5871333538593297,812.0018429782529,0.2993003475776826,0.8827932403932467,8.234426833763361,195.15333579063767,1075.242535938076,43.23605971249539,0.2221015071466601,206.8238112790269,0.0762343572720335,0.1754313064958916,1.5146079373070769,0.0463295103963191,6.149884933780042,0.1165127764655357,121.48974297348408,trainval/1508
1518,1518.jpg,trainval,calibration,1,malignant,ground_truth,0.7430340661841036,123.67622396078512,127.67536959022284,8822.5,91.89564757987802,374.8772003600263,0.0424910399954691,8823.0,0.8882019813528335,63.0,170.0,127615512.0,2.708650304989252,58.0,2.979249605424024,255.0,33.22684517140392,113.02754165249917,109.0,29.0,226.0,23.98026296873982,120.26620139320876,0.5861535460260578,127615512.0,0.1757599739863646,1688.734025544423,18.871074948429985,344.6917068223877,20.727342090503136,10.625439087856131,0.3385285354114141,0.938247074956151,0.325005730002292,0.9488055696767488,0.2328998108770914,0.8396936358774545,0.8388494155397663,0.9966566701601144,0.9705556686418478,-0.5516944179329899,0.974490198057149,0.3137144421524435,4.037245014898006,0.0953720532645673,3.922543519633256,0.939372649090279,0.1855374742149896,8.074490029796012,3.561713421846424,2.740991905816886,470.8824756606398,0.1637282599654519,2.96857258091036,22.4499304589708,16.158205841446453,251.60917941585527,2.10796167675397,0.1003915556139006,560.760083449235,0.1949791667069663,0.3933002154361536,10.295071220829165,0.0325571341752818,5.477763160319826,0.3259662246401451,6.74679364110639,trainval/1518
1529,1529.jpg,trainval,calibration,1,malignant,ground_truth,0.7179081735689383,242.43257674543884,263.2508309578528,32388.5,174.04432838492949,730.8427124746211,0.022564882982374,32389.0,0.8729239893609841,52.0,98.0,194244783.0,1.6963650907873695,24.0,3.886198892122414,181.0,14.550080129321447,75.16802000679243,75.0,18.0,163.0,10.185214636134775,77.44188436307202,0.5592418415006583,194244783.0,0.3640150576200747,347.014221961871,13.08363884918909,20.785039031454826,1.4772798985467095,2.3904910750134847,0.1133412042502951,0.9094658175078546,0.1133412042502951,0.5099125013600031,0.100494975669388,0.9433293978748524,0.9433293978748524,0.99825628916538,0.9874065328610784,-0.6526031775933666,0.9432655619192628,0.1133412042502951,3.5375629155533463,0.296827448255437,2.276280242946884,0.9126471172888369,0.3858820605232088,7.075125831106694,2.16293903869659,0.6259580698159449,1146.431835886783,0.2976971788851681,0.931800317473782,13.99558556219164,147.08828875616723,1862.4957153985977,13.528986350469385,0.0970306579526123,263.9244352116333,0.0685340003146282,0.1675118973798889,2.5378042569176675,0.0167241255946504,6.273071930971138,0.1188983914291889,76.35105997551887,trainval/1529
1531,1531.jpg,trainval,calibration,1,malignant,ground_truth,0.7217742793191114,104.3214222201988,115.974135047432,5932.5,75.29651934052873,330.04877323528007,0.0556340115019435,5933.0,0.8272669659115268,82.0,156.0,89151130.0,2.338045698587002,39.0,4.730419349313436,255.0,24.030856105436488,118.51339962919263,116.0,49.0,206.0,16.449218102266013,122.58187273550688,0.916852492264191,89151130.0,0.2368857716720924,980.8896316752872,19.51615660796718,195.648913400376,14.818772989876024,6.397781624581078,0.3000512908189434,0.910403470911002,0.287057616686613,0.9007709971411342,0.2176492155211449,0.8586368040120818,0.8577705590699264,0.9970366172695756,0.9740022899537344,-0.5209990670806414,0.9551375425320444,0.275688151820824,4.241665241921696,0.1385582436377329,3.4543582455150874,0.9144928369873916,0.2561121559240896,8.483330483843392,3.134736642717604,1.6744582288500056,364.0840579710145,0.2110632220121823,2.1158076034446545,22.77217391304348,20.27536231884058,348.7084057971015,1.6136632463183875,0.0666595586812288,294.56289855072464,0.1707611006091157,0.3365985966444625,9.178898999609537,0.0194127426824093,5.349433026184743,0.2907466711613012,8.44575038857383,trainval/1531
1542,1542.jpg,trainval,calibration,1,malignant,ground_truth,0.5589456142036905,134.73683680032903,148.08105888330215,7533.5,75.31056400122232,385.4457428549505,0.0511642321437513,7534.0,0.7982521095848463,82.0,132.0,88170801.0,1.7581668564735624,25.0,3.129990003426387,179.0,15.414333668609569,106.40921157419696,105.0,56.0,123.0,10.723020184587496,108.18064965563411,0.4190550040727847,88170801.0,0.3464437545986555,380.1326520728367,8.227645556003765,20.630086937855182,1.439236588877801,2.54154370514482,0.1886513379050692,0.8618037649835244,0.1886513379050692,0.6986416224676975,0.1530620106116966,0.9056743310474656,0.9056743310474656,0.994901315191755,0.9730498088707044,-0.5261659176665411,0.9177112271439856,0.1886513379050692,2.7639505176818604,0.2442090811709037,2.585942718281979,0.8647481755770238,0.381336560441038,5.527901035363722,2.397291380376912,0.6825487607624723,446.644,0.2977626666666667,0.8694555555555555,8.954,42.757333333333335,330.74,7.639033148148148,0.1945638888888888,163.72666666666666,0.1091511111111111,0.2046334678291753,1.999829185671692,0.0435999630933047,5.408782068333666,0.1990974250066365,17.530152888888885,trainval/1542
1544,1544.jpg,trainval,calibration,1,malignant,ground_truth,0.9272422515994808,96.13370142598878,104.27847332982968,6626.5,89.13922976482606,328.6345596729069,0.0495939877269911,6627.0,0.8780794243564434,20.0,93.0,20787712.0,2.105322136342814,40.0,3.319380513769396,162.0,23.23844161124467,48.268296363362005,38.0,5.0,157.0,16.777531007161844,56.00732884419105,1.061517984120515,20787712.0,0.2843999888972706,806.9924504400096,7.263117638060272,94.4161856096616,11.527011234830542,5.345932213587317,0.1817347407067462,0.9342454087015608,0.1814287899648156,0.6846426968228698,0.148818334878649,0.909336596807914,0.9093162000917852,0.996365997904526,0.9773256505702582,-0.6152171926303573,0.961089757516363,0.1811610830656264,2.4437815511702614,0.2103292588342107,2.8957599565157475,0.9501485936909456,0.3952883585742695,4.887563102340524,2.712836216079168,1.3819167385735158,277.49254901960785,0.2176412149173394,1.797275509419454,9.110588235294118,55.68862745098039,331.361568627451,18.547544657863146,0.3166071762038148,146.76470588235293,0.1151095732410611,0.2367549213849152,2.551919151973694,0.0710276867723001,5.820314051455776,0.1923947487550928,28.673092502883502,trainval/1544
1551,1551.jpg,trainval,calibration,1,malignant,ground_truth,0.4774748416654761,174.05945218564082,182.49657531033287,9999.0,83.10900937271838,517.3452377915623,0.0517396977489311,10000.0,0.6851769752682544,0.0,79.0,20055684.0,1.82309208279965,53.0,3.308799328230232,179.0,29.02830432,28.9918,14.0,0.0,179.0,22.62538989836763,44.78357288113578,1.0393003066913864,20055684.0,0.3768086600000001,1165.0439327600004,4.961476074614761,141.45427585316313,18.58764692937429,5.832684936877133,0.1208434712084347,0.9594044193878992,0.1194241686942416,0.5319168117659702,0.106581339140124,0.9405244660719112,0.9404298459042983,0.9981427963287132,0.9867464179507976,-0.6978331785967028,0.9593497582292656,0.1181822789943227,1.879764801297648,0.3418217738946346,2.360636926566243,0.9611970805222972,0.5534266017842661,3.759529602595296,2.235943814537125,1.488382102021392,293.3687834736037,0.2244596660088781,1.6415171324555144,9.603672532517216,380.16067329762814,571.2065799540934,360.89225166966816,0.2672148974994231,166.68477429227238,0.1275323445235442,0.2889004029555875,3.12932353064116,0.0627375108277614,5.690159755679874,0.1307,321.6211980806076,trainval/1551
1554,1554.jpg,trainval,calibration,1,malignant,ground_truth,0.345402838582129,189.83259737114403,187.4459922217597,5743.5,65.56871798741155,435.362481734265,0.0758009021910446,5745.0,0.6170810994391056,65.0,126.0,55612588.0,2.052974347811593,33.0,2.782863996167672,173.0,19.426134111396674,95.41827676240209,95.0,33.0,140.0,13.891565539912472,98.38786498156662,0.050911967104925,55612588.0,0.2784069092509397,575.524435324621,12.05917788802268,43.33907203031399,-0.1444104324813369,3.910246658456061,0.1376683203401842,0.9319806265391848,0.1376683203401842,0.5780996272922918,0.1187157539148967,0.9311658398299076,0.9311658398299076,0.9962792345854004,0.9803330970942592,-0.6641129167521638,0.9666655634126656,0.1376683203401842,3.3340715804394048,0.2120349545511851,2.74054166116537,0.9321487996492592,0.315024805102764,6.6681431608788095,2.6028733408251874,1.0119787446990611,231.4259681093394,0.2635831071860358,1.1152456141261202,12.183371298405469,71.46355353075171,890.0398633257403,8.801833712984054,0.1432251328777524,72.51025056947609,0.0825857067989477,0.1476564321591245,1.8822798760548247,0.0210028969529649,5.963316255985918,0.152828546562228,28.649037987557143,trainval/1554
1564,1564.jpg,trainval,calibration,1,malignant,ground_truth,0.2887883514603083,345.62153239305684,330.15148038438355,18746.0,99.81147256897646,946.1219330882006,0.0504706034934493,18747.0,0.5129938137064187,36.0,98.40000000000146,97911616.0,2.0427053788137384,31.0,8.280468820421586,255.0,19.54118019669762,67.43020216567984,66.0,6.0,249.0,13.341671527729709,72.26886258613216,1.2615890730911543,97911616.0,0.2929443800355686,675.9563353887977,11.325679399211191,125.22629826006472,8.662764911555996,4.167509410658842,0.3975903614457831,0.8258130681501032,0.2666270463017991,0.903561607018047,0.3265003796261614,0.8803095791236696,0.877896092816974,0.996910028420686,0.9785071626201776,-0.4893660410576448,0.9298061078006692,0.2164094344493069,3.222297260792048,0.1914739624867814,3.08549172290886,0.8591132365693039,0.3470203684693932,6.444594521584094,2.74768964110548,1.141274943026156,1102.2523240371845,0.2439690845589164,1.826900895752977,13.947100486941125,37.30389552899513,370.9621513944224,5.427014686017846,0.1380521576936045,725.016821602479,0.160472957415334,0.3713670390628981,6.333688379078341,0.0492571860000446,5.48577939463661,0.2409985597695631,20.08635533122049,trainval/1564
1565,1565.jpg,trainval,calibration,1,malignant,ground_truth,0.7323615272839982,82.87411260634447,87.04596486914255,3840.5,60.69381168068848,269.03657992646004,0.0700524879381487,3841.0,0.8165588371193124,28.0,95.0,17063538.0,2.1383094317796,40.0,2.6138285034712694,156.0,21.46419443918949,61.28976828950794,60.0,5.0,151.0,15.806512547082049,66.65187764454463,0.2545626165208905,17063538.0,0.2558081148186631,686.0370965617748,9.692961487383798,48.35135672061421,1.363487113565332,4.317729277665787,0.2071713147410358,0.9084305564242944,0.2066401062416999,0.7374285477766996,0.1644711812334548,0.8967684816290394,0.8967330677290837,0.9958577764414042,0.9741773646156116,-0.5749547297738941,0.9553142641747796,0.2061752988047809,2.9436918990703846,0.1730300929967602,3.0207761844524867,0.9128900170295532,0.2807436918990704,5.88738379814077,2.8113501188654664,1.1312251481017055,193.8042203985932,0.2272030719795934,1.4648197039893676,11.395076201641269,37.9073856975381,345.1066822977726,7.229443600417894,0.1960461144207585,110.44665885111372,0.1294802565663701,0.3025466669819781,3.99676173133028,0.0508198226579194,5.593621304206338,0.2220775839625097,17.630999616552295,trainval/1565
1567,1567.jpg,trainval,calibration,1,malignant,ground_truth,0.6024353949976055,35.3653696638909,36.22154055254967,576.5,21.30535044270245,100.66904755831226,0.1746210712199692,577.0,0.8454902973632591,19.0,97.0,2096943.0,2.2072713681893665,43.0,2.496835706861684,129.0,24.1235999267111,52.84055459272097,46.0,4.0,125.0,17.935979549281846,60.284464315291295,0.5859859152172103,2096943.0,0.2455808896191079,842.0924281153038,7.924050632911392,82.36363872405731,8.67208055386745,5.4990925708530485,0.2332730560578662,0.9186119409540966,0.2332730560578662,0.7836734845486373,0.1788567373752898,0.8833634719710669,0.8833634719710669,0.9936953228092468,0.9666752777060192,-0.5606218181507261,0.9558088428805585,0.2332730560578662,2.570524412296564,0.1612787720439882,3.143127783078878,0.9300857360019392,0.3128390596745027,5.1410488245931285,2.9098547270210138,1.4330914067277285,33.705882352941174,0.2202998846597462,1.5678585159554017,9.875816993464053,22.294117647058822,157.01307189542484,7.841913580246913,0.2546477850399419,22.5686274509804,0.1475073689606561,0.2978361083328569,3.470425413503792,0.0737744145667476,5.083176217983231,0.2651646447140381,8.071852706224101,trainval/1567
1597,1597.jpg,trainval,calibration,1,malignant,ground_truth,0.8403442732296097,140.1276834320008,151.5585695366646,11870.5,117.75549629301354,509.2619766708767,0.0429014764896909,11871.0,0.7583997598143127,35.0,113.0,74483743.0,2.3761048579215545,38.0,4.386677390641485,240.0,24.754802357164984,72.20748041445539,68.0,3.0,237.0,16.327973560032056,79.21129144111879,0.894315434857679,74483743.0,0.2339044072330042,1060.5084639659,13.256329383684257,200.77217422217112,15.212069920699452,6.842238474827859,0.1650328190265109,0.952896694845752,0.1633279345324354,0.6478822884446093,0.1383568048278794,0.9186201801494616,0.91850652118319,0.9983669855415276,0.9851649217432183,-0.669442513097865,0.9788404033995058,0.1618361606001193,3.403972380871196,0.1714376316054455,3.153414492255278,0.9599400149953506,0.2957974597221038,6.807944761742391,2.9820319607502785,1.7518178234635926,435.0029325513197,0.2126114039840272,2.0569587655956023,15.73900293255132,61.2644183773216,729.3890518084066,9.59512915704912,0.1302854080881474,197.2942326490713,0.0964292437189987,0.2047770860522392,3.8872238442262144,0.0213121630054189,6.198849500626188,0.1723527925195855,27.60060184667601,trainval/1597
1607,1607.jpg,trainval,calibration,1,malignant,ground_truth,0.7267744547587702,75.74110812215594,83.21658488546619,3182.5,55.04670255830495,227.2375900532366,0.0714022278250547,3183.0,0.8800532749386368,17.0,81.0,10685214.0,1.9728267813410896,22.0,13.86883028839082,255.0,22.939391041139164,44.28903550109959,34.0,3.0,252.0,10.429733440347311,57.93930653903546,3.027080738429294,10685214.0,0.3558954661057226,1395.4445766066567,7.088291746641074,904.5231889875596,67.11824109338096,8.18326961987647,0.9500959692898272,0.7919505225068837,0.4395393474088291,1.2551831808611225,0.7569011313692477,0.8349838527861561,0.8247869768136225,0.9928392744253745,0.9662298850836166,-0.3478033991087128,0.8629126913650976,0.2341820395251297,2.297824696097249,0.2284580770365895,3.2421215903831686,0.8230335063893566,0.4309021113243762,4.595649392194498,2.6625005453653228,2.283341397291574,217.6408952187182,0.2214047764178211,4.074033751807171,12.233977619532045,26.5645981688708,121.10172939979654,11.243557906074102,0.3505608920203731,267.6347914547304,0.2722632669936219,0.5359311698072579,8.700113214292006,0.1698920677322224,5.031723554870501,0.3088281495444549,16.079651118868163,trainval/1607
1620,1620.jpg,trainval,calibration,1,malignant,ground_truth,0.8725306524825519,82.05933975609649,87.66413177577246,4551.5,71.5992892596743,264.14927829866826,0.0580356538061448,4552.0,0.9053839202349888,37.0,101.0,22479171.0,1.9687505799002871,32.0,3.032617374959252,173.0,19.156886754426875,66.11577328646749,63.0,9.0,164.0,13.77815171400186,70.27308488105153,0.5910095124928901,22479171.0,0.2942466626616548,567.0109814319051,10.877514528386232,38.40929861594064,3.69790859409587,3.5632636008096434,0.2143495753240948,0.8865158684439604,0.2125614662494412,0.7529965963474493,0.1691671983899824,0.8940172850543883,0.8938980777827448,0.9957170570423663,0.9734546515670788,-0.5363744974751699,0.9367285643054798,0.2109968708091194,3.168641037103263,0.197433504943578,2.864248634758639,0.8913560828877132,0.3446580241394725,6.337282074206528,2.644442128188712,0.9444032940334348,273.2439024390244,0.2665794170136823,1.1174339083878644,12.538536585365854,37.06341463414634,355.4887804878049,5.493600492229412,0.1268684032962778,135.57756097560974,0.1322707911957168,0.2862344716441258,3.966466337595295,0.0352839399569661,5.387394818248389,0.2251757469244288,17.3411502676978,trainval/1620
1625,1625.jpg,trainval,calibration,0,benign,ground_truth,0.4000089397941703,58.97917877913599,59.07622195096772,1088.5,23.59219877337301,143.4974746830585,0.1318304774304625,1089.0,0.8150324315701382,52.0,181.4000000000001,14412614.0,2.877858463640865,69.0,2.863148944680902,252.0,41.285648875430994,103.50964187327824,91.0,0.0,252.0,29.933914856935573,115.04226875210992,0.7685940181937766,14412614.0,0.1658061540355555,2520.4776388983755,25.077861163227016,666.231539675849,47.84148081332516,15.268472204133213,0.8930581613508444,0.8894834658408173,0.5628517823639775,1.378553255829905,0.576256032440538,0.7592245153220764,0.7494044637627025,0.9929813225841888,0.9550298435148342,-0.4003869996490117,0.9482131502788532,0.3944491348759641,4.635084427767355,0.0734584936410772,4.581870283128026,0.9022077243801276,0.199812382739212,9.27016885553471,3.754973808408173,4.040382591371014,69.35643564356435,0.1373394765219096,4.505228899127536,28.75841584158416,8.299009900990098,179.780198019802,0.703235555533496,0.0846035853636899,171.24950495049504,0.3391079305950397,0.5948780741281319,18.372457498132736,0.0503016639466972,4.993980723869246,0.4637281910009183,3.6487952161552792,trainval/1625
1627,1627.jpg,trainval,calibration,0,benign,ground_truth,0.7145670781102446,208.99856171408555,208.9712898940905,24361.5,149.34349157327773,606.0731598529204,0.0248783186525017,24362.0,0.9129182585702896,46.0,121.0,179053104.0,2.3071055931375133,43.0,3.617170716352339,255.0,24.318537799864764,80.26549544372384,76.0,10.0,245.0,17.591585849800648,85.7303225407382,0.7010355142741012,179053104.0,0.2329721127960193,907.1384441125524,15.26565598149372,122.7080173520725,9.141530975579233,5.950719917358656,0.2223231989424983,0.9279696594519452,0.2036516853932584,0.7559334142187633,0.1808491899789836,0.900746309759859,0.9000047476919489,0.9981905262062916,0.9831423659027138,-0.6030302092860976,0.968430928735978,0.1921566217779246,3.7193489755452736,0.1585251202578861,3.2181289596039155,0.93237706103615,0.2707782551222736,7.438697951090549,2.97647691384278,1.5432607790752888,1047.013037278468,0.2132843832304885,1.83184393940796,16.448563862293746,50.992462823385615,701.8441637808107,5.599306471336033,0.1079218784473996,589.9289060908535,0.1201729285171834,0.2778674475585778,4.752304937676438,0.0335366662714349,5.955641506643446,0.2015023397093834,26.363857820398067,trainval/1627
1629,1629.jpg,trainval,calibration,0,benign,ground_truth,0.6421503469023054,94.01342274660784,93.17188417113825,4436.5,60.37075203020731,257.9655121145945,0.0581461765163066,4437.0,0.9153001356490532,67.0,121.0,40162418.0,1.841513364305871,28.0,3.004084297726517,181.0,16.582736936295273,92.85102546765832,91.0,37.0,144.0,11.78990883750993,95.14045226387896,0.4099045598759581,40162418.0,0.3261671717977511,430.3927265796985,11.071297989031075,23.211067590552112,1.6624361193259989,2.844032881280309,0.2374314442413163,0.84589700274974,0.2173217550274223,0.7904341822803141,0.1902026990331173,0.8943365326020719,0.89331782987418,0.9953152764321718,0.9731014440566544,-0.494046078836115,0.9149695097868678,0.2028441118220597,3.2279478976234,0.2200227568772998,2.7663129620961326,0.8538911132512946,0.3884826325411334,6.4558957952468,2.498262150267451,0.7703660813804064,278.864476386037,0.2863084973162597,0.9639497573460276,12.084188911704311,40.33367556468173,421.3151950718686,5.054816888767827,0.1222949289229723,129.55030800821356,0.1330085297825601,0.3179524496614358,4.165248009588704,0.039367815798004,5.329611099149576,0.2195176921343249,19.58162850119535,trainval/1629
1633,1633.jpg,trainval,calibration,0,benign,ground_truth,0.4660882432184954,410.8101039977394,390.9130338067535,56341.0,191.47375966871377,1267.3351365237845,0.0224940121141581,56342.0,0.663935257256476,60.0,115.0,460550391.0,1.9333351014889344,29.0,3.5305336585793743,171.0,17.47908621800546,87.61561534911789,88.0,0.0,171.0,12.087655001334484,90.41124465259976,-0.2874628961257198,460550391.0,0.3118374479081848,497.6971066276641,17.066308307736268,37.18562191167317,-1.735554116282099,3.3033143890284613,0.1405814701050075,0.9183590469310068,0.1405814701050074,0.5857596060718363,0.1208183203681223,0.9297092649474962,0.9297092649474962,0.9971883705978998,0.982427316236874,-0.6398172147109332,0.9565896381957396,0.1405814701050074,4.034306021858704,0.2395239151408164,2.621070731069944,0.9220462159840924,0.390331452246589,8.068612043717406,2.480489260964938,0.8609739647833672,2235.045266488197,0.2719694897162565,1.0944670244951382,16.68629836943295,98.212703820881,1730.135921148698,6.916274873500954,0.0908158546942748,693.4154295449015,0.0843776380560843,0.1922751760168154,3.1918721614436865,0.0195164963213891,6.14578116026656,0.1458592169252067,51.208982283161085,trainval/1633
1637,1637.jpg,trainval,calibration,0,benign,ground_truth,0.7650551083376479,221.8705383813106,218.4032966784156,29322.5,169.74318877824587,657.9310242291893,0.0224377534053777,29323.0,0.9226246716776396,17.0,110.0,144785737.0,2.4873886927868694,65.0,2.5602032807247506,241.0,32.32225439905924,59.57211062988098,54.0,7.0,234.0,26.443418739144843,70.26817761589177,0.565091853485882,144785737.0,0.1937988937918119,1388.7804205597356,10.477261814939297,219.0497306197306,13.632649030610748,9.363981525405922,0.2291652376706221,0.9522231352588776,0.1964469442348583,0.7600634738565814,0.1905738357714086,0.9071781329309282,0.9050483572261472,0.9977503668443536,0.98238833325259,-0.6470865819324146,0.9797233271813872,0.1683042961337083,2.8624391247685024,0.1397840368814761,3.361265141574304,0.9563197641926736,0.2300226352973454,5.724878249537006,3.0807327378240497,2.398286690769136,975.8635189966802,0.1799822056430616,2.471504197348372,14.310586499446698,125.0142014016968,618.3094798967171,81.81221979374526,0.2060757137875711,780.8266322390261,0.1440108137659583,0.3407609501387375,5.39655999068055,0.0614544677621905,6.040976973329438,0.1849060464481806,95.76609363385722,trainval/1637
1641,1641.jpg,trainval,calibration,0,benign,ground_truth,0.7285606484577639,35.83583979122793,36.23534186398688,730.5,26.10858267632556,105.39696961967012,0.144280588117276,731.0,0.9090482141180016,41.0,110.0,3770934.0,1.9555769752838577,33.0,3.053009624834289,143.0,20.20843961292085,67.22571819425444,60.0,27.0,116.0,14.172936449963476,71.82336975684484,0.9629923650408108,3770934.0,0.2999713676709191,639.299256495141,5.897142857142857,57.09910188723444,7.838582361516025,4.372806122448978,0.2071428571428571,0.9095435961990482,0.2071428571428571,0.7359858024909562,0.164234693877551,0.8964285714285714,0.8964285714285714,0.992032967032967,0.9654761904761904,-0.5640801122251957,0.9437477717498912,0.2071428571428571,2.2035714285714287,0.2079765306122448,2.817072845122837,0.9304854635977028,0.3657142857142857,4.4071428571428575,2.609929987979982,1.1449872448979592,44.30681818181818,0.2517432851239669,1.3354532541322313,7.221590909090909,30.642045454545453,153.07386363636363,13.42856691919192,0.3577414772727272,27.13636363636364,0.1541838842975206,0.3520157048009262,2.9482728579289987,0.1132122724921894,5.02079380497209,0.240766073871409,13.391238378099173,trainval/1641
1646,1646.jpg,trainval,calibration,0,benign,ground_truth,0.7808488158418068,111.04204462662308,112.27199116431488,7536.5,86.70704905535169,331.07821048680285,0.0439299688830097,7537.0,0.929520954424932,81.60000000000002,125.0,83991817.0,1.7211744865598468,22.0,7.311036226567227,247.0,14.422780551244175,103.73079474592012,104.0,0.0,247.0,9.3960229147122,105.56482463937046,0.1506044521285919,83991817.0,0.3737698672485121,383.85442252082686,22.386442953020133,37.83952571228735,0.4719447274864149,2.505944128642854,0.2233557046979865,0.8363274698004981,0.1973154362416107,0.7517893258094945,0.1844223233187694,0.9050648769574944,0.9039084090011844,0.9978121049673636,0.9822503894315974,-0.5004133658583904,0.9054249022036328,0.1800950782997762,4.670738255033559,0.2688237016350615,2.5676529403482458,0.8385840941668253,0.4218791946308725,9.341476510067116,2.3285491157453384,0.6823249583352101,438.4857916102842,0.2966750958121003,1.1508626293440465,22.62449255751015,52.11163734776725,1180.9445196211095,2.528059480808812,0.0613075739680425,170.21380243572395,0.1151649542866873,0.2662834126916564,6.162190070788884,0.0180929696533003,5.555049933995883,0.1960992437309274,26.107158029081468,trainval/1646
1658,1658.jpg,trainval,calibration,0,benign,ground_truth,0.570116699309055,366.2684314218012,349.07019351414124,38217.0,208.8157491833022,1138.8326112068494,0.0297991106368069,38218.0,0.6085178654990465,21.0,99.0,138731328.0,2.2262119503871047,42.0,3.845806066764372,208.0,25.3245440762548,51.28337432623371,41.0,1.0,207.0,17.764574488530283,60.249478719834805,1.172206800223624,138731328.0,0.2641439924884708,1000.0152037272196,8.174861085508123,168.7682423330043,18.18919053703961,6.726803307858806,0.1254575619519132,0.9633821407749824,0.1216653938324599,0.5412239167872882,0.1106550938955056,0.9397334948516052,0.9395465198957154,0.998474503196997,0.9878667378496204,-0.7185767178546321,0.979332609729886,0.1189690335530801,2.5543149079609195,0.2143307163315929,2.850071916813366,0.970318789611356,0.3880125352223948,5.108629815921839,2.7168984340761746,1.7130652174526797,1004.8026233603996,0.209203127911805,2.1535651016920725,10.239850093691444,145.29460753695608,912.6733291692692,51.56811706946564,0.2934944530225319,361.2760774515928,0.0752188376955221,0.1846242384277784,2.141394435177538,0.0519062633198737,6.65722009198045,0.1256737662881364,81.97900576488367,trainval/1658
1670,1670.jpg,trainval,calibration,0,benign,ground_truth,0.344194016405924,270.52930229877074,262.0534296665472,8359.5,93.11456711370629,540.7178207935926,0.0646830337691958,8361.0,0.5994105740085203,38.0,78.0,28633893.0,1.5427313762262846,21.0,16.848088587138808,255.0,13.31041669322006,55.43702906350915,51.0,7.0,248.0,8.705467866722948,58.52091220590154,2.493382358265628,28633893.0,0.39641094830323,351.4329740224779,7.81017898453671,68.91450663687326,7.021859104089716,2.413770467120775,0.2276878120053573,0.8276044609111273,0.1612078412273225,0.6654253984930331,0.2016998439321837,0.9273570355939772,0.925578640638696,0.9981970897142066,0.98695260662873,-0.5470054513043303,0.90185897766414,0.1292438140076031,2.69511749665165,0.3123780370406703,2.229299103488396,0.858330187640613,0.4119079508096919,5.390234993303299,2.0209571989870048,0.660364569781533,407.22067901234567,0.314213486892242,1.4274477023319614,10.905864197530864,88.80324074074075,595.1466049382716,16.50958841025235,0.1492173469393378,146.60493827160494,0.1131210943453741,0.3144957634174983,4.737947906916794,0.0433904021061607,5.697200968163908,0.155005382131324,47.18282214506173,trainval/1670
1674,1674.jpg,trainval,calibration,0,benign,ground_truth,0.5846225850214758,134.284659382768,133.4053971921676,8250.5,78.50584469708221,356.5929291125643,0.0432207659066195,8251.0,0.9029679569074897,0.0,127.0,41073220.0,2.1076883432032805,62.0,5.146772987269886,254.0,45.05688827601921,40.40649618228093,7.0,0.0,254.0,28.48710525929296,70.5547215362863,1.6676596322289476,41073220.0,0.387928415694584,3345.283797334217,9.856006850990948,1890.491474355279,141.84155491520076,18.364510542627148,0.5708343528260338,0.9397070023305356,0.3249327134817715,1.051213592166397,0.4652530845354068,0.864053609780916,0.8578844203631549,0.9956727191929472,0.9742786993298556,-0.5313197466301015,0.9443960203172272,0.2171011586777277,2.325422069977978,0.3403175917074968,3.074562315952547,0.9424962012843536,0.5759725960362124,4.650844139955958,2.6195768796110213,4.733836223863296,291.1693023255814,0.1354275824770146,5.302806922660897,21.06186046511628,118.44418604651165,237.3079069767442,114.61154882201733,0.2097776432745135,768.2353488372094,0.3573187669010276,0.6178819260296845,14.59384998139139,0.0760883316903817,5.099692050307753,0.2605744758211126,103.71644110329908,trainval/1674
1678,1678.jpg,trainval,calibration,0,benign,ground_truth,0.4119474279504777,369.58354926205993,359.133679846377,43858.5,152.24899253131426,894.9848480983524,0.0204061891787989,43859.0,0.8294995147709342,55.0,116.0,351940993.0,2.0270889292289045,33.0,2.915750512322852,196.0,19.23367139880958,86.38525730180807,87.0,5.0,191.0,14.0901882017037,89.5788669337045,-0.0447971005546333,351940993.0,0.2813654252949584,561.9607220267527,16.755548945128368,40.458439693947966,-0.4259392474192474,3.720720452105888,0.1800604091345933,0.9076798130734608,0.1798315866550729,0.6808376845234103,0.1477210095757123,0.9101223437523835,0.9101070889204156,0.9972301504782184,0.9800212550658756,-0.5931156620583572,0.9535962676776588,0.1796313669854926,3.983765045078029,0.1971340684489623,2.847262624822612,0.9116618197194386,0.3105578692050707,7.967530090156056,2.665999909927588,0.97519521531012,2114.270752715017,0.2639209527793055,1.1191563603540329,17.379852702534016,54.90113593808513,898.0852577705655,4.523758920734274,0.081728310400014,819.6004244164274,0.1023093776577739,0.2213611789517378,3.95372976893352,0.019098566014903,5.828814667414543,0.1826535032718484,24.92718533112963,trainval/1678
1682,1682.jpg,trainval,calibration,0,benign,ground_truth,0.6457257928468562,392.7199342946653,395.0556922764181,75066.5,253.58939093918804,1102.4722215136428,0.0146866074948697,75067.0,0.8809684595287613,0.0,50.0,75124763.0,0.9981759733582192,10.0,10.732640756517526,207.0,17.4958093463788,15.731000306392955,5.0,0.0,207.0,6.465289452955822,31.634940902835684,2.773042307080526,75124763.0,0.7079043960953614,753.305115286171,2.862594093030096,200.9623858001168,24.67397171972252,3.990435255559977,0.0579332290454989,0.9713794684126216,0.050071530758226,0.2897049924647666,0.0554260708530269,0.976154185552124,0.9757504044496144,0.9993024746387068,0.9950621290519408,-0.7496339772255006,0.8790805449448279,0.0443290147473694,1.3709371197839368,0.6947242079858441,1.2358380785549228,0.9717644460889404,0.831026967764363,2.741874239567874,1.1685132717235298,1.0120921211513692,726.9649029513428,0.1932903225076689,2.3964209284600675,11.02073916511566,3209.078170699282,3490.683328901888,3187.20357077047,0.2956065259299186,424.5033235841532,0.1128698015379295,0.2816050389535657,3.8150436106267422,0.0483674908683992,6.440312737241916,0.0501019089613278,2810.70374258375,trainval/1682
1687,1687.jpg,trainval,calibration,0,benign,ground_truth,0.75812267262068,248.7044507554268,244.85914318236107,36758.5,188.5484828993624,731.8132752230986,0.0199086816715344,36759.0,0.9287173073811718,103.0,169.0,713800874.0,2.189951611402056,37.0,3.6486583953642127,255.0,21.2109100355798,136.722163279741,137.0,45.0,210.0,14.990120687436944,139.34991032682174,0.2603794757929958,713800874.0,0.2563599597363896,725.4475762010936,25.97582651972982,81.13772878003918,2.516300975282664,4.77896762874022,0.1915556892449889,0.9229233314118576,0.1862506494571905,0.7070810751469703,0.1568663848217636,0.9077178302204963,0.9074051792501846,0.998106950048144,0.98310773878878,-0.6072626845473165,0.9641276300213736,0.1819961351600171,4.982868002953322,0.1785899359922849,3.041986357981453,0.929893963844428,0.2852962892067051,9.965736005906642,2.8355962470946787,1.2426308294963015,1635.457018813314,0.2366797422305809,1.4844782514906352,26.5452966714906,56.128654124457306,1455.5913169319826,2.6230108609451177,0.0499065394059751,756.7371924746744,0.1095133418921381,0.2553187080202817,7.109752980781327,0.0131449894144948,5.968084694077692,0.18798117467831,27.8296415773612,trainval/1687
1688,1688.jpg,trainval,calibration,0,benign,ground_truth,0.7687294449647087,135.03226386383255,133.88054376943649,10919.5,103.8032772523721,401.5634918610415,0.0367748973726856,10920.0,0.9224696496771172,76.0,138.0,120786341.0,1.9469837788364224,37.0,3.658416880554348,218.0,21.13352554039368,101.94093406593409,95.0,53.0,165.0,15.441537063428768,105.17138507262914,1.015633045755941,120786341.0,0.3291455004092368,669.0661998601214,7.892021817509477,66.9133786851569,8.578081659196156,4.178567065908063,0.167883886474993,0.9227489791951078,0.1678838864749931,0.6528410383343075,0.1396988871370447,0.9160580567625034,0.9160580567625034,0.9966423222705,0.9790145141906258,-0.608219754662447,0.9518228721727396,0.1678838864749931,2.624757326430618,0.2559987079117644,2.704875672552609,0.9322192714846912,0.4512341684385689,5.249514652861238,2.5369917860776177,1.0866127380957642,440.11933298593016,0.2293482714882387,1.5072211974221204,9.941115164147991,91.06826472120896,510.833246482543,21.84847422067664,0.2390950561221536,218.80719124544032,0.11402146495333,0.2485895473217325,2.606729387004865,0.0691750206724744,5.8467662612803695,0.1757326007326007,58.68688665306563,trainval/1688
1699,1699.jpg,trainval,calibration,0,benign,ground_truth,0.6283729950316841,161.37315031264737,161.7714437099453,12803.5,101.40252977965636,446.4335495461306,0.0348680868158027,12804.0,0.8984883709892801,105.0,174.0,254909917.0,2.1742168551435097,38.0,2.740837450712248,224.0,21.303385452121187,138.60754451733834,139.0,62.0,162.0,15.358219908902404,141.0978944675655,0.1361090687693969,254909917.0,0.2542781606927154,696.5644260543286,17.604314281215558,56.6749282793452,1.2841740310307117,4.539095547088014,0.2516926468272713,0.8949264143437013,0.2472838923004251,0.8204026918464297,0.190543323436023,0.8770534823912244,0.8767989293024719,0.994977899371274,0.9691494340348852,-0.5282804156135381,0.9482107892101008,0.2437980020644168,4.066013226263581,0.1567479885621494,3.1949199986022063,0.8956451947145081,0.2807431900488112,8.132026452527162,2.9303926733307355,1.1976970484788212,756.4299036369288,0.2351351891939474,1.374048479049702,18.110972956170347,29.49456014920733,509.25707180603047,2.2797066427855985,0.083661222234205,479.8212620453839,0.1491517755814062,0.3022014031976465,5.620686845670361,0.0268245432872978,5.429206124211308,0.2512496094970322,13.653318857340969,trainval/1699
1716,1716.jpg,trainval,calibration,0,benign,ground_truth,0.5625922569663678,141.7688202582664,140.07141035914503,8852.5,79.75804055655742,373.4213562373106,0.0421825875444575,8853.0,0.893179502213262,16.0,100.0,38077648.0,2.3330557906956826,45.0,2.902835916444806,251.0,25.613820646675933,57.629955947136565,56.0,1.0,250.0,18.96676665422793,65.5827804814174,0.3919717622887104,38077648.0,0.216596938978809,979.889273204882,9.514074074074072,107.69813637524103,5.682459120898746,6.278103586821535,0.2361253561253561,0.9275047413305864,0.211054131054131,0.7785805863724299,0.1915815098903418,0.8979791073124407,0.8969317915200269,0.998081181935086,0.9825649791803638,-0.6066860434959956,0.9699367853591572,0.1951274137385248,2.829059829059829,0.1454289169730765,3.2456114433939347,0.9371024759369948,0.2211965811965812,5.658119658119658,2.988938772465618,1.628557235736723,405.5284861638633,0.2200371601540224,1.6853457628386097,12.294628323385783,54.94357026587086,350.8296256104178,25.38836914666772,0.1829364928682766,247.6814975583288,0.1343903947684909,0.3024425480999214,4.357780275350558,0.0490059794881956,5.700160032155141,0.2081780187507059,31.86917871113559,trainval/1716
1718,1718.jpg,trainval,calibration,0,benign,ground_truth,0.4306606116853129,275.93247069736384,273.1464808486465,25630.5,118.8332466143664,690.3158005400397,0.0269333723704196,25631.0,0.8221208398891021,75.0,138.0,306379887.0,1.995504424387169,37.0,2.185580660953401,180.0,20.05194732252245,106.73180913737272,105.0,37.0,143.0,15.49250955105392,109.33201455821748,-0.0460838086386016,306379887.0,0.2742345952011881,561.8103256217198,15.252489219913755,32.63909929885702,-0.378227515567643,3.8357452093329023,0.1077224617796942,0.945366631217087,0.1077224617796942,0.493007761636311,0.0961183330078165,0.9461387691101528,0.9461387691101528,0.9978455507644062,0.9865346922775382,-0.7115125649874127,0.9702829918606362,0.1077224617796942,3.784241473931792,0.2221411930448716,2.5695576319334483,0.94821480084357,0.2903175225401803,7.568482947863583,2.461835170153756,0.9858669177781488,745.7019867549669,0.2599170396496922,1.106196076106396,15.11711397699547,172.54130359010108,2773.7239456256534,14.348547351902305,0.097774434509484,185.8379226211224,0.0647744589129042,0.1578084660164465,2.408903293596724,0.0170500931396672,6.49076812685421,0.111934766493699,92.72897079767968,trainval/1718
1721,1721.jpg,trainval,calibration,0,benign,ground_truth,0.8442370750328291,260.4643650996608,272.567422851668,43137.5,219.89367374202047,829.9137802864867,0.0192388010498171,43138.0,0.8871548727543117,12.0,69.0,100261444.0,1.91983380710676,40.0,5.241199741886011,194.0,20.65851365237405,40.95396170429783,38.0,3.0,191.0,15.848751028637263,48.209982577678,1.0419661371028477,100261444.0,0.2950062368213253,646.975440862922,5.661780129116462,84.41709413271644,7.824950842125467,4.263800560992843,0.0623907520917332,0.971156729984163,0.0623441396508728,0.3368886406475709,0.0585039603429257,0.968835698914707,0.9688325914186496,0.9990402055503184,0.9930733912881348,-0.806999123602202,0.9767821185257324,0.0623033537651199,2.1474234973314377,0.2662411579564959,2.277615745969911,0.9717250675768864,0.3192719136737595,4.2948469946628745,2.2150184020885937,1.0815478282711442,699.3270223752152,0.2407321935887143,1.921753283110312,9.4223752151463,1527.5428571428572,5133.120481927711,996.2047180837052,0.2854643125465906,249.29122203098103,0.0858145342619556,0.2124375029974797,2.1815879625915784,0.0625509297232151,6.578971645313879,0.0673420186378599,1307.033136647895,trainval/1721
1725,1725.jpg,trainval,calibration,0,benign,ground_truth,0.8209773629787563,23.739698367349835,25.29822128134704,361.5,19.489754963537955,73.01219330881975,0.2019701059718388,362.0,0.9231317491325248,41.1,90.0,1559780.0,1.7609844118544378,30.0,2.7396963033613813,124.0,16.264094502609808,62.70718232044199,58.5,34.0,90.0,12.4862075436292,65.64133248485089,0.7167014660652229,1559780.0,0.3146881963310033,376.593815817588,4.387096774193548,18.770804739292736,2.3765566781914,2.7399489168479803,0.1759530791788856,0.8793148196210743,0.1759530791788856,0.6711433785297691,0.1449935931063544,0.9120234604105572,0.9120234604105572,0.9896498188718302,0.9648093841642228,-0.5570173317145862,0.9237682169584924,0.1759530791788856,1.935483870967742,0.2310867639597182,2.486530112167683,0.8903221689720945,0.3196480938416422,3.870967741935484,2.3105770329887982,0.7289754990067165,26.90123456790124,0.3321140070111263,0.6742874561804603,6.234567901234568,31.85185185185185,112.30864197530865,19.51328875171468,0.3039266117969821,10.506172839506172,0.1297058375247675,0.2791082768526878,2.1884537909956343,0.0526605562492598,4.419812429147926,0.223756906077348,11.878677030940404,trainval/1725
1731,1731.jpg,trainval,calibration,0,benign,ground_truth,0.8724624566363972,86.57888504431209,89.1852005660132,5100.5,75.53682673860077,272.1076477383255,0.0533492104182581,5101.0,0.9304018385444038,81.0,138.0,63769484.0,1.934368772435613,31.0,2.930980335201727,200.0,17.9802454254677,109.58400313663988,110.0,51.0,149.0,13.038904698371324,111.8095217023364,0.2751167046765501,63769484.0,0.3028125340000255,492.7153998541364,9.136282127913928,31.13064914133159,1.4188410370255382,3.189070851346672,0.2649930264993027,0.8465615947643921,0.2630005977286313,0.8391989611068168,0.1958237120936854,0.8688317725974631,0.8686989440127517,0.9947046506294948,0.967152597905736,-0.4630300032852869,0.9125469624276046,0.2612572225542938,2.899183104204025,0.1841788809616503,2.96788180839323,0.8520349001045256,0.3203825463239689,5.79836620840805,2.695066073567322,0.8635159694614936,371.8962061560487,0.2662105985368995,1.0864911977757838,9.725125268432356,24.707945597709376,221.95275590551185,4.102368263220344,0.2011897457622992,229.8632784538296,0.164540643130873,0.3383472178008602,3.492948442972517,0.0728593112079635,5.080676332776847,0.2738678690452852,11.375253957119485,trainval/1731
1732,1732.jpg,trainval,calibration,0,benign,ground_truth,0.8781040323182606,76.05258299575708,78.64477096412705,3966.5,66.78207979679347,238.65180361560965,0.0601668482580637,3967.0,0.9355003200569746,72.0,150.0,53967848.0,2.354733390803662,41.0,3.699449825864255,249.0,24.074227450832872,112.50113435845728,113.0,30.0,219.0,17.073428395484857,116.63702937803498,0.4723280359780155,53967848.0,0.2300849286675572,947.6913901929385,17.63664357197845,133.31596419621636,6.275469104033979,6.052467802390909,0.4164742109314857,0.8712388486173526,0.3826020015396458,1.0462116663717165,0.2700899193493425,0.8143443674621504,0.8120862201693612,0.9949502044945732,0.9620477290223248,-0.4321221385573702,0.9324253341171316,0.3529638183217859,4.028355144983321,0.1118685876485,3.6931705407038007,0.8737953242460234,0.2283808057480112,8.056710289966642,3.225127482887135,1.6172355033305987,322.8046822742475,0.2159228643974899,1.773966734152862,18.94515050167224,12.08896321070234,204.68227424749165,1.1128147241245068,0.0850020670227709,359.9391304347826,0.2407619601570452,0.4727541419597051,9.639094885592176,0.0367004299120944,4.887706175367604,0.376859087471641,5.0478388384917405,trainval/1732
1735,1735.jpg,trainval,calibration,0,benign,ground_truth,0.1013372195778935,466.0212875123775,292.6841300788275,3792.0,47.22530154061444,336.45079348883314,0.088726475076169,3793.0,0.6488100067182133,2.0,55.0,3664686.0,1.365681829234595,28.0,6.406386455940243,221.0,17.855345809217848,21.39151067756393,13.0,0.0,221.0,12.605868396568948,31.08328877424229,1.5208185629302355,3664686.0,0.4944481588706464,508.5741119546052,2.7713282937365005,32.671246454728795,6.45357875603306,2.447275492258675,0.136609071274298,0.8942607009598667,0.1177105831533477,0.5238653737941893,0.1227532898879968,0.9429760619150468,0.942747231805166,0.998387356389668,0.9883714962143688,-0.6101776314453885,0.8956961472147783,0.111629544636429,1.4811015118790496,0.451011566212932,1.8459449720444687,0.9070618957161644,0.6487580993520519,2.962203023758099,1.7242125581595014,0.6459711408832435,149.35433070866142,0.294004588009176,1.0684016368032734,6.122047244094488,185.06102362204723,249.488188976378,175.00370291387188,0.3743383031982113,64.13385826771653,0.126247752495505,0.2755075586705729,2.307171476068428,0.0685645579079629,5.270775971489792,0.1339309253888742,129.3118722487445,trainval/1735
1769,1769.jpg,trainval,calibration,0,benign,ground_truth,0.8087419853916762,128.6122748518707,131.47243057006287,10407.5,104.01414650944182,391.9066376115492,0.0376561746443957,10408.0,0.9227743683276536,37.0,153.3000000000011,104785134.0,2.779901303940541,62.0,2.679649054600944,224.0,35.54800946885887,90.3902767102229,86.0,7.0,217.0,25.8777633769022,100.3381743473564,0.5425989513445802,104785134.0,0.1632016346439592,1897.3471076098267,20.233530610264868,399.5500218361775,21.888928362100447,12.211275235729298,0.1879305326477151,0.9696866821700766,0.1863781895798971,0.699430468531903,0.153193703096635,0.9070696290546876,0.9069661395168332,0.997709500542805,0.9813762932517176,-0.6894849405646551,0.9891359871957622,0.1850198893955564,4.150625788299215,0.1118348989316995,3.6442419939713537,0.9716446757381668,0.171436887552149,8.30125157659843,3.4506157864281657,3.099801442094253,329.271102284012,0.163491113348566,2.9510960515714726,21.62859980139027,50.79245283018868,929.0382323733864,6.523641240029794,0.1049658866268196,228.2025819265144,0.1133081340250816,0.2255050975174299,4.889015267162752,0.0240465809988171,6.304181112183773,0.1935049961568024,24.08603529020787,trainval/1769
1772,1772.jpg,trainval,calibration,0,benign,ground_truth,0.6531776943297662,48.42445342424763,49.04079934095692,1197.5,31.62977283682922,136.56854249492395,0.1140447118955523,1198.0,0.8982392297796029,18.0,80.0,3190462.0,2.0180732325090136,36.0,2.776451309898678,123.0,19.78258979211317,45.71285475792988,42.5,4.0,119.0,14.85003932405144,51.60578386395937,0.6390452451673072,3190462.0,0.2707782308299029,573.4918380940969,6.190557939914164,40.404033199993165,3.753386040074672,3.906077474258136,0.1776824034334764,0.9129809740263606,0.1776824034334764,0.6749806700844566,0.1461113669435797,0.911158798283262,0.911158798283262,0.9931660614064048,0.9703862660944206,-0.5982032877459514,0.9525027577188012,0.1776824034334764,2.2931330472103,0.1961594429810827,2.7862040007479814,0.9135319838515482,0.311587982832618,4.5862660944206,2.608521597314505,1.020939969422903,59.775,0.2490625,1.1910416666666668,8.616666666666667,47.84166666666667,241.8,22.561546296296296,0.2597696759259259,29.383333333333333,0.1224305555555555,0.2533049019030121,2.756164927287517,0.048153076180091,5.196504997080369,0.2003338898163606,22.924930555555555,trainval/1772
1781,1781.jpg,trainval,calibration,0,benign,ground_truth,0.8394753349435354,127.84839094297266,131.13733259449805,10756.5,107.32557080884403,393.6467529817271,0.0365961746833753,10757.0,0.933971769461566,90.0,157.0,169959986.0,2.1877428602679774,36.0,3.373211944541948,231.0,21.18428959554942,122.81230826438598,122.0,13.0,218.0,14.85440106214139,125.69782385104654,0.2350617555105628,169959986.0,0.2588304366606051,717.0798596621545,30.61376655084985,62.8144146152835,1.3049605864169638,4.446186879449363,0.432716687012865,0.8226172413050437,0.3296084139355807,1.0140762488959862,0.3240749804757358,0.8476273202491625,0.8448187729478985,0.9958538377091918,0.9707407501566576,-0.4350718278339318,0.9221541038175074,0.2794715466240961,5.441543806930229,0.1460285724839898,3.416335335201414,0.8391470418763542,0.2546718001690299,10.883087613860456,2.9766552924784686,1.2197258916155571,743.1471941122355,0.227889357286794,1.5857859808065,31.84421956455075,20.38975774302361,617.7463968107942,0.7784057423354365,0.0397097210236895,628.2738423796382,0.1926629384788832,0.4164451203988299,13.875683922403338,0.0167383288478627,5.212600469489527,0.3031514362740541,9.50845885616686,trainval/1781
1783,1783.jpg,trainval,calibration,0,benign,ground_truth,0.8699436817458132,133.62620703665044,133.25539388707685,12174.5,116.24727452719196,416.7766952966382,0.0342335779947133,12175.0,0.9384844310081129,2.0,29.0,4460944.0,0.6471838768064074,13.0,62.99508794232181,255.0,9.749043424730887,11.215605749486652,5.0,0.0,255.0,5.973046038940678,19.14162927372084,5.62950954916566,4460944.0,0.7733634328263812,240.61215892464864,1.5887571511483292,115.408774091416,8.750910347763204,1.097218990596546,0.0963435867672664,0.8385613145143037,0.0572091866346074,0.302766022893379,0.093070695731873,0.97561838432413,0.9749068179439284,0.9992543951545476,0.99545360154866,-0.6164779440132808,0.736722592612473,0.0418744069498567,1.156952159854075,0.7444076751570199,0.8781103960633883,0.854977617505989,0.8579719757897355,2.31390431970815,0.8222345146388566,0.2983906443409531,249.13392857142856,0.370735012755102,2.6543876665249435,6.828869047619048,1399.5550595238096,1461.7247023809523,1386.2995041280524,0.5267280037135561,65.77083333333333,0.0978732638888889,0.2897790571523113,4.823033080943664,0.0912713834216869,5.797633407197915,0.0551950718685831,1071.3090964250284,trainval/1783
1786,1786.jpg,trainval,calibration,0,benign,ground_truth,0.4662312933962193,413.0633844593792,416.7925143281727,54559.0,192.5830759911161,1210.5727265770274,0.0221883232203124,54560.0,0.6839860550510394,24.0,108.0,314278365.0,2.363669852585372,43.0,3.3842862502930515,247.0,25.371580051771144,68.98440249266862,71.0,0.0,247.0,18.40972679336958,75.89620519242034,0.16233239141994,314278365.0,0.2206138806533311,1001.386175339466,12.299858035730749,125.21014608570952,1.4936304410478831,6.343151500790372,0.3012961153413595,0.9093089048938068,0.2421136082892384,0.851201692506769,0.2426771160225247,0.8861087918638756,0.8844328000524484,0.9970975991898376,0.978394108457347,-0.5731054987525123,0.9661188831461376,0.2128225231536963,3.284721325983149,0.1416991097681126,3.372174178932718,0.931596655899716,0.2342779181032098,6.569442651966298,3.0670054047645703,1.6611119040329327,2584.1395161290325,0.2083983480749219,1.936102991675338,14.755967741935484,42.08129032258064,433.8291935483871,12.363520390993912,0.1535019994295507,1778.0924193548387,0.1433945499479708,0.3329077699281754,5.9889023225085465,0.042519076364652,5.775419234613045,0.2272727272727272,22.721290322580643,trainval/1786
1787,1787.jpg,trainval,calibration,0,benign,ground_truth,0.6795754409172263,231.6701843480379,238.3044271514904,28529.5,157.43736767569297,657.8549057834413,0.0230587604333563,28530.0,0.910168696141978,31.0,97.0,128015546.0,2.097581699113628,32.0,6.182229210544488,255.0,20.566322657513403,61.32436032246758,57.0,3.0,252.0,13.962754466539645,66.98544866598137,1.1884521637873655,128015546.0,0.2817900884428232,726.3731640229894,9.95329408861786,108.21837194599114,9.415949609021936,4.543118067293725,0.3797102471007085,0.8457349219389065,0.2518946737636152,0.8851786078840557,0.3162593204302304,0.8885413152183221,0.8855766050985359,0.997025897302848,0.979738431230973,-0.5158867363232672,0.9408160938384772,0.1956444436611168,2.985371356057669,0.1896505615882947,3.112715000900132,0.8706510568503681,0.3107617469773344,5.970742712115338,2.764415508768184,1.230707078598609,1447.873873873874,0.2329269423864018,1.9114034401196565,12.212033462033462,45.20302445302445,407.27187902187904,8.044454380909185,0.1803085451252871,912.0781853281852,0.1467307247953966,0.3590105752150466,5.524589283332071,0.0673635614608948,5.714080441269863,0.217875920084122,24.13705104028463,trainval/1787
1796,1796.jpg,trainval,calibration,0,benign,ground_truth,0.9734338689176574,319.1402109612829,353.0014164277532,76442.5,310.66189028323896,1058.742207411233,0.0138501776814106,76443.0,0.9257253277182044,41.0,111.0,456895339.0,2.149157572149579,37.0,3.786049495777433,245.0,21.843713406705973,72.30151877869785,68.0,2.0,243.0,15.466363743922429,77.31068166103958,0.803665390296575,456895339.0,0.2643985026803606,749.4318811882029,12.808658997793886,80.59700996792253,7.406851013441324,4.768006847776793,0.3098671078894842,0.8779539978365507,0.2551344679062927,0.8773809184469866,0.2447735111756571,0.879387403138585,0.8776191646816496,0.996998689120486,0.9771863085219924,-0.5122904254708017,0.9429892329684868,0.2257087323890231,3.419667244458451,0.170009058487434,3.1948564962340003,0.8867678788312605,0.3142662044332387,6.839334488916903,2.863490461786729,1.2694684889165695,4133.000109499042,0.2262797760470321,1.654795382845355,14.996386531617848,41.45693950177936,436.6699151382425,5.697022588100138,0.1169943502484385,2929.6940049274567,0.1603993432755246,0.3658265691116754,6.155160606866587,0.0440438012741832,5.570483694496972,0.2389362008293761,23.94089289679296,trainval/1796
1807,1807.jpg,trainval,calibration,0,benign,ground_truth,0.2593057061330536,307.31508091248355,287.8367592924851,16655.0,79.68855406134806,740.0731598529203,0.0444354944372813,16656.0,0.6181624158839153,31.0,127.0,135717551.0,2.555427324907198,56.0,2.529578355897,226.0,30.1476897447796,82.55853746397695,88.0,3.0,223.0,22.77758816806237,90.26775698713772,0.0293850005955005,135717551.0,0.192509935465326,1332.355843298068,16.69830405814658,194.6231777016121,0.8538880967297231,8.719718897307617,0.1431253785584494,0.9677021565304522,0.1430042398546335,0.5926624234029584,0.1226751659420478,0.9285180698566524,0.9285099939430648,0.998582986239732,0.9870005322761228,-0.7211404181975423,0.9873883356677898,0.1428982434887946,3.814990914597214,0.144684149723329,3.268624951220206,0.9719215831670162,0.2284070260448213,7.629981829194427,3.124885749495403,2.2157110689665163,476.0622505985634,0.189968974700145,2.216384269134763,18.566241021548283,113.01995211492418,1498.798084596967,18.292190562252507,0.1263610246720544,244.38866719872303,0.0975214154823316,0.1993853586876829,3.840138661612402,0.0226735669333005,6.412223957417271,0.1504562920268972,68.84467413881067,trainval/1807
1812,1812.jpg,trainval,calibration,0,benign,ground_truth,0.6902854922915778,231.4226347369488,231.26175645791503,28855.5,159.74768734680868,655.4701294725909,0.0227156046324822,28856.0,0.9186843726822644,0.0,41.0,29240813.0,1.0124327953697612,13.0,16.67832658365259,240.0,17.76890655589596,13.449438591627391,1.0,0.0,240.0,7.133997689720016,31.832933136992605,3.4071951936493705,29240813.0,0.6989963821579103,832.4482336742855,2.8452049066071927,353.00515757733507,32.85181086190073,4.122288563048548,0.0698703652076944,0.966666165857048,0.0635280178422079,0.3469156910466359,0.0658345561567345,0.9692843369575316,0.9688702258154446,0.999311945500602,0.9942726518904382,-0.7112850064432276,0.8705763336486576,0.0580607440448533,1.3535510175634236,0.6818947645687442,1.284953149736975,0.9675016472671828,0.82224003345414,2.707102035126847,1.2076997388878266,1.0480397320640606,355.2176439513999,0.187647989409086,3.632219685559917,13.159535129424194,1869.4146856841,2036.4775488642367,1851.509494820164,0.3024486137414406,306.0047543581617,0.1616506890428746,0.3925344559475735,7.62173126674484,0.0524607197710421,6.059433823894171,0.0656016079844746,1637.0495157040048,trainval/1812
1821,1821.jpg,trainval,calibration,0,benign,ground_truth,0.6073234204817706,80.68084795280183,80.05623023850174,3091.5,48.99936854606526,219.19595949289385,0.0709027848917657,3092.0,0.8992014799882676,15.0,70.0,6999697.0,1.8339456693517429,31.0,3.3181974365482616,151.0,17.29459741702913,42.45375161707633,42.0,0.0,151.0,12.643262962098012,47.57950043430749,0.4649473085611467,6999697.0,0.3143960376818531,461.4878352138557,5.584099868593956,28.21884149077629,2.521869880170426,2.953102525206305,0.2243758212877792,0.8587711406213998,0.2230617608409986,0.7710017505577121,0.1746192721382923,0.888688129653964,0.8886005256241787,0.9955154588054446,0.9721355307344136,-0.4974926831892474,0.915894708287244,0.2219119579500656,2.2140275952693824,0.2013556428621997,2.7566523131720286,0.8841973517580809,0.3340998685939553,4.428055190538764,2.527794183825207,0.794369586623521,220.1751724137931,0.3036898929845422,0.8952199762187871,6.264827586206897,31.506206896551724,165.64689655172413,12.424589835014466,0.3345404097271092,95.15724137931036,0.1312513674197384,0.2804803109662868,1.962492847521175,0.0928917475217139,5.1454291260088985,0.2344760672703751,13.317452556480385,trainval/1821
1829,1829.jpg,trainval,calibration,0,benign,ground_truth,0.4602160597159181,214.1867001052385,207.87015177749788,16278.5,98.57215916598793,536.8772003600264,0.0329807537770695,16279.0,0.8424364761350941,107.0,161.0,302643456.0,2.000066759567314,27.0,4.684926230973905,255.0,17.678841637305645,134.25173536458013,135.0,33.0,222.0,11.282150735440126,136.34894510097712,-0.0348540684736208,302643456.0,0.3156856493589513,567.506381748016,24.745659024902675,62.00673565067263,0.0939189532206524,3.644498470116149,0.245319162083668,0.873865982789053,0.2426002595316072,0.8092102316646588,0.1864642761588648,0.8791530206595398,0.8789717604894025,0.9975726504720688,0.9779660286982784,-0.5007636087280001,0.929304087289259,0.240221219798554,4.88833961564605,0.2041769877980861,2.9822364460779185,0.8908810614253082,0.377618488537354,9.776679231292098,2.7272371534012434,0.9724544080499542,1034.6075,0.258651875,1.32452975,25.7825,31.53525,764.801,1.5286030850418872,0.0521425098025321,584.7155,0.146178875,0.3047135152419549,8.228663432107153,0.0161110061461697,5.413526456603812,0.2457153387800233,14.9723849375,trainval/1829
1838,1838.jpg,trainval,calibration,0,benign,ground_truth,0.7544420341852712,163.1990282676185,166.0752841334315,15650.5,123.12420686328169,481.3452377915625,0.0307559015872695,15651.0,0.9213239502317064,29.0,100.0,78902399.0,2.218608772443996,38.0,3.446022476811939,231.0,22.02417291740657,65.42042042042043,66.0,0.0,231.0,15.586342290780452,71.00256829953874,0.2459238431309894,78902399.0,0.2455707678526694,761.5332971461014,11.004701184956208,79.00640604709791,2.008213103714996,4.941583248860445,0.2966254507985575,0.8867454628839556,0.2689335394126739,0.8829608722272312,0.2243002021775292,0.8692823716297442,0.8682205958117405,0.9970918440071505,0.975748127023243,-0.5147825959305725,0.9476688143935232,0.252308106502948,3.1374291602266875,0.1457134194074237,3.2941458864354853,0.8987456564311472,0.2539283874291602,6.274858320453374,2.980215783155744,1.309552174914751,983.8278529980656,0.237869403529513,1.4722953783171024,12.654980657640232,25.95382011605416,252.63636363636363,6.214961664715496,0.1560141798207749,635.5696324951645,0.1536677061158521,0.3309356020825716,4.8802137110164185,0.0452560338408159,5.365659235502581,0.2642642642642642,11.634476107789697,trainval/1838
1840,1840.jpg,trainval,calibration,0,benign,ground_truth,0.9403898294326016,214.1855704667218,217.846276075585,33773.5,201.4179320781249,693.2274887854716,0.0205257817160043,33774.0,0.9397605094730176,11.0,92.0,97405996.0,2.110522477616185,44.0,5.247926239550744,241.0,27.63447002171531,40.18925800911944,27.0,0.0,241.0,18.77550491768514,53.70337701916765,1.5586506442070864,97405996.0,0.3022523602340182,1268.8762439392938,6.472003812246843,334.482972583274,34.93869669929338,8.121754356483514,0.2504467476769121,0.9401718270832128,0.2053550154872528,0.7810214830575867,0.2082760652911422,0.9036548923834484,0.9017506444486852,0.9975630202887612,0.9816553571914544,-0.5965642115748899,0.9586771185575184,0.1765029253699732,2.122304622349297,0.2387980428321703,2.957213303971192,0.9406696300426692,0.4367405289492495,4.2446092446985935,2.683634905314712,2.093050276040106,1323.1660761053768,0.2038462603767334,2.551614727629342,11.025265752580497,107.15606224002464,289.75920505315054,90.58511162407014,0.2927510741125792,1137.2631335695578,0.1752061521444396,0.404057786423178,5.375891484828673,0.0872118399312335,5.742852584301109,0.1921892580091194,80.08272582771718,trainval/1840
1842,1842.jpg,trainval,calibration,0,benign,ground_truth,0.8100711485449118,260.9699075870606,266.27053911388697,42751.5,211.40419277470968,796.416305603428,0.0186289675357222,42752.0,0.9203234065065258,26.0,99.0,207288508.0,2.2526030187104094,38.0,4.576688225238017,251.0,22.51804257564236,63.278022080838326,62.0,4.0,247.0,15.7284430138741,69.63208421371651,0.6945511283745566,207288508.0,0.2472104850139027,844.5190734830456,10.627494300420713,121.77923287508564,6.862350237862256,5.4321607883777165,0.2967541777328601,0.8964012628959197,0.2228124192069946,0.8173635408503686,0.2471088035799866,0.8974034876836483,0.8953961664085692,0.9976401852756408,0.9818609127074228,-0.5772711777855385,0.9621790575142376,0.1871667476228902,3.056737255270642,0.1699180133910649,3.2049801230680104,0.9170740287205744,0.3028415634474816,6.113474510541284,2.9053403843336,1.432228741527644,1871.466912612405,0.2157559272091774,1.9353813077800988,13.441664745215586,59.64191837675813,511.2261932211206,15.739895664854982,0.1719941407623078,1234.8577357620477,0.1423631237908747,0.3478403967035915,5.609744784480633,0.0581360924952809,5.874513331312689,0.2028910928143712,35.34931624430097,trainval/1842
1847,1847.jpg,trainval,calibration,0,benign,ground_truth,0.4851694554211794,318.58400178272586,305.4734030975528,37619.5,154.56722665082515,818.8010819142784,0.0217653366449388,37620.0,0.8397171704716924,0.0,51.0,35233273.0,1.40052244133208,31.0,4.128023188496956,129.0,16.83762715291927,22.129585326953748,17.0,0.0,129.0,12.637431850602404,30.60321820300356,1.1430285008269505,35233273.0,0.4588876283470424,446.838417637722,2.855483457502203,25.20804937992236,5.019539354097259,2.2364936797903194,0.1086811396833026,0.907315106080069,0.1015781462789393,0.4814637279306401,0.098363019881837,0.9502078382155286,0.9499212262009666,0.997105613183479,0.9856067744195598,-0.6394618660352174,0.91197581909354,0.097128390907931,1.5243130657694466,0.4011915004373905,1.895725137948656,0.9096021336951414,0.5823653502096184,3.0486261315388927,1.7811434970327218,0.5862937048684056,1212.607235142119,0.3133352028791005,0.8961054023195721,5.112919896640827,496.9798449612403,697.2589147286822,458.5993895348837,0.4422703129486075,378.2144702842377,0.0977298372827487,0.2499742554651937,1.584009071824536,0.091077306362892,5.906928840257148,0.1028708133971291,402.4833603749775,trainval/1847
1848,1848.jpg,trainval,calibration,0,benign,ground_truth,0.6748732203523233,63.426993243900974,64.32728814430156,2124.5,42.8051791877765,180.3675323681475,0.0848988149532348,2125.0,0.905888895477336,74.0,153.0,28655710.0,2.3519925492534624,42.0,2.749693282444912,212.0,24.438821647058823,112.16658823529411,112.0,33.0,179.0,18.006193866823136,116.1251049515134,0.2762507405316729,28655710.0,0.2236875294117646,903.6964836539794,17.087896253602306,87.45132470669253,3.833829303183128,5.67848379735365,0.5148895292987512,0.8337288898497403,0.4341978866474544,1.1332193349716282,0.3263617245296355,0.7942042907460775,0.79068073250138,0.9922662875184732,0.9525937719021292,-0.3804715310811508,0.9121200035693198,0.3818402444230975,3.974543707973103,0.1017316212058714,3.796004377077118,0.8401055441217073,0.1825168107588856,7.949087415946207,3.2344770853218563,1.5483433316631,181.5909090909091,0.2063533057851239,1.829533832644628,18.81704545454545,9.257954545454544,148.8590909090909,0.846296920093795,0.0904636076968666,228.92954545454543,0.2601472107438016,0.4807868824701788,9.825334814334068,0.041478300168438,4.7404967712900365,0.4141176470588235,3.426827221074381,trainval/1848
1872,1872.jpg,trainval,calibration,0,benign,ground_truth,0.5537196983516842,220.36111013081253,215.39266468475665,21030.5,122.0182874300758,580.0315292925776,0.0275804916332268,21031.0,0.8862946536742599,104.0,166.0,391802355.0,2.1112547521497502,30.0,5.348371370927643,209.0,19.72849095170313,133.88554990252484,134.0,2.0,207.0,12.900806505684976,136.49085659731156,-0.7047145818073041,391802355.0,0.2861011482127518,704.4134619664011,35.7585844093735,107.96962633822385,-6.538626248283235,4.558498461100739,0.1542324246771879,0.9345464748930896,0.1537541846006695,0.6211421400908489,0.1305920753949712,0.9232026143790848,0.923170731707317,0.9981195284566567,0.9846289291769924,-0.6465307801831147,0.9664134683552194,0.1533357245337159,5.887063605930177,0.2177370416036846,2.8443678574433338,0.9506155182764072,0.374701099952176,11.774127211860351,2.687926492622225,1.1781827214444818,762.1203842689883,0.2287962726715665,1.650573774503155,34.50195136595617,84.64995496847793,3081.4362053437408,2.804709521390975,0.0407302418004016,314.95436805764035,0.0945524971653078,0.207856954419278,6.659802984011315,0.0097107553858807,6.205263041923854,0.1583852408349579,44.786899734046806,trainval/1872
1873,1873.jpg,trainval,calibration,0,benign,ground_truth,0.8129294934223661,125.1582415619382,126.57013865837392,9930.5,101.74482591058054,383.9482681718919,0.0386635384091326,9931.0,0.9200634466140928,43.0,110.0,65840281.0,2.212313901900485,33.0,4.256225931433585,215.0,21.205218068918818,76.57083878763468,77.0,4.0,211.0,14.27643189408026,81.42342130743535,0.2408806652270857,65840281.0,0.2598989213266636,766.6801847661767,14.008342659477057,78.37954281366254,-0.0749272540497623,4.795303939920198,0.4353443890528028,0.8335409449565194,0.2904669854512158,0.9649852897924264,0.3509733194156861,0.8714104036161214,0.8679089686917663,0.9950105033385724,0.9721101820145468,-0.4998101237648036,0.9432172568031076,0.2251710075626547,3.5942110082409195,0.1637051832339723,3.307941475579713,0.9091615525357732,0.2677790212636077,7.188422016481839,2.9194429729214413,1.3076620822432503,560.4811582705275,0.2223249338637555,1.836117116027039,16.738595795319316,36.18127727092424,448.4248314161047,4.764804508717852,0.117077514674167,457.8496628322095,0.1816143049711263,0.4133172385713156,8.233057246857213,0.0405174337338388,5.459853044296734,0.2538515758735273,20.663115588674334,trainval/1873
1883,1883.jpg,trainval,calibration,0,benign,ground_truth,0.4267620329516567,341.40298927211785,296.0152023123137,23754.0,145.69783375754167,831.636651713962,0.0350103835865101,23755.0,0.6569611484068651,40.0,95.0,115348503.0,1.9316737229854928,27.0,9.7742121543897,250.0,18.346645173372096,64.72932014312777,59.0,7.0,243.0,11.394540083601774,69.6832606089355,1.962653738592378,115348503.0,0.32737857667116,665.8719229012972,10.54105808423913,127.10405149352712,12.795131213791398,4.051737835817391,0.5281504755434783,0.7693609801648005,0.3161090353260869,1.0229945029784666,0.4282255533286889,0.8662185195069877,0.8612666107688388,0.995893168122334,0.974873200253398,-0.4131372136438149,0.892521779784282,0.2219656976524758,3.1080799932065224,0.2124044214620031,3.058510708855387,0.8051319166267229,0.3816236413043478,6.216159986413044,2.6189251230343573,1.1449720778402177,1493.1601957585644,0.2435824136637136,2.0094036495825893,14.02642740619902,34.77308319738989,312.2637846655791,5.058276064706528,0.1306690718958097,1197.8277324632952,0.1954041977917284,0.4385618993437379,7.7798850949867715,0.054092205562897,5.329656554192874,0.2580509366449168,19.755877813231,trainval/1883
1885,1885.jpg,trainval,calibration,0,benign,ground_truth,0.8781041081095239,49.421692260667136,51.419840528729765,1677.5,43.39739100381647,156.02438661763978,0.0930100665380863,1678.0,0.9305585687258094,25.0,86.0,5111266.0,1.885200214316676,31.0,2.856396659065984,120.0,18.67577469630825,50.2026221692491,45.0,15.0,105.0,13.744986246964269,55.191000026357706,0.8030155157525178,5111266.0,0.3252886332415143,525.7432112410341,7.112063686466626,33.5523555558006,4.119796670309745,3.302760089384252,0.1677893447642376,0.9033067541909796,0.1677893447642376,0.6526226650080695,0.1396360805478254,0.9161053276178812,0.9161053276178812,0.993546563662914,0.9720351092059604,-0.5869985984008564,0.941947296034416,0.1677893447642376,2.5156154317207595,0.2470014313630123,2.627072875202084,0.918761489229284,0.4262094304960196,5.031230863441519,2.459283530437847,0.8676373585371223,80.81191222570533,0.2533288784504869,1.187842100608288,8.711598746081505,52.96551724137931,344.1849529780564,12.511840822013236,0.2494278996865203,36.6614420062696,0.1149261504898733,0.2270394845632897,2.298282007039229,0.0594776208400515,5.436187939543615,0.1901072705601907,25.29593852261672,trainval/1885
1905,1905.jpg,trainval,calibration,0,benign,ground_truth,0.5818094449082283,316.3049245319317,311.64242329952447,39460.5,184.02919256366224,1315.9696961966863,0.0333490375488573,39462.0,0.5351066342180805,19.0,126.0,304385470.0,2.575761397640156,49.0,2.520660010210196,201.0,30.037136855770164,79.41011606102073,82.0,0.0,201.0,21.12681060727448,87.8258602823035,-0.1368532273794387,304385470.0,0.1866804198390197,1407.4152015019122,15.891263227851336,205.8979258270689,-3.3769952243276604,9.1341287909614,0.1885128572158887,0.9595580599726804,0.1882572465620367,0.6990712430835745,0.1530720663327693,0.9059139784946236,0.9058969377843668,0.997701282754745,0.9811765990770132,-0.6720012787650272,0.9841722518956338,0.1880335872399161,3.6952481979448906,0.1267140206234479,3.4195791773306574,0.9727480503941212,0.2243239098205613,7.390496395889781,3.229713781878729,2.3306604120443217,1545.3225974025977,0.2006912464159217,1.900498077247428,18.49077922077922,77.6264935064935,702.9405194805195,41.48332513787862,0.1060439738329194,941.7992207792208,0.1223115871141845,0.2530480253524657,4.906078864763468,0.0247687810829696,5.976359349760403,0.1951244234960215,51.36153408669253,trainval/1905
1909,1909.jpg,trainval,calibration,0,benign,ground_truth,0.6203182329147093,165.96647171585738,167.69317219254933,13392.5,102.95202845786972,450.3330444827424,0.0336257640084183,13393.0,0.9109655295122686,45.0,92.0,70350739.0,1.7384947222647888,22.0,11.739487380311765,255.0,15.17716153833636,69.15709699096543,67.0,5.0,250.0,9.711127305408098,72.47619711884089,1.6338123727570293,70350739.0,0.3810934253342328,470.0950845912798,11.419024683925349,64.08174345930033,5.158561021238489,2.6955953976210267,0.4437086092715231,0.717320394394852,0.2752859723058399,0.9411201306281014,0.3679262427231516,0.8816628322009117,0.8776348905098418,0.9965414999085984,0.9780243333150423,-0.4125380406152258,0.8712420382390598,0.1997924401297746,3.294852498494884,0.264124608746499,2.738299268127487,0.8008189697045753,0.450632149307646,6.589704996989765,2.37285307218261,0.7848260017231374,834.0590909090909,0.2707984061393152,1.6711501728790692,14.475,53.45292207792208,537.5224025974026,6.14590666288148,0.1208305569791609,577.8045454545454,0.1875988783943329,0.4298466295542988,7.757407233488958,0.0502502079709751,5.309241278794172,0.22997088031061,34.544542819193786,trainval/1909
1913,1913.jpg,trainval,calibration,0,benign,ground_truth,0.6609610110493239,152.6106965294187,148.66068747318505,12023.5,100.86972027502613,425.7056274847727,0.0354061319486649,12024.0,0.9130845507201716,10.0,80.0,29016664.0,2.027519401162841,35.0,3.544541174243115,179.0,21.56901588262818,41.21190951430472,35.0,0.0,179.0,15.501489703714723,49.12462595869987,0.9090229859357102,29016664.0,0.2772995536981039,714.8073897669287,5.884854075813485,73.80195548567177,8.598851107213825,4.6171904618774775,0.141060046964106,0.9407092809838428,0.1402214022140221,0.5878386750290765,0.1213980053252394,0.930029073018003,0.9299731633679974,0.9978309838631088,0.9844291624734428,-0.665764950504075,0.9656782368033116,0.1394875880576987,2.183076148943308,0.2163766297306625,2.701615785568225,0.9423976440947084,0.3160852063066085,4.366152297886615,2.5576857598024336,1.189562627210396,426.6615732880588,0.241460992239988,1.4453549943647113,8.3616298811545,132.339558573854,472.2625919637805,81.89319433456272,0.2989578376625126,179.82852292020374,0.1017705279684231,0.2535215382636966,2.6313674243596616,0.0617766283408875,6.02781205705558,0.1469560878243513,86.03488402258728,trainval/1913
1934,1934.jpg,trainval,calibration,0,benign,ground_truth,0.2921364170249147,408.910083476524,375.532954612508,34179.0,119.45752667219048,1048.4062043356616,0.0306739870779034,34180.0,0.6251079549929015,14.0,100.0,134365357.0,2.184270401937494,69.0,2.0065415068921424,201.0,32.82201685839706,51.04584552369807,45.0,5.0,196.0,28.437563108932828,62.698568589866994,0.4573564453126337,134365357.0,0.2648766486309186,1325.4321579890104,8.549640584492103,147.6058854174177,10.521651004215729,8.942550522969746,0.1937897713881687,0.9575782501210376,0.1445321706339853,0.6209639188040459,0.1729002230399973,0.9342613323906042,0.9325473790741846,0.997714102958825,0.9859622141940078,-0.7032408279676314,0.9764654420720138,0.1165291444077827,2.522389818524629,0.2279607119431547,2.828636301419785,0.977063576305087,0.4033113363186424,5.044779637049258,2.6230920799161264,2.284085073589479,884.8454404945904,0.1953732480668117,2.053369075940088,13.967984102450872,287.96997129609184,917.0905277103112,243.04223346937744,0.1896220098565828,589.6469419297858,0.1301936281584866,0.3414939128615302,5.802255874539172,0.0442949150198523,6.176534180725455,0.1325043885313048,231.0139720759341,trainval/1934
1937,1937.jpg,trainval,calibration,0,benign,ground_truth,0.5618143778678516,215.63821065045312,211.53250341259616,20330.5,121.14864716112103,568.6173157302045,0.0279686832950593,20331.0,0.8889122290834326,2.0,104.0,75322169.0,2.2516475437056984,70.0,2.6239320448873857,209.0,35.82916814081242,44.37878117160986,35.0,0.0,209.0,28.75112683258133,60.8670198672527,0.7464512111069778,75322169.0,0.2703934963172732,1735.3178892429014,8.248268355432415,284.8472353215433,27.935790001958257,10.027857576794624,0.0849495349297446,0.9831996133237312,0.0849495349297447,0.4193834663930499,0.0777331114449648,0.9575252325351276,0.9575252325351276,0.9989640300618324,0.9915050465070256,-0.798816828119826,0.9861247017391234,0.0849495349297447,2.4005293884820897,0.2474662489642247,2.700244214591215,0.9844515892836628,0.4422620225608549,4.80105877696418,2.6152946796614733,2.528201777931093,349.0522875816994,0.1901156250444985,2.200211160474841,13.446078431372548,577.0375816993464,1632.7903050108932,504.06712404329016,0.2004822817329949,141.0087145969499,0.0768021321334149,0.173235139575943,2.496887113527777,0.0307465857910081,6.687013670925728,0.0903054448871182,454.4145280661284,trainval/1937
1953,1953.jpg,trainval,calibration,0,benign,ground_truth,0.3594606946261524,332.1068562852432,297.12118739665806,23547.0,119.37936125040127,817.7544007200529,0.034728602400308,23548.0,0.66519631389979,12.0,158.0,271171713.0,2.8703468577480447,86.0,1.9845684166267687,255.0,45.11870789585146,93.11979785969083,98.0,0.0,255.0,40.91045679450312,107.31123146802784,-0.1360416549060275,271171713.0,0.1487624971618098,2844.403645754961,22.47033607681756,668.4496033219499,-11.1359184847744,18.3488042343247,0.1835562414266117,0.9801907326736076,0.1600651577503428,0.6537609390802355,0.1579353867009695,0.9229280978509372,0.9222241231091994,0.998514857512263,0.9868003326191984,-0.737389231247585,0.992697908911496,0.1478771814509982,4.234267832647462,0.1129413960845371,3.6215447589161247,0.9874070182712786,0.1920010288065843,8.468535665294924,3.428749758128441,4.633090118937827,579.4944237918215,0.1538753116813121,3.3458363099527344,27.56080722251726,134.3345724907063,1434.9269782262347,87.33835840086891,0.0942796287802378,404.6532129580457,0.1074490740727683,0.258393632240965,7.536595719217205,0.0223121652838166,6.5245659955909545,0.1599286563614744,95.23721341606668,trainval/1953
1957,1957.jpg,trainval,calibration,0,benign,ground_truth,0.6398876199155141,211.27046725000423,211.53250341259616,22389.5,135.1893564470438,581.6295090390246,0.0259777801665523,22390.0,0.9119703046194044,110.0,169.0,435416685.0,1.9220088869806804,33.0,2.606132759656578,230.0,18.51545639931692,137.6263957123716,136.0,69.0,161.0,13.846526691341785,139.45223744960407,0.3473488170300738,435416685.0,0.2955640129173024,505.9017329224649,16.95196800862689,29.993053678129705,2.192294199149012,3.369405663707484,0.1552839683680805,0.9118878627184888,0.1520488856937455,0.623340098260804,0.1321651047273708,0.9244922717469446,0.9242990654205608,0.9976160390424617,0.9831410801036968,-0.6176884336300977,0.9523091667513796,0.1494303658439172,4.018511861969806,0.220981229756507,2.656365186268862,0.9148182967362566,0.3213066139468009,8.037023723939614,2.4904484414540424,0.8811724080188911,943.55625717566,0.2708255617610965,1.049244224211452,18.016360505166475,88.01148105625718,1344.595579793341,6.990135760317329,0.0732926899711281,321.0717566016074,0.0921560725033316,0.2269877506763477,3.987972035083904,0.0187839522775557,5.965260265233774,0.1556051808843233,46.7113058086763,trainval/1957
1959,1959.jpg,trainval,calibration,0,benign,ground_truth,0.6846997752879347,121.43942676000104,120.59850745345068,7916.5,83.1495482136683,342.6345596729071,0.04328106608639,7917.0,0.9205351456001492,32.0,108.0,45166865.0,2.323121048516201,44.0,4.8888177608920245,247.0,24.838874154262687,68.64961475306303,64.0,2.0,245.0,17.59757938579001,75.53176813751305,0.9773332848336452,45166865.0,0.2367328336020761,992.2783922350634,12.042517875383044,160.92171066560283,12.251910157239273,6.053307076283256,0.5625638406537283,0.8299350613950054,0.3363125638406537,1.056757998774463,0.4494577000566545,0.8569206308672601,0.8520046230720388,0.9947935488865336,0.9709278315317642,-0.472826749458107,0.9426475671608368,0.2404715341618431,3.2664708886619,0.1441449741037789,3.5439658964464025,0.8717803671383242,0.2580439223697651,6.5329417773238,3.0607116988712875,1.6539677292342465,425.0908677873694,0.1931353329338343,2.4025376924825173,15.298500681508406,28.493866424352568,286.7114947751022,4.675202015128834,0.155708888936967,440.4684234438892,0.2001219552221213,0.4411371489977233,8.064188268186857,0.0672752567537228,5.485012270674191,0.2780093469748642,15.555447618807774,trainval/1959
1970,1970.jpg,trainval,calibration,0,benign,ground_truth,0.7719984466257195,65.42766217440078,68.06614430096654,2586.5,50.51005356498975,196.75230867899785,0.0760689382095487,2587.0,0.9163077005397124,35.0,89.0,10772671.0,1.9239981605938816,27.0,9.373134663798432,234.0,17.89904713720546,59.668728256667954,56.0,4.0,230.0,11.496007403668653,64.53027025276178,1.6418067105609666,10772671.0,0.3222832667096895,603.7986471263874,9.263801261829654,124.95800263477707,11.504477521324503,3.835454626874583,0.2886435331230284,0.8600210169957759,0.2279179810725552,0.8244985453159805,0.2366969270268387,0.8938354363827552,0.8919465578029321,0.9972101389161824,0.9797055599500396,-0.5080304122505717,0.9258029464284108,0.1955808578689099,2.894321766561514,0.2220081302431112,2.8570209766186494,0.8845267334793193,0.3505520504731861,5.788643533123029,2.56570357375258,1.0310245399994031,153.8521739130435,0.2675689981096408,1.5543168241965974,11.332173913043478,43.6295652173913,338.06260869565216,7.767204335502318,0.170029826809951,84.72869565217391,0.1473542533081285,0.332016706563123,4.169255423105971,0.0573920835637225,5.375038304113014,0.2222651720139157,23.38739054820416,trainval/1970
1974,1974.jpg,trainval,calibration,0,benign,ground_truth,0.8387741171468643,116.27722899046776,117.08543888972702,8898.5,97.53033009076336,355.94826817189187,0.0400009291646785,8899.0,0.9394560122674386,14.0,78.0,27001354.0,2.124064681789392,36.0,8.898617531120538,255.0,21.72396824783289,46.25980447241263,44.0,0.0,255.0,14.527448398613153,55.083581232994,1.7151068881601583,27001354.0,0.2673988187296373,894.2314116260007,6.950681818181819,294.2583115707821,22.79367898253191,5.894861776859504,0.1693181818181818,0.9441579296881212,0.1624999999999999,0.6556156595409904,0.1429119318181818,0.9198579545454544,0.919431818181818,0.9986150762352402,0.9865017274392271,-0.6519012398382908,0.9673213378818676,0.1568023989898989,2.349318181818182,0.2069204997417356,2.8375988307411832,0.947059544105338,0.2706818181818182,4.698636363636365,2.659110201986837,1.5160449896694217,314.44933333333336,0.2096328888888889,2.488097333333334,12.135333333333334,118.36066666666666,577.7473333333334,54.95451236857685,0.2309052962846703,226.7573333333333,0.1511715555555555,0.3510267488317346,5.948784583488806,0.0496212298344607,5.825624379010755,0.1685582649735925,83.16413288888889,trainval/1974
1980,1980.jpg,trainval,calibration,0,benign,ground_truth,0.9944959471799004,155.92930291933325,164.0762018087937,18821.5,155.07105979986397,521.71277015971,0.0277189793671976,18822.0,0.9321817169666428,70.0,129.0,199441317.0,1.993567637723424,29.0,3.9446717141566814,231.0,18.03690391359546,100.2801508872596,101.0,21.0,210.0,12.473120179273732,102.9377525756394,0.0371252193742512,199441317.0,0.2985842310132922,540.0722433520073,21.528245256726336,40.59197136392004,-0.7367181037502674,3.484964821021236,0.2768249544431344,0.8528227407875486,0.2145460392325008,0.7950287578049544,0.2307949514927805,0.9000705684782221,0.8984083350269122,0.997348899406105,0.9809174817750228,-0.5381571317285633,0.9393170188673746,0.1849125337954526,4.552604780791082,0.2058188716264729,2.906202543597195,0.904882030015748,0.3303676707042555,9.105209561582164,2.626938172827148,0.9404474438660924,1000.192206424434,0.2633470791006935,1.2678475215330482,22.74196945760927,55.39494470774092,1202.911795681938,3.0841841519754003,0.0572081914358394,516.8204318062138,0.1360769962628261,0.3405175666630965,8.691786072492313,0.018166272445722,5.6434096151351225,0.2017851450430347,30.835326150705413,trainval/1980
1983,1983.jpg,trainval,calibration,0,benign,ground_truth,0.91459130352569,118.53045129679104,122.9186723000212,10034.5,108.40691995902044,397.06096654410015,0.0395695815978972,10035.0,0.8943254819087384,53.0,119.0,89965898.0,2.121313173423673,35.0,3.986500193616039,232.0,20.83298243889288,90.84583956153465,95.0,18.0,214.0,14.477500370611208,94.68480110102996,0.0306771482794723,89965898.0,0.2722038088414515,712.244993901514,18.373713939883,78.29956353464031,0.4362402680954451,4.529870920580701,0.2381480734315109,0.9001060718379759,0.2054670163405285,0.759261617036968,0.195931378627632,0.9010860063210276,0.9002848478818292,0.9976881959078372,0.9815425983471172,-0.5764462803693494,0.9553309733138242,0.1904927655616076,4.159421020778696,0.1890605179935787,3.0102576219554904,0.9180498009976492,0.2833366955820052,8.318842041557394,2.770497978000504,1.192004748503053,480.2474477394264,0.2334698336117775,1.6560382052675229,19.27807486631016,42.83665532328634,802.5396208070005,3.000695131664542,0.0824277542360684,237.8565872630044,0.1156327599722918,0.2578282370320268,5.709900167335063,0.022494762358025,5.801323835095536,0.2049825610363727,19.03724644897996,trainval/1983
1988,1988.jpg,trainval,calibration,0,benign,ground_truth,0.7146091711907242,140.11802529646073,145.12063946937388,10989.5,100.12962592598473,404.1909088590113,0.0367797360079176,10990.0,0.9194060508638856,13.0,106.0,54115672.0,2.4742821771297003,60.0,3.6752073453658713,245.0,30.5519268488766,59.38689717925386,58.0,0.0,245.0,23.77180344738873,70.17181046924321,0.6800193769668345,54115672.0,0.2007456691955049,1397.2794279521215,10.375068895829507,253.11636882590784,14.211762495549456,8.832150874044162,0.4784126400881866,0.8972322911793655,0.3007532610692632,0.9972217320625004,0.3879601160443902,0.8708809042632302,0.8661237743080584,0.9955059529755652,0.9738703294072576,-0.5437780281522185,0.9653427110414238,0.2153374874966828,2.878651478963807,0.1304277458479472,3.5972928883566246,0.9289919539088458,0.2288260150652213,5.757302957927614,3.148524409072176,2.327640878533088,517.9749546279492,0.1880126877052447,2.5130950161560737,15.001814882032669,41.929582577132486,257.0602540834845,24.85908992091156,0.1783484727257845,546.0656987295826,0.1982089650561098,0.441866112555085,7.968132266317924,0.0607810520280429,5.548262968267661,0.2506824385805277,26.01657833801601,trainval/1988
1996,1996.jpg,trainval,calibration,1,malignant,ground_truth,0.8743273895242356,272.5825869672889,286.01573383294846,49858.5,238.3264216928726,862.9848480983521,0.0173086805278608,49859.0,0.9172154586120964,32.0,80.0,175875482.0,1.734840957180332,25.0,3.611501633541948,177.0,14.831036392520009,56.33879540303656,55.0,1.0,176.0,10.5603798699776,59.39239908384233,0.3022902193982637,175875482.0,0.3520994178814405,353.3972014691812,8.230603317946342,21.46886773154868,1.0047871615825712,2.4841948895936783,0.1396117639944365,0.8935807531370388,0.1395714487290612,0.5833487099221174,0.1201315746941074,0.9302209948463652,0.9302183071620068,0.9978521814343824,0.9844925091997196,-0.6077005698501893,0.9371922405931588,0.1395361728718578,2.764861214698946,0.2707696578341016,2.413023141246216,0.894493778682907,0.4120421697675825,5.529722429397892,2.273324937958308,0.6559516633970288,2208.6255402202705,0.3079082030141183,0.8530695127096206,9.028858218318694,116.49672382545656,898.3679074306427,21.62845424451672,0.1868045888019225,661.6783772480134,0.092245695977696,0.2179750943459721,2.09246514466668,0.0426247130722558,5.929878466996866,0.1438657012776028,68.18133644707471,trainval/1996
1999,1999.jpg,trainval,calibration,1,malignant,ground_truth,0.8287998455467034,129.526255283021,142.21462653327893,10662.5,107.35134037281068,427.102597104443,0.0400565155549301,10663.0,0.8570422692698961,29.0,79.0,32525851.0,1.7348868849006942,23.0,3.807717679171896,152.0,15.102629703020249,51.724186439088434,49.0,7.0,145.0,10.471443190534517,55.22994738420019,0.7645209017440959,32525851.0,0.3563924239677636,374.955625275941,7.236130867709813,24.12374243174896,2.746681091136065,2.592890718074517,0.1535324798482693,0.8881945943623025,0.1535324798482693,0.6186101894146793,0.1299602574799101,0.9232337600758652,0.9232337600758652,0.9969293504030344,0.9808084400189664,-0.5825519422242503,0.9306980282719056,0.1535324798482693,2.574158368895211,0.2720789472560079,2.447039703645748,0.8921308594560111,0.4163110478899952,5.148316737790421,2.2935072237974805,0.6866057994806966,515.0402993667242,0.2965113985991504,0.9188461103769792,8.692573402417962,78.06620610247553,488.3511801957398,17.39573665793318,0.2067743666263281,163.48934945308002,0.0941216749873805,0.2115871019134197,2.0861534566875424,0.0452844763720263,5.732537346963382,0.1628997467879583,40.38201638688453,trainval/1999
2004,2004.jpg,trainval,calibration,1,malignant,ground_truth,0.8517981931499772,44.76835976735904,47.07440918375928,1308.5,38.13360796012456,140.9533188057742,0.1077212982848866,1309.0,0.9097383222487068,35.0,95.0,6818333.0,2.114596493336469,32.0,10.474460187474609,247.0,21.0264601708452,65.63101604278074,63.0,1.0,246.0,13.71432538269847,72.17208977436346,1.7848666590630389,6818333.0,0.2793115301541132,901.3802755910336,11.10007880220646,291.93182006754387,22.575849710030003,5.468772529886157,0.5531914893617021,0.8162753920171062,0.3971631205673759,1.1601633483211014,0.3954529450228861,0.8226950354609929,0.8164650257266026,0.9946853103242456,0.9650030820243586,-0.3646026857212388,0.8865568245155909,0.3013801330881708,3.141843971631205,0.1446719089694794,3.457588054479663,0.8717026448881676,0.2584712371946414,6.283687943262412,2.889084048013038,1.5054910048119647,117.26495726495726,0.2505661480020454,2.216451165169114,13.384615384615383,13.97222222222222,137.9017094017094,2.2353393460106425,0.1658739842486535,110.44871794871794,0.2360015340784571,0.4767425140011874,7.302273706033929,0.0724318808754566,4.7581709984995335,0.3575248281130634,6.148965410183359,trainval/2004
2008,2008.jpg,trainval,calibration,1,malignant,ground_truth,0.37833684663702,155.6203961194036,139.77839604173457,5640.0,58.8769299402191,414.3330444827421,0.0734633057593514,5641.0,0.6425322236264355,33.0,70.0,16096890.0,1.4042421929681417,18.0,3.416450146924668,108.0,11.235557808723147,51.43556107073214,52.0,8.0,100.0,7.840066164833421,53.41865368579175,0.3694943068897532,16096890.0,0.4286676726518037,207.9356189415372,7.052383541779953,6.160997880683739,0.2512168527282516,1.4528650695533365,0.1564255936197208,0.805596841888966,0.1564255936197208,0.6256894487187502,0.1319566272804388,0.9217872031901396,0.9217872031901396,0.9939836310146262,0.9739290677300464,-0.4901772400010678,0.8620149542744542,0.1564255936197208,2.59389160775784,0.3245201141271156,2.092890704114009,0.8073703370132577,0.4326626789922059,5.187783215515679,1.9364651104942887,0.4023226657932643,351.0871327254306,0.3557113806741951,0.6152012638464167,7.933130699088146,66.0030395136778,444.8956433637285,12.062566981875491,0.1936710570753124,107.27963525835868,0.1086926395728051,0.2602812792190028,2.2158181627740268,0.0574890888435559,5.312269459392567,0.1749689771317142,33.33839816294709,trainval/2008
2012,2012.jpg,trainval,calibration,1,malignant,ground_truth,0.6099581955669893,99.74288805573592,106.88779163215976,4668.5,60.838992019116894,288.5929291125641,0.0618170566804249,4669.0,0.8392820357729485,23.0,80.0,13526970.0,1.903422003352412,30.0,4.89438111579651,185.0,18.311696460309456,48.36153351895481,43.0,4.0,181.0,12.541745194607502,53.82553143865931,1.1982403100808454,13526970.0,0.3339521837159931,558.3499103491121,6.697195442594216,59.19705692129616,7.150048652977289,3.5659201474635545,0.2478089395267309,0.8700437635320882,0.217134092900964,0.8038246432504109,0.2006617252268064,0.8963263219398189,0.8945004382120947,0.9962353552875248,0.9762095096450926,-0.5151650058580864,0.9253941947877602,0.1923629369948388,2.422326906222612,0.2475273997777062,2.79636916891918,0.8787428757280472,0.4404031551270815,4.844653812445225,2.51521539457489,0.9534322717475714,241.57669902912625,0.2345404844942973,1.4890046187199548,9.60873786407767,50.01844660194175,258.6116504854369,13.804862451291196,0.2482850510754463,157.8485436893204,0.1532510132906023,0.35597533157146,4.38635000364698,0.0706413259817387,5.398946396660831,0.2206039837224245,29.470269582430014,trainval/2012
2016,2016.jpg,trainval,calibration,1,malignant,ground_truth,0.6388880134594676,75.20629275736135,75.4254598925323,2833.5,48.04839897940175,208.4091629284903,0.0735518485719041,2834.0,0.9054192656412724,8.0,35.0,1333558.0,0.9163877046253238,14.0,5.938416861012195,79.0,9.345148063463668,18.017642907551163,12.0,2.0,77.0,6.334170654330549,21.69232145627376,1.661702700609179,1333558.0,0.6291919025404294,145.92135421828598,1.7747844827586206,5.27952577337511,1.6453382710481206,0.9037026027216278,0.0833333333333333,0.8311442769421244,0.0833333333333333,0.4138168503036331,0.0763888888888888,0.9583333333333331,0.9583333333333331,0.9950980392156864,0.9833333333333332,-0.5517704684008106,0.7919817171960027,0.0833333333333333,1.2528735632183907,0.575760942041551,1.29503425857955,0.8344666807064482,0.7399425287356322,2.505747126436781,1.211700925246218,0.2467589840137402,118.34751773049643,0.4196720486897037,0.4450983350938081,3.4397163120567376,295.6808510638298,344.40070921985813,284.5874950748621,0.5224340031520882,25.673758865248228,0.0910416981037171,0.2195147480893743,0.956422497378034,0.0852306244437701,5.155159443402384,0.0995059985885674,194.68547859765604,trainval/2016
2018,2018.jpg,trainval,calibration,1,malignant,ground_truth,0.4771180770884435,263.75641479156485,257.2178065375724,24980.5,125.84295344509336,701.2863632885169,0.0280733517459024,24981.0,0.7989325241010816,1.0,31.0,8114689.0,0.7219749912607004,14.0,7.495017631602481,108.0,10.992057357370877,10.294423762059164,2.0,0.0,108.0,6.529872932463996,18.023163822425,2.052004725155116,8114689.0,0.7460935079885324,218.8592735771208,1.5919919110212335,9.202656802295804,2.3628477901602385,0.8630580535537016,0.01896865520728,0.9569884788774108,0.01896865520728,0.1356100172720467,0.0186088453269074,0.99051567239636,0.99051567239636,0.9992704363381816,0.9968385574654534,-0.8232117273978786,0.8298007974425404,0.01896865520728,1.175146612740141,0.7381649828599938,0.8338171203297887,0.957088692143894,0.8528614762386248,2.350293225480283,0.8148484651225099,0.2205066771902453,265.2896551724138,0.3659167657550535,0.6504142687277051,3.860689655172414,2727.5406896551726,2990.166896551724,2675.842190804598,0.5333720306513411,21.35862068965517,0.0294601664684898,0.0750722828970253,0.488200664144866,0.0234310316609872,6.608598050154691,0.0290220567631399,1540.2867329369797,trainval/2018
2025,2025.jpg,trainval,calibration,1,malignant,ground_truth,0.7059851343596663,193.517985959508,190.0026315607234,20035.5,136.62082131863525,576.1736649163087,0.0287576384375887,20036.0,0.8708665715513374,1.0,49.0,16987623.0,1.3013383809893135,30.0,5.498382052436662,133.0,17.37372005195997,19.19569774406069,11.0,0.0,133.0,12.824523193469387,29.11794997901184,1.4947044851063875,16987623.0,0.5124204112772693,479.3801990988987,2.66876542588022,42.3120346156235,7.259409790335474,2.3192048419328395,0.0378784062862035,0.9678599334030104,0.0378784062862035,0.2324787348096362,0.0364436326234208,0.9810607968568982,0.9810607968568982,0.998976259289562,0.9945887991019708,-0.8169779560303717,0.9372226467529712,0.0378784062862035,1.4485971893416612,0.494496557961735,1.525448581801355,0.9716017714133984,0.6664483957084572,2.8971943786833223,1.4875701755151527,0.5892708120547607,295.48770053475937,0.3160296262403843,0.9348462924304384,5.47379679144385,1279.901604278075,1790.582887700535,1191.3674284016636,0.4059676173499703,37.057754010695184,0.0396339615087649,0.0860283292116069,0.569319758661355,0.027262059950772,6.646269873782561,0.0466660011978438,820.70483456776,trainval/2025
2030,2030.jpg,trainval,calibration,1,malignant,ground_truth,0.6346304975148832,650.3232002725413,817.5634531949187,140184.0,412.7149361344339,1889.0966799187288,0.0134758366141551,140185.0,0.7025867759007774,1.0,78.0,268910723.0,1.769891636267645,44.0,5.301389244164945,251.0,26.77596141802382,27.75023718657488,14.0,0.0,251.0,18.827420328312897,43.797899952309926,1.522944994889827,268910723.0,0.4071268069634859,1148.1803763213863,4.766557334784726,239.6785203126593,27.34368964303356,6.122510021238615,0.0733406857830358,0.9763258705701476,0.0669812942221204,0.3549010733659261,0.0688541920073656,0.9671201416199124,0.9670371599608204,0.9994079804849312,0.994452692076198,-0.7939571412674752,0.9693121026089268,0.0649083052444291,1.8039581483285112,0.3836475911591686,2.1313497067244143,0.9766725093264194,0.5867254862642871,3.6079162966570224,2.0602062634519247,1.548962676755413,2024.2160627645296,0.2089621206528883,2.242291944745735,10.272117270568804,854.5158459791473,1503.9613915556931,784.5575434508995,0.2988308966182685,581.0656550015485,0.0599840667907038,0.1582624720122472,2.1049316810129466,0.0311991617888809,7.060517028314068,0.0691015443877733,645.0927901050372,trainval/2030
2031,2031.jpg,trainval,calibration,1,malignant,ground_truth,0.2206816189709782,401.8053922220278,309.87094087700444,16196.0,88.67106446682601,712.4995667241136,0.0439923170365592,16197.0,0.6331756596265344,1.0,97.0,50058738.0,2.206617200271129,57.0,2.70511140351044,169.0,29.711699343739205,42.16953756868556,37.0,0.0,169.0,23.4820968814925,55.5933259681615,0.7099539013495584,50058738.0,0.2526008517351814,1312.3479934454767,7.018230629955672,153.86149357739745,17.338164002287762,7.236480629666248,0.2436785914965349,0.9348466832612006,0.1294249859524255,0.5411779100366816,0.2269277645077493,0.9458810133281006,0.9446228294690772,0.9959528717706116,0.985064784507564,-0.7395109698093734,0.9805789959020408,0.0947368594479476,2.29565461696947,0.2172713792120314,2.776623440004068,0.95707675849033,0.3643628644565149,4.591309233938939,2.622656283995947,1.870039805290696,385.2413981430912,0.2103994528362049,1.9900499946160564,10.924631348989625,231.4991807755325,841.2708902239214,175.53329392324926,0.2472353929738653,146.94866193336975,0.0802559595485361,0.235669072552412,3.4929541247471936,0.0472634768648048,6.431772600836784,0.1130456257331604,153.24771599979834,trainval/2031
2053,2053.jpg,trainval,calibration,1,malignant,ground_truth,0.4032989216858979,143.88229782577167,130.38404810405297,5868.0,58.02757556282293,410.97770542341465,0.0700371004470713,5868.0,0.6607417078382657,61.0,113.0,47849618.0,1.9648683560035007,26.0,8.65008437504063,249.0,17.64332515987954,86.7706203135651,84.0,24.0,225.0,10.887885008393834,90.30133791464658,1.5342508273390476,47849618.0,0.3260592963395101,625.1910795743112,16.66880638445524,95.02782897672044,7.983863724670886,3.7188448569960433,0.4647814018043025,0.7778093103672319,0.3197432338653712,1.0275625806246858,0.362545666201617,0.8580875549386999,0.8537485751787502,0.99558371450129,0.9719322719843192,-0.4043618165728706,0.8909850280507674,0.245337487470121,3.981870229007634,0.2047161610195326,3.115758362993067,0.8083506548817546,0.3811589174184594,7.963740458015269,2.673733861086677,1.0459065647000865,414.66366366366367,0.2490472454436418,1.7452551650749846,20.23783783783784,27.033033033033032,403.05465465465466,2.181385159535953,0.0707265979131058,348.27087087087085,0.2091716942167392,0.4527609283413921,10.672004671692116,0.0302481327106941,5.108998940980864,0.2837423312883436,14.612171090008928,trainval/2053
2066,2066.jpg,trainval,calibration,1,malignant,ground_truth,0.8459132769173842,105.0951818195837,114.33722053644648,7064.5,88.90140964123235,346.1909088590112,0.0490043044601898,7065.0,0.8606567671021923,54.0,148.0,75566713.0,2.548635861819054,47.0,3.859552157200183,255.0,29.387113793713112,96.44685067232838,89.0,8.0,247.0,20.348401317557144,103.42110716355532,0.8829916476297776,75566713.0,0.2035605881890383,1393.9304023251884,21.03056831228473,278.0475520991697,21.72957724684796,8.540324553214235,0.5116245694603903,0.8869581429310514,0.4283869115958668,1.1306934742364514,0.3281092234337453,0.7974526406429392,0.7939222483129083,0.9958628123010116,0.9648079012692246,-0.4283872092005001,0.94153224889473,0.3751283247225411,4.3615815154994255,0.0951652877480916,3.991154383515629,0.8939285955280117,0.186280137772675,8.723163030998851,3.4362369362361744,2.262987280668656,521.7748948106591,0.1829505241271596,2.633372609266104,23.692847124824684,10.0375175315568,194.9498597475456,0.7719943127298667,0.0710661412532479,729.7279102384292,0.2558653261705572,0.4907079186893961,12.811216429491504,0.0321827059326995,5.025319902257019,0.4036801132342533,3.90095322000358,trainval/2066
2067,2067.jpg,trainval,calibration,1,malignant,ground_truth,0.6542946874756127,142.6988758717403,147.220922426128,9410.5,93.36711639162158,423.06096654410015,0.0449562686939163,9411.0,0.8128460960902139,29.0,75.0,27756366.0,1.6925109217647254,22.0,7.344677789429129,244.0,14.178082559740336,50.8402932738285,49.0,5.0,239.0,9.404738226185447,54.30795082189809,1.1533695847711514,27756366.0,0.3702825234265511,364.6181023048096,7.118146635132229,37.77224214695232,3.7257450535955217,2.516405418577954,0.1798537948828208,0.8665901305149585,0.1695334336701784,0.6698582668536792,0.1511122097508201,0.9165609546334124,0.9162197882808252,0.9982312335876626,0.9846599863262948,-0.5469475269641458,0.9181831960741396,0.1638887395781074,2.5561707159750595,0.2746341081355178,2.459924610974964,0.8731289571567411,0.4034616211567405,5.112341431950118,2.2793919996759224,0.6740648033651937,515.0230024213075,0.3117572653882006,0.9907555739905846,8.533292978208232,58.907384987893465,376.3099273607748,12.845288224775604,0.2121139018449277,159.81961259079904,0.0967431068951568,0.2119347054493605,2.291413376807068,0.0444851491718834,5.607890520193327,0.1755392625650834,26.454638225586123,trainval/2067
2070,2070.jpg,trainval,calibration,1,malignant,ground_truth,0.9295588848942764,76.2857761493054,80.62257748298549,4052.5,70.91212101064272,254.83556979968347,0.062883545909854,4053.0,0.8855363586626792,38.200000000000045,128.0,33871603.0,2.467548630928086,45.0,2.5684666801353027,190.0,26.87225011260556,85.22107081174438,86.0,9.0,181.0,19.52214477085663,91.41754902871206,0.0226846037129139,33871603.0,0.2039680987342094,1094.537360116624,17.02591847005536,134.360705362631,1.002924107901448,7.1924882141569935,0.1519879214896829,0.95861163718621,0.1519879214896829,0.6147928017122709,0.1288875932109289,0.9240060392551586,0.9240060392551586,0.9976617242847742,0.983112453167813,-0.6979313860739025,0.983932118483486,0.1519879214896829,3.907146451937594,0.1498461691989375,3.214310183363692,0.961022095682148,0.2345244086562657,7.814292903875187,3.062322261874012,1.8361190339116689,139.63543191800878,0.2044442634231461,1.82297546137208,18.749633967789165,55.07027818448024,878.3060029282577,6.723419025125911,0.1055991660939632,59.48609077598829,0.0870953012825597,0.1620523852449758,3.4011158531058525,0.0150542680825955,6.095890410151753,0.1685171477917592,19.856566821511333,trainval/2070
2078,2078.jpg,trainval,calibration,1,malignant,ground_truth,0.5166525008933831,237.7763386704297,227.55438910291315,22004.5,122.84774002734956,642.3574311003824,0.0291920939398933,22005.0,0.8186229799153403,1.0,31.0,7828513.0,0.7513599776305586,16.0,4.451862655944949,67.0,9.72813086365026,14.08429902294933,12.0,0.0,67.0,7.188244055400665,18.86161831094789,1.2272098930664574,7828513.0,0.7095007295495472,157.3931663400331,1.5990117130307466,4.2717543354574685,1.4812304245088854,0.7548575112938087,0.0240208638360175,0.9383193458618898,0.0240208638360175,0.1634570631516179,0.023443861936589,0.9879895680819912,0.9879895680819912,0.9975979136163982,0.9939947840409956,-0.7923926477054714,0.8329789359282237,0.0240208638360175,1.190085102489019,0.6930492991511455,0.9019746781764908,0.9385259336714684,0.8207814787701317,2.380170204978038,0.8779538143404738,0.1947195937824565,289.9792284866469,0.4302362440454702,0.3898511037342937,3.121661721068249,2992.345697329377,3283.842729970326,2927.9053330036268,0.5602538740520936,19.06528189910979,0.0282867683963053,0.0581045504651058,0.2480951884532399,0.0225077005962804,6.675548023879474,0.0306294024085435,1926.429767366095,trainval/2078
2089,2089.jpg,trainval,calibration,1,malignant,ground_truth,0.7948025241271262,130.1122859149241,138.5135372445596,10295.5,103.413573265132,424.3330444827422,0.0412153896831375,10296.0,0.847660215366424,38.0,103.0,53979398.0,2.04564505276973,36.0,2.7888110344102417,169.0,20.38727670283614,67.98038073038073,65.0,12.0,157.0,14.890142161364116,72.40686620414029,0.5000186100622593,53979398.0,0.2741122864228925,621.4221092567536,11.31143193871538,42.70167487044683,3.562221428897761,3.950111670214549,0.2348261638185032,0.8877755545571868,0.2283441367118444,0.7928006378760774,0.1826851190478257,0.8868591632292281,0.8864761343547438,0.9953203613556628,0.9715453741897468,-0.526923207113738,0.939547887332286,0.2231361443942469,3.222205853466902,0.1790705178325676,2.996133708821253,0.8922138913390847,0.3087802003535651,6.4444117069338045,2.7452262844804585,1.046234458508263,585.3970099667774,0.2431050705842098,1.3193478479818104,13.060215946843854,36.08388704318937,370.6108803986711,5.033934972521678,0.133284203354653,340.5872093023256,0.1414398709727265,0.3095316287696448,4.586186942201665,0.0412961748368617,5.459591389737836,0.2338772338772339,17.80187028840741,trainval/2089
2090,2090.jpg,trainval,calibration,1,malignant,ground_truth,0.627458848038954,109.99134755564084,112.53888216967503,5947.5,69.01504423151462,305.5218613006988,0.0513697959311809,5948.0,0.8948080163721049,41.0,98.30000000000018,28408034.0,1.8813346133846325,28.0,4.420642146801688,155.0,17.82528167227381,65.07363819771352,59.0,27.0,128.0,11.797544435384104,69.10907969119023,1.256641014904693,28408034.0,0.3218807562877374,541.486507476362,5.319666553249404,57.3135912366607,7.656543440681643,3.7370606205039496,0.156175569921742,0.9197708218649504,0.156175569921742,0.6250812895489,0.1317847612813611,0.921912215039129,0.921912215039129,0.995779038650764,0.977689204296894,-0.6125779220882531,0.9482923369720592,0.156175569921742,2.103436543041851,0.2421990418537482,2.5991841370759605,0.9352140998325332,0.3991153453555631,4.206873086083702,2.44300856715422,0.973309047606423,272.2894736842105,0.2755966332836139,1.176649141929879,6.695344129554656,62.68218623481781,279.3218623481781,28.317178081421503,0.3565328385065227,91.72672064777328,0.0928408103722401,0.169920176093844,1.3836424136619292,0.0524306219632473,5.7609168966693085,0.1661062542030934,26.43886147945385,trainval/2090
2092,2092.jpg,trainval,calibration,1,malignant,ground_truth,0.8924451021878778,71.966698297937,74.16872656315464,3543.5,64.22632741662655,237.03657992646004,0.0668933483636122,3544.0,0.8902372824491435,72.60000000000002,161.0,51275509.0,2.5106697440191432,45.0,3.209973231875596,245.0,27.63855166140974,115.23448081264108,112.0,27.0,218.0,19.5849546063382,120.2840752019083,0.5008015174155768,51275509.0,0.2025761914710393,1189.2731790193836,18.6379856115108,159.5333631180352,8.773861106368418,7.24667220123182,0.559136690647482,0.8567383090228675,0.4566906474820144,1.1728858711046228,0.3505703431499404,0.7860383693045563,0.7816148963182394,0.9933292389768464,0.9552088343311363,-0.3937076814761034,0.9274189237103826,0.3904616306954436,4.118992805755395,0.0887400445111536,4.012325862219463,0.8610015616841286,0.1677697841726618,8.23798561151079,3.4006453583436627,1.951452222969826,289.775429326288,0.191397245261749,2.240545311133952,20.883091149273447,9.067371202113604,161.45244385733156,0.8238537035123262,0.0882456728716243,419.8652575957728,0.2773218346075117,0.518276836513546,11.91858405161206,0.0438592239308481,4.8278397933776205,0.4272009029345372,3.587937506216746,trainval/2092
2106,2106.jpg,trainval,calibration,1,malignant,ground_truth,0.5193536517830538,109.90636613519928,108.41586599755593,4838.5,57.08027260652111,295.90663761154883,0.0611566885628911,4839.0,0.8333080890013965,18.0,88.0,15576380.0,2.16961862412421,39.0,3.56594165864689,182.0,22.68738718412997,49.20851415581732,43.0,3.0,179.0,16.21056946967419,56.73557435868138,0.9088836174198331,15576380.0,0.2569897207972302,797.4475323861916,7.342138630600169,98.61360891651628,10.349113331884045,5.27915309623727,0.2326711749788673,0.9155738051396438,0.2250633981403212,0.7876418317832337,0.1820176417963985,0.8886306001690618,0.8882290786136942,0.9964337416275394,0.9750749250749252,-0.561558044670831,0.9546578159445964,0.2194045270968347,2.4658706677937445,0.1720047236884319,3.1036682277472005,0.9202403663723916,0.3169907016060862,4.931741335587489,2.85807947612075,1.377956067804034,258.24740484429066,0.2233974090348535,1.6309274014918405,9.608131487889274,32.71193771626297,191.0631487889273,12.741978331773886,0.2670596878457265,161.49653979238755,0.1397028890937608,0.3018550208599155,3.492974654158776,0.0683816971806406,5.460689560921938,0.238892333126679,15.18945759150393,trainval/2106
2113,2113.jpg,trainval,calibration,1,malignant,ground_truth,0.6177509837482054,176.5009541632705,180.5103875127412,15038.5,109.03363806685728,489.9310242291893,0.0325784502596129,15039.0,0.8873036144703746,13.0,82.0,41627136.0,2.0863680919811305,33.0,6.158246849421891,243.0,21.82795810087867,43.56419974732363,37.0,0.0,243.0,13.955054814039626,52.61127009560983,1.5584539466136742,41627136.0,0.2806362300583369,870.1062414484978,6.378785848298044,172.15115757455612,18.35181513104839,5.611021294634528,0.3205574912891986,0.8919149511931236,0.2389439828464218,0.8571708554413442,0.2634632643506874,0.8905171918673662,0.8881001050629128,0.9969371923988748,0.9788367204358228,-0.5338068619486293,0.9441996416293704,0.1975567691116471,2.2485928705440896,0.190003468660044,3.0503519764671827,0.9006056058297198,0.3103055481104261,4.49718574108818,2.732470326047917,1.4828946964809318,789.288854961832,0.2410042305226968,2.0411718664413496,9.043053435114505,48.57129770992366,224.535572519084,26.324960854350223,0.3201221242780403,481.5300763358779,0.1470320843773672,0.3531704945991927,4.152846488365833,0.092164180799371,5.641039273368768,0.2177671387725247,27.484272851232443,trainval/2113
2115,2115.jpg,trainval,calibration,1,malignant,ground_truth,0.490023515029884,219.2263395523963,207.9663434308542,16752.5,107.42606149460012,646.1980515339487,0.0385732309526308,16753.0,0.710033927618888,7.0,75.0,35943893.0,1.960714433133257,39.0,3.436579092384385,165.0,21.73724116953367,37.8456992777413,33.0,0.0,165.0,15.928451541615653,46.31975590933901,0.8129114264605851,35943893.0,0.2893907511694924,713.2228336795177,5.302032446776432,67.43970471989122,8.292615548256723,4.415849265477859,0.1355768650865448,0.9404244466691,0.1355768650865448,0.5725367557863452,0.1171957787398496,0.9322115674567276,0.9322115674567276,0.9972884626982692,0.983052891864182,-0.6663742222786846,0.9623900171454663,0.1355768650865448,2.0571738737108736,0.2303304336196863,2.608038348077775,0.9411945295523636,0.3528134611905192,4.114347747421747,2.472461482991232,1.1378565326411008,621.9537190082644,0.2570056690116795,1.229398777405915,7.618595041322314,117.87231404958678,373.3826446280992,82.90565140505237,0.3108069727891156,229.1107438016529,0.0946738610750631,0.1961341190941704,1.758020137339542,0.0507583957289519,5.972193526687936,0.144451739986868,69.94816115702478,trainval/2115
2116,2116.jpg,trainval,calibration,1,malignant,ground_truth,0.6056134367472303,195.1460595554053,195.437969698828,17675.5,118.18307579502871,558.9604614807121,0.0316234596747312,17676.0,0.8431594213725137,36.0,102.0,94904025.0,2.1493046526248456,34.0,3.478150355574585,213.0,20.508453878341488,68.40829373161348,67.0,0.0,213.0,14.173703416265685,73.27407074342852,0.2954568702220964,94904025.0,0.2658613702448554,689.3947920422574,11.703173970026782,67.9290921005063,2.841111605314369,4.498162264908031,0.1955097156533136,0.9166922117851396,0.1955097156533136,0.7128561079367743,0.157285666738474,0.9022451421733434,0.9022451421733434,0.9976157351749596,0.9804490284346687,-0.593804942467737,0.9602067244445376,0.1955097156533136,3.2599863240070657,0.1814799823569638,3.020532280521268,0.9173656330917505,0.3124964385435067,6.519972648014131,2.825022564867957,1.1734179951403363,870.9432265317594,0.2447844931230352,1.35056421475834,13.053962900505905,42.85778527262507,461.5663293985385,7.16538832916528,0.1406204368549201,402.9280494659921,0.1132456575227633,0.2142172579109531,3.1203350404353185,0.0292237394727473,5.744501534848411,0.2012898845892736,18.177163402521643,trainval/2116
2119,2119.jpg,trainval,calibration,1,malignant,ground_truth,0.7052419570242072,304.52955817124064,334.1047739856466,46901.5,214.7670215764029,964.5239533417538,0.0205648849896432,46902.0,0.7959490719843215,26.0,114.0,267160826.0,2.4725912223850544,49.0,3.774625821747336,255.0,27.85812027095925,66.82316319133513,62.0,1.0,254.0,19.74033119219711,75.47284261429824,0.8048492599038677,267160826.0,0.2105348788260613,1230.8148333868264,12.109963131269827,232.387926889048,17.0584605713598,7.814399543147655,0.2767298293749464,0.9315967359724292,0.2435908428363199,0.8425656429229799,0.2173933306612376,0.882586670096316,0.8814290890905726,0.9977565046961367,0.9798996855055544,-0.5850581112916597,0.9718691004979476,0.2247442231844293,3.197740718511532,0.1353303703144222,3.4969836059136945,0.9332738413137526,0.2351882020063448,6.395481437023065,3.202439795027422,2.0227823431306504,2053.366582186821,0.1858586696403712,2.4727554382535084,14.789373642288195,36.82060101375814,372.5197320782042,8.112058427714416,0.1774333167933724,1629.6768645908762,0.1475087676132219,0.338330787446948,5.91493420024591,0.0524653942087835,5.892460906912906,0.235554986994158,18.79808610154046,trainval/2119
2122,2122.jpg,trainval,calibration,1,malignant,ground_truth,0.6889464926676606,55.49818270450501,57.28001396647874,1650.5,38.23527832369776,160.1248916810282,0.0970159901127102,1651.0,0.8994019966928949,4.0,169.0,15986692.0,2.922828716121436,106.0,2.4780096944411154,255.0,55.11960851140637,74.10781344639612,59.0,0.0,255.0,43.34381711947825,98.40241732761255,0.7074852938852523,15986692.0,0.1676288914708007,4191.067722111776,17.926799007444167,1555.4474894675263,96.00383910351516,24.59867679746813,0.8548387096774195,0.9328313835912024,0.4553349875930521,1.2715017756241265,0.6475087587510543,0.8177626137303555,0.808638267293938,0.9934130785513972,0.9643425794635472,-0.5129162843861014,0.9741290744528952,0.2800892610973255,3.462779156327543,0.1113300371284842,4.311953833154753,0.9440756802495054,0.2915632754342431,6.925558312655086,3.655063322729173,6.363378876786385,67.82901554404145,0.117148558797999,5.869819025715827,26.25215889464594,20.45077720207254,178.70811744386873,14.4601369054933,0.1779511454187853,156.6718480138169,0.270590411077404,0.5194714008473167,15.153095016830456,0.0638894293804889,5.392139484814984,0.3506965475469412,12.319907171258883,trainval/2122
2124,2124.jpg,trainval,calibration,1,malignant,ground_truth,0.9079462999535888,150.93445273067468,159.13830462839547,16090.5,137.04037789233595,492.0731598529204,0.0305815953421534,16091.0,0.9138186658026394,26.0,71.0,48829988.0,1.6457901464809863,24.0,26.42504938912933,237.0,16.320951706367104,48.13286930582313,43.0,10.0,227.0,10.195609511112036,55.08733863495355,3.982770998926666,48829988.0,0.4056527460666552,717.8417702705954,7.020060180541625,450.9079489392574,32.53224319309443,4.472683939324241,0.4554287863590772,0.8151711165267922,0.1343405215646941,0.4817870754069523,0.437381410624803,0.952761931628218,0.9519526745517216,0.9967066154597524,0.9894955029974056,-0.6972510176960321,0.9479963957607794,0.0812817316568469,2.4527018555667004,0.3551546651929208,2.138991031041869,0.929402622875508,0.5290245737211635,4.905403711133399,2.045427780671077,1.2320281814208296,418.1048231511254,0.2688776997756433,4.538437774630122,14.278456591639872,301.691961414791,1541.5305466237942,74.55378321622801,0.2361015838990115,124.73247588424438,0.0802138108580349,0.2596149293452081,6.164368459446883,0.0523725417913104,6.458465557819159,0.0966378721024175,194.61272071215149,trainval/2124
2128,2128.jpg,trainval,calibration,1,malignant,ground_truth,0.7354700751141297,106.95084377446096,107.70329614269008,6541.5,78.65914510432235,316.0487732352801,0.0483144192058824,6542.0,0.9071717049736444,57.0,117.0,54833198.0,2.026106706851195,30.0,4.565202426215323,220.0,18.378430704931223,88.33506572913483,88.0,24.0,196.0,12.635953524579204,91.55172212086252,0.5693081659045726,54833198.0,0.2971737495444855,578.633985925059,17.31629641137176,62.36536668302377,3.145045428566839,3.793487380188459,0.1994718036352338,0.9000882330862103,0.1994718036352338,0.7208704435152102,0.1596828031897405,0.9002640981823832,0.9002640981823832,0.9975674170288388,0.9800528196364766,-0.5655633653511674,0.9471899878132344,0.1994718036352338,4.05188752524468,0.2072978985455497,2.884615707682232,0.908983588518232,0.3683392884884263,8.103775050489359,2.6851439040470004,0.9982397959559232,344.55219582433404,0.2480577363746105,1.378894440064665,19.40316774658028,40.02735781137509,646.8034557235421,3.103586898989124,0.0727127926137791,167.4362850971922,0.1205444817114414,0.2528400910949582,5.531311864785405,0.0185367476375869,5.600181774474632,0.2123203913176398,17.844546345579605,trainval/2128
2136,2136.jpg,trainval,calibration,1,malignant,ground_truth,0.8509194451880758,184.4580365104516,201.8836298465034,21918.5,156.9589300879553,625.6955262170073,0.0285464573860897,21919.0,0.8387785140246274,27.0,80.0,75974065.0,1.894703352244348,27.0,11.786444549706442,239.0,16.996506248329652,53.9623614215977,52.0,0.0,239.0,11.575140769095473,58.87383327847511,1.6821296843437217,75974065.0,0.3229802053278123,554.1917947065475,7.988591406753151,120.54671290672314,9.124800772651716,3.529942833869758,0.3398656730149967,0.8243501339095495,0.2566933480540988,0.8923114613892914,0.2739741980797741,0.88219554083479,0.879625852761538,0.9967334146650036,0.9772433074944804,-0.4645799038519189,0.9096976094962226,0.2128553173653918,2.681617444107094,0.2122777950926904,2.9044795497490004,0.83463541188244,0.3292391204342625,5.363234888214187,2.578128749443473,0.9674521267211884,1364.709834469328,0.2657662774039587,1.661258958462316,10.143135345666993,38.40993184031159,279.39805258033107,8.434039855956447,0.21601246622743,807.8958130477117,0.1573312196782301,0.3718403126773831,4.956729530585719,0.0752830288357754,5.417835252652135,0.2342716364797664,20.189419803570395,trainval/2136
2146,2146.jpg,trainval,calibration,1,malignant,ground_truth,0.5843894784754341,88.3352462799932,88.83692925805124,3531.5,51.62218850456426,240.5512985522213,0.0681158993493476,3532.0,0.8757433166689205,62.0,116.0,30577659.0,1.928774148431067,25.0,11.198876306042877,246.0,18.38840197822465,89.03652321630804,85.0,29.0,217.0,11.33338280803568,93.04472767265412,2.164050711396761,30577659.0,0.3306188428976169,729.8188812302084,10.321739130434782,187.6875339479235,17.055057353168408,4.141215374921235,0.7142028985507245,0.7058119987508222,0.4092753623188406,1.197251261562033,0.5466965763495064,0.8310338164251208,0.8234124204865892,0.9919327000299496,0.9615264735264736,-0.315420502346408,0.8377092779589438,0.2684955716586151,3.076521739130435,0.1919981096408318,3.2307379769869247,0.733473675032254,0.3640579710144928,6.153043478260869,2.6526647835129324,1.21385456836799,289.4755364806867,0.2484768553482289,1.9688894619536188,12.963948497854076,19.023175965665235,179.9596566523605,2.6874259837777106,0.1560520913420208,286.9828326180257,0.2463371953802796,0.5013838275962705,7.66562613007017,0.0832532685294136,4.876721045636515,0.329841449603624,9.8316093499604,trainval/2146
2152,2152.jpg,trainval,calibration,1,malignant,ground_truth,0.7178192536411191,72.63856836990097,74.21590126111789,2893.5,52.14136293284172,215.86500705120625,0.0746034238988098,2894.0,0.8833532860326938,62.0,124.70000000000029,26656808.0,2.008744140505204,33.0,3.5316201758879613,198.0,19.44045899124514,92.73738769868694,91.0,44.0,154.0,13.68329928113092,95.97426803261018,0.702180418361177,26656808.0,0.2823629089377302,610.8370472187291,11.29368160960113,53.55187984598847,5.531473225767781,4.019235252319088,0.2612072008471585,0.87795317717497,0.2435580656547828,0.8404306268908143,0.2018866695016589,0.8811624897046711,0.8799858806918461,0.9948158162891528,0.969800368670824,-0.5077622113769603,0.9328699990452856,0.2281150723614542,3.217790328273915,0.1822253584618476,3.0007412932937547,0.8821017765369434,0.293328626897282,6.435580656547829,2.712176200279986,1.0701106132915617,187.9862258953168,0.2589341954480947,1.236656573245604,13.826446280991735,30.59228650137741,289.96831955922863,4.6932131144468805,0.1138210959314855,113.99724517906336,0.1570209988692333,0.3596328758815255,5.718341686569239,0.0399694537739752,5.1656345412483216,0.2508638562543193,14.70228961288315,trainval/2152
2155,2155.jpg,trainval,calibration,1,malignant,ground_truth,0.6165689022197348,163.69405228315938,164.34719346554112,12791.5,100.92866211612746,455.5462479183387,0.0356132000092513,12792.0,0.8801023804524639,1.0,17.0,1409520.0,0.2671259863747749,4.0,24.496283333954608,100.0,6.051188281763032,5.17245153220763,1.0,0.0,100.0,2.943540154010413,10.497028973037466,3.7001227955633818,1409520.0,0.9247745644850732,83.43336240775096,1.1491061540895429,3.8417855750377705,0.8419596313805091,0.2403888160194854,0.0094921689606074,0.9240264803553252,0.0094921689606074,0.0774074288000664,0.0094020676890307,0.9952539155196962,0.9952539155196962,0.999634916578438,0.9984179718398988,-0.7572288528274999,0.5677157238597161,0.0094921689606074,1.0446922955228604,0.9202174764380796,0.319258117087903,0.9507935884956362,0.9588672678373676,2.0893845910457207,0.3097659481272968,0.0624702462450232,133.28148148148148,0.4936351165980795,0.5528257887517147,2.714814814814815,4076.5777777777776,4145.888888888889,4061.760712962963,0.7163971193415638,9.170370370370373,0.0339643347050754,0.0950077718981701,0.6098716782728976,0.0270785973023793,6.009549731407896,0.0211069418386491,1831.923950617284,trainval/2155
2156,2156.jpg,trainval,calibration,1,malignant,ground_truth,0.8367734968451668,152.02547254435038,163.19313711060278,14670.5,127.21088627047494,499.8305191658009,0.0340704488030947,14671.0,0.8590226590427585,10.0,83.0,40873557.0,2.077674459112216,41.0,2.5965277053740814,165.0,22.026495226747368,45.576647808602,44.0,3.0,162.0,17.201925613688168,52.78267037971464,0.4749576010140096,40873557.0,0.2561618546213635,708.7794669442591,6.51641092685612,52.60461667003182,4.487446598178738,4.53704611663808,0.1916328356154957,0.9189486799376944,0.1883300075689809,0.7081071301771152,0.1561646438645633,0.9063854675565952,0.9061652790201612,0.9961748213889275,0.9765046216656348,-0.5967653283466388,0.9567293676852536,0.1854400330282804,2.330248400192665,0.179756299485291,2.902812606970872,0.9204051957943306,0.2494323264295052,4.660496800385329,2.7013717060641,1.182169738063394,709.69589617678,0.2489287604969414,1.2527283712595196,8.59452823570677,72.00947036127674,296.8919677306208,45.9338684163014,0.2653307686923711,365.0596282006314,0.1280461691338587,0.2836056338703586,2.943456196005389,0.0635850958474434,5.589962508343112,0.1943289482652852,45.52904240434015,trainval/2156
2157,2157.jpg,trainval,calibration,1,malignant,ground_truth,0.6397470112347068,133.41953861061288,130.3878828726044,8704.5,85.35475106645315,386.9777054234145,0.0444572009217547,8705.0,0.854655125837361,37.0,112.0,54456033.0,2.215121461676396,39.0,2.8565554789409795,182.0,22.72130920948665,73.98150488225158,71.0,11.0,171.0,16.698006632836776,79.09310271563207,0.4096797973244681,54456033.0,0.2444393798780039,782.4558325429114,13.21167034755318,75.20276047420343,5.067298670751064,5.10953947778652,0.1335580611414623,0.9490537568107992,0.1335580611414623,0.5671160553425945,0.1157203054455957,0.9332209694292688,0.9332209694292688,0.9979452605978236,0.9851602154287264,-0.6934163967517125,0.9761974911138114,0.1335580611414623,3.459432756015344,0.1907379624728871,2.8799083664967293,0.950308293872105,0.3033825409740788,6.918865512030687,2.7463503053552696,1.310774384731995,271.4236610711431,0.2169653565716571,1.6419261073954583,15.535571542765789,102.42446043165468,1140.75379696243,13.23419751500387,0.1203395503551807,105.70983213429255,0.084500265495038,0.1623049426081865,2.9556825159972018,0.0208119391019961,6.272669020488185,0.1437105112004595,54.00466708966959,trainval/2157
2158,2158.jpg,trainval,calibration,1,malignant,ground_truth,0.8767059732734535,74.60403702799691,75.92759709091287,3792.5,65.4058048927588,235.4802307403557,0.0620910298590259,3793.0,0.9270715935657132,16.0,134.0,24300504.0,2.673550410440915,75.0,2.105674690415757,186.0,38.40035076478525,66.54732401792776,57.0,0.0,186.0,30.61748135258729,80.04168436813576,0.5165729630402879,24300504.0,0.1693623808799272,1978.1249025412028,13.217321140398065,359.4819116413293,22.29068602846979,13.185808481252682,0.1646046261430876,0.9753408939754976,0.1640667025282409,0.646193723977289,0.1376867432645973,0.9180563026716873,0.918020441097364,0.997468351349312,0.9817763433148048,-0.7137340014082186,0.98887687784993,0.1635960193652501,3.156266810112964,0.1272871881294524,3.4341676580695664,0.977294268881642,0.222431414739107,6.312533620225928,3.267721798322436,3.3376032768489425,107.6812865497076,0.1574287815054204,3.0317790089258234,17.06140350877193,61.94298245614035,526.3859649122807,33.34044007588415,0.1870661089728289,71.92690058479532,0.1051562874046715,0.2093863862463363,3.744267610822809,0.0265053555760245,6.153836846018763,0.180332190877933,31.192390393625384,trainval/2158
2162,2162.jpg,trainval,calibration,1,malignant,ground_truth,0.4643618856413349,298.55288207644656,280.3212442894758,29443.5,138.6365792846738,789.4873734152935,0.0268136387798764,29444.0,0.7704677422308784,9.0,74.0,66575375.0,1.9865964516530592,34.0,4.916027581826928,216.0,20.280038205147942,39.70285966580628,35.0,0.0,216.0,14.78800840451815,47.55086330737856,1.184514455294156,66575375.0,0.2894247073798341,684.7675356342935,5.548178774003963,81.00272688964955,9.487083922596153,4.388593485592873,0.2474885532700061,0.8932337472911889,0.1973279573566596,0.7572636506852735,0.2085502305154545,0.9078988131848106,0.9062218354163232,0.9970627863423588,0.9806884668669674,-0.573973778664858,0.9473191209185556,0.1694958408316058,2.124359324813777,0.2110693118157897,2.8286411696534,0.905970069426686,0.3066356864621062,4.248718649627554,2.577735603631387,1.1590205097157198,1311.2356194690265,0.2417469799906022,1.657859393626926,8.425147492625369,76.65339233038348,271.58517699115043,48.742638686708986,0.3166030048754042,703.0527286135693,0.1296188658948321,0.3280248167509242,3.799775986748384,0.082563373998795,5.795928550395008,0.1842141013449259,47.18514838454242,trainval/2162
2168,2168.jpg,trainval,calibration,1,malignant,ground_truth,0.8574278167362837,123.99487559177338,126.66885963013956,10046.5,106.31665546514137,404.43354954613056,0.0402561637929757,10047.0,0.8785473057801857,52.0,108.0,65972287.0,1.8936584173011712,29.0,3.203028891818936,161.0,17.280048824768635,78.04468995720116,76.0,21.0,140.0,12.17660849646703,81.03312147604882,0.5602492321069097,65972287.0,0.315880654048298,475.39314563643046,14.075576129616584,32.644890069620615,2.905041985764741,3.206028370198488,0.1700714501358559,0.8992497501931008,0.1700714501358558,0.657868200306282,0.1411471519845429,0.914964274932072,0.914964274932072,0.9965985709972828,0.978741068733018,-0.5853285372043813,0.9437969993165968,0.1700714501358558,3.649189896346986,0.2291112584303756,2.6756625524140505,0.9032407225898718,0.350407567676361,7.298379792693973,2.505591102278196,0.8440249550835859,503.4122222222222,0.2796734567901234,1.023663888888889,14.973888888888888,56.61055555555556,748.4133333333333,5.297212446460065,0.092504437515747,185.51666666666668,0.1030648148148148,0.1926418533069374,2.979050863500252,0.0192187258288742,5.70244778186752,0.1791579575992833,25.455552777777783,trainval/2168
2169,2169.jpg,trainval,calibration,1,malignant,ground_truth,0.9336584528319284,122.99411865940948,131.60547101089682,10615.5,114.83449853497088,430.0487732352801,0.0405114006156356,10616.0,0.8492928076390338,45.0,109.0,67481702.0,2.0964346321697604,36.0,3.65982592026556,197.0,20.49174881553997,75.4257724189902,73.0,15.0,182.0,14.391867592990714,79.72831008360039,0.6902158906168342,67481702.0,0.2718007973348159,667.5562837854337,13.544865688702608,69.6629326858187,6.000577528061369,4.441056604200907,0.1699371308820728,0.9262904524943948,0.1699371308820727,0.6575609406132731,0.141058502429642,0.9150314345589636,0.9150314345589636,0.9973855826018142,0.9811180965686586,-0.622632807559521,0.9625998704317194,0.1699371308820727,3.5322918651171653,0.1963773611216114,2.888879939651736,0.92958628678843,0.3185368641646028,7.064583730234331,2.718942808769665,1.152748433770745,462.2649842271293,0.2430415269332961,1.3778788391432562,14.95373291272345,57.23343848580441,696.8748685594112,6.51368107490981,0.1053497623637607,194.17981072555204,0.1020924346611735,0.1968319896435008,3.121123555609425,0.0226902705648923,5.883367193154424,0.1791635267520723,26.08037253386496,trainval/2169
2183,2183.jpg,trainval,calibration,1,malignant,ground_truth,0.9613398035776434,69.1461536589371,70.26378868236469,3590.5,66.47294977663213,228.20815280171377,0.0635588783739628,3591.0,0.9307889993687856,82.0,151.0,51616487.0,2.2000883248693874,34.0,3.6820602814453673,229.0,21.163522376906712,116.75271512113618,114.0,57.0,172.0,14.551807992482034,119.89098245799144,0.5557382111993214,51616487.0,0.2597391247232223,742.651186585232,11.298977853492334,89.09815214884172,5.443757271565191,4.906012696699031,0.2322544009085746,0.909598159653198,0.2322544009085747,0.781920576950635,0.1783122941671737,0.8838727995457127,0.8838727995457127,0.9964268553706374,0.9741939554546027,-0.558280264229041,0.955823752730529,0.2322544009085747,3.1828506530380465,0.1689335082378275,3.161871280296997,0.911962229081968,0.3151618398637138,6.365701306076093,2.929616879388425,1.2845667744019016,201.1803833145434,0.2268099022711876,1.571465067891592,13.171364148816236,27.34498308906426,281.47688838782415,4.57796446434643,0.1562737047092418,124.22886133032696,0.1400550860544835,0.2812323511660318,4.337943179930274,0.0382405103143767,5.435699452076072,0.2470064049011417,10.954808844781631,trainval/2183
2190,2190.jpg,trainval,calibration,1,malignant,ground_truth,0.8746493271636655,100.691144062789,105.04284840006956,6910.5,88.06944140585811,315.70562748477244,0.0456849182381553,6911.0,0.9334205206969938,38.0,74.0,22318707.0,1.387896989486052,18.0,3.874337772575975,120.0,11.00537539099401,55.00781363044422,54.0,19.0,101.0,7.581112537356925,56.82822207234642,0.6971825863578973,22318707.0,0.4325925458483967,203.5872635022364,7.759330002938584,7.01729192751862,0.7497981357430253,1.4844846153533957,0.1645606817513958,0.8004170266998566,0.1645606817513958,0.6451093630045635,0.1374804637729116,0.9177196591243022,0.9177196591243022,0.9936707430095618,0.9725732197081008,-0.4777648227219771,0.8566445163721323,0.1645606817513958,2.7256832206876287,0.3187440314068355,2.1086915052708983,0.8077883734299842,0.4631207757860711,5.451366441375257,1.944130823519504,0.4122613242761978,464.4073469387755,0.3791080383173678,0.5413451062057476,8.417959183673469,59.70367346938775,445.22122448979593,9.72305328798186,0.1587353741496598,123.17795918367348,0.1005534360683048,0.2054124370562954,1.8783871634978644,0.0328658737309267,5.222628118856396,0.177253653595717,27.87565447730113,trainval/2190
2195,2195.jpg,trainval,calibration,1,malignant,ground_truth,0.6020470727815723,66.06344407785073,67.08203932499369,2048.5,39.77330312493913,181.9238815542517,0.088808338566879,2049.0,0.8819281451337431,0.0,17.0,1013236.0,0.5024091516026377,6.0,45.299110323018645,255.0,9.66563698893936,8.092728160078087,2.0,0.0,255.0,3.088876456230165,22.23741631206766,5.80232476326638,1013236.0,0.8720574809314308,429.010435163292,1.7441396508728182,220.4014766065941,17.92064714998097,1.9068528180794893,0.2099750623441396,0.801613476196167,0.1032418952618453,0.4316445926150618,0.1993161734068818,0.9629509559434746,0.958770720258178,0.9983542426690244,0.99204242141898,-0.4435377011087168,0.590579396071852,0.0382515932391244,1.1488778054862845,0.8472406266130185,0.7525722839598463,0.8183054565133464,0.9201995012468828,2.2977556109725685,0.6380956376712869,0.5292069701059072,41.68639053254438,0.2466650327369489,3.843772977136655,10.40828402366864,453.3313609467456,468.0118343195266,452.0476237974896,0.4792953951226928,42.89349112426036,0.2538076397885228,0.5187091457037977,9.06524760724226,0.0746872331341828,5.005908437257692,0.0824792581747193,306.3336717902034,trainval/2195
2197,2197.jpg,trainval,calibration,1,malignant,ground_truth,0.5847516835211648,204.1021085672316,212.5652840893828,18913.5,119.34905159490825,560.2325394193541,0.02962077560575,18914.0,0.87020696299456,12.0,76.0,42792901.0,1.9683505966024053,31.0,6.143205636025998,196.0,20.350725492922784,39.061911811356666,31.0,0.0,196.0,13.464052537558748,47.56573063770446,1.6189575375386498,42792901.0,0.3075496666852984,736.6657767404514,5.465357598978289,138.24838450531485,16.13542664153893,4.876895861118406,0.2195083014048531,0.9138575770661904,0.217379736057897,0.7630739558142049,0.1722543517562521,0.8916648928622108,0.8915229885057471,0.9966258386643784,0.9758703467196442,-0.5450052118444986,0.9392582929093292,0.2155172413793103,2.073887824606216,0.2096292257662971,2.854991687398099,0.9332648980462844,0.3225840783312048,4.147775649212431,2.630102272231185,1.2741010406308146,1074.2385956532123,0.2565652246604281,1.6553738700924063,7.622641509433962,47.91449725340339,163.28110819202294,31.690602944027702,0.3620717744346365,580.7759732505374,0.1387093320397748,0.2841937625619845,2.7732144310568936,0.0867381844356059,5.483242886173546,0.2213704134503542,27.50835792362647,trainval/2197
2201,2201.jpg,trainval,calibration,1,malignant,ground_truth,0.6187422065349834,188.9949711256042,184.39088914585776,17237.5,116.9391654582718,525.2619766708768,0.0304720508583539,17238.0,0.886066072900193,19.0,102.0,82079946.0,2.3962611934717115,45.0,4.419658435624377,209.0,25.90615446994939,60.595312681285534,58.0,6.0,203.0,18.747381509977657,69.00413129477543,0.9055779285528096,82079946.0,0.215788445596945,1089.7782168038432,10.404311251314406,228.489431115526,15.39090505100347,7.361367726631585,0.1470966234373174,0.9608184532604278,0.1470966234373174,0.6025266563900514,0.1254592068106574,0.9264516882813412,0.9264516882813412,0.9982061387385692,0.9852903376562684,-0.703486945510141,0.9826504963188945,0.1470966234373174,2.932702418506835,0.1633451550860053,3.105198826618124,0.9638299047705492,0.2555789227713518,5.865404837013669,2.9581022031808084,1.877116087517226,528.2865807429871,0.2002602656341877,2.2232514983379903,13.958680818802122,87.83320697498105,646.7149355572403,34.938440874152434,0.1776539228346829,236.77862016679305,0.0897568689032574,0.1936974035376894,3.468056141023512,0.0284664547885976,6.345419487968211,0.1530339946629539,45.13357122041476,trainval/2201
2202,2202.jpg,trainval,calibration,1,malignant,ground_truth,0.7478492079462833,97.86995507308328,101.40019723846694,5604.5,73.19196838314366,294.8355697996835,0.0526069354625182,5605.0,0.900105658499932,16.0,71.0,11819582.0,1.8799162245792889,31.0,3.77857552115173,135.0,17.749182909040847,40.19946476360393,36.0,7.0,128.0,12.830142294598376,45.92120233905086,0.9891729990054676,11819582.0,0.3062916139135998,492.7598569838164,5.240007234581299,43.06644230942919,5.230273052365417,3.534949298558668,0.1257008500633026,0.9313232103807452,0.1257008500633026,0.5455287437585643,0.1099001463566657,0.9371495749683486,0.9371495749683486,0.9966026797280187,0.9820427357052424,-0.6678667947275427,0.9583610169246288,0.1257008500633026,2.0946825827455235,0.2451585044227086,2.499854141890251,0.9317626294818704,0.3666124073069271,4.189365165491047,2.374153291826949,0.9151625371554925,201.7522697795072,0.2616760956932648,1.1456477598281412,7.1802853437094685,106.431906614786,439.4811932555123,51.54407515492145,0.3275893500504395,64.95590142671854,0.0842488993861459,0.2014522932972045,1.6967093810415814,0.0553681688671661,5.995572048092885,0.1375557537912578,53.58221253244645,trainval/2202
2207,2207.jpg,trainval,calibration,1,malignant,ground_truth,0.8517370949535445,455.096092351841,486.2725573173958,137643.5,387.6222236244671,1421.9108216936352,0.0103303884432874,137644.0,0.924933322829812,1.0,50.0,140725124.0,1.4225501650432315,28.0,9.99263856104638,181.0,15.917955571551197,24.27212228647816,20.0,0.0,181.0,11.977079961665138,31.97475147091084,1.73149032310679,140725124.0,0.4363621646742772,433.2488113367649,2.994753830796471,43.07178932967061,6.07211111617011,2.3226812447842167,0.1712145610340782,0.8626930919610734,0.0858914480155636,0.3902675184859666,0.1638372201918679,0.9645318193000042,0.963849174146667,0.997780875183868,0.9912007886024776,-0.7265630117248454,0.93424917177921,0.0628479796986205,1.5674460628228764,0.3951523244755799,1.8071630385848705,0.936779975224312,0.5481663909999053,3.1348921256457527,1.7322576011400606,0.6234739514545736,3139.9368551382586,0.3239720238483551,1.5234294691691894,6.2011968633924885,705.2494841106067,1199.957800247627,609.979656913959,0.4225280478300827,815.1145274453157,0.0841017878090503,0.2823942629020187,2.414819731059082,0.1061161917065239,6.484937697662584,0.0704135305570893,503.5579083821317,trainval/2207
2218,2218.jpg,trainval,calibration,1,malignant,ground_truth,0.5353462124676394,58.6018948776588,61.1310068623117,1436.5,31.37230246618139,156.36753236814744,0.1088531377432282,1437.0,0.8592334277533983,10.599999999999994,79.0,3330317.0,1.9816227506400608,33.0,6.3887893173288255,173.0,22.366699935931244,37.79331941544885,28.0,1.0,172.0,14.581584303142746,48.14092193392825,1.6874498954096413,3330317.0,0.3104913439378508,889.2133722104301,5.542022792022792,207.4382934193842,23.363996640360323,5.9991776649540185,0.146011396011396,0.9524794454449356,0.146011396011396,0.5997681486861337,0.1246920682461993,0.926994301994302,0.926994301994302,0.9970797720797722,0.9817485754985756,-0.6598195917724486,0.9629175932713132,0.146011396011396,2.0195868945868947,0.2468377387358868,2.66096587869702,0.9621874565203106,0.3995726495726496,4.039173789173789,2.5149544826856256,1.5362972652413536,59.77310924369748,0.2511475178306617,1.6354247581385497,7.718487394957983,79.69327731092437,277.2268907563025,56.90749535528497,0.3571497884868232,28.210084033613445,0.1185297648471153,0.1524710790290616,1.5437904575571224,0.038951091998021,5.377891845924159,0.1656228253305497,43.23806581456112,trainval/2218
2233,2233.jpg,trainval,calibration,1,malignant,ground_truth,0.7498518418213612,52.55160372120272,53.33854141237835,1609.5,39.40591684101017,154.56854249492395,0.0960351304721491,1610.0,0.920087881760793,57.0,103.10000000000014,11133957.0,1.5780825675299313,25.0,5.488483490043491,185.0,14.53815439219166,80.98571428571428,80.0,41.0,144.0,10.361832216866178,83.15949279689015,0.9696120000213,11133957.0,0.3875745534508699,356.8153238686779,8.02737110120942,24.67324143044956,3.0821166446195085,2.084499406614396,0.2145130490133672,0.8133867883244736,0.2068746021642266,0.7553482606768339,0.1717159479927602,0.8978357733927436,0.8973265436028008,0.9957270336163724,0.9742467642690432,-0.4549535107123546,0.8701529993858319,0.2001909611712285,2.7495225970719286,0.2752237503347797,2.4033500776648222,0.8157116689015393,0.3978357733927434,5.499045194143857,2.184734178789733,0.5747531139069406,110.8882681564246,0.3097437658000687,0.95477669236291,10.430167597765363,41.41340782122905,288.122905027933,7.3568349928425745,0.1472105359834809,50.0,0.1396648044692737,0.3141670125985074,4.22542479164702,0.0420601399666477,4.955477394856846,0.2223602484472049,21.18853968353048,trainval/2233
2239,2239.jpg,trainval,calibration,1,malignant,ground_truth,0.5341170351510293,349.1149159970553,361.809342057388,48199.5,186.4682238593478,974.5067093990511,0.0202181912550763,48200.0,0.7986221752085831,27.0,93.0,202810683.0,2.123513425319198,35.0,5.916412033981762,250.0,21.02374526006784,58.88645228215768,56.0,0.0,250.0,14.657544913272552,64.86671348752147,1.0024617647144634,202810683.0,0.2727552685043302,740.0762562933661,9.344557801840145,111.2011302241434,8.261832211458351,4.620374174013552,0.314180801568922,0.8726609377649759,0.2308526840666792,0.8284906895605147,0.260887839828132,0.8937453243799867,0.8919469302958069,0.9975213742626254,0.981232986540018,-0.5465463404834295,0.9496568496914152,0.1958098852748974,2.875414658571697,0.1856128406047882,3.0864846638241388,0.892241942049951,0.3000980576245018,5.750829317143393,2.7919437514902405,1.233638743895619,2372.702407862408,0.2331894258341433,1.7947083387162013,11.97002457002457,51.77179361179361,388.2731203931204,12.978038542520402,0.185155061776205,1435.1869287469287,0.1410503124075605,0.340913904493599,5.0461319568581,0.0626746949073243,5.74368321746138,0.2110995850622406,29.331670218353267,trainval/2239
2246,2246.jpg,trainval,calibration,1,malignant,ground_truth,0.6760281042182166,49.10664741651168,52.952809179494906,1268.5,33.19747375749677,142.71067811865498,0.1125034908306306,1269.0,0.8846952550757691,51.60000000000002,106.0,8406201.0,1.930968625272552,29.0,4.185560605223171,195.0,17.834038454731576,78.11583924349881,76.0,27.0,168.0,12.33818229862784,81.38962997589,0.700261516854971,8406201.0,0.3094566994605557,522.1875268961431,7.603122432210353,36.26083684942304,3.0797869674514287,3.172188842129001,0.2941659819227609,0.8302735889115264,0.2810188989317995,0.8925304950367129,0.2151943603659199,0.8616817310325938,0.8608052588331965,0.9941464473419016,0.9650552360083996,-0.4332120166235538,0.8992948433535607,0.2695152013147083,2.6236647493837304,0.1846843775087115,2.991128661156385,0.8543673134129678,0.3114215283483977,5.24732949876746,2.667783196716245,0.8665887060129406,108.08290155440416,0.2800075169803216,1.0599814760127788,8.816062176165802,17.230569948186528,119.16062176165804,4.1604047707165766,0.2204832105553792,67.89119170984456,0.1758839163467475,0.3519402135224659,3.469961223601197,0.0714527544696285,4.803079478135845,0.3041765169424744,6.422487852022874,trainval/2246
2260,2260.jpg,trainval,calibration,1,malignant,ground_truth,0.788831960531138,43.1461034297076,43.56604182158393,1140.5,34.035025357735506,131.19595949289356,0.1150337216070965,1141.0,0.9124984107773856,12.0,50.0,1431717.0,1.5135793667128616,18.0,9.64891158629062,144.0,12.650199211755917,30.2760736196319,27.0,1.0,143.0,7.753326396115157,35.42303503432399,2.0579934965892464,1431717.0,0.4087554853323768,338.150777221574,3.3761384335154827,24.615571393869217,3.908985299731013,1.979569576743276,0.5218579234972678,0.582751909901778,0.3652094717668488,1.124394050051918,0.388479965229047,0.8398148148148148,0.8329315332690452,0.9868240876437596,0.950444531182236,-0.2362902935486997,0.7117608691893105,0.2620737198947582,1.7354280510018214,0.2439959555542284,2.636500669979768,0.6073917491575133,0.3597449908925318,3.470856102003644,2.155601658029629,0.6253568750601359,122.26737967914438,0.3269181274843433,1.0631416397380535,5.192513368983957,17.5427807486631,51.50267379679144,10.056671865715984,0.4596486928104575,86.72727272727273,0.2318911035488575,0.4818917793631539,3.412044002150173,0.177981669794345,4.385371678025656,0.3277826468010517,8.235387057107724,trainval/2260
2265,2265.jpg,trainval,calibration,1,malignant,ground_truth,0.8197758107643572,49.59814909549388,56.1426753904728,1559.5,40.65936288716997,158.40916292849022,0.1015768919066946,1560.0,0.8837253691719187,30.0,110.0,9546684.0,2.363585977745064,43.0,8.216604725467844,255.0,29.05552268244576,66.6025641025641,55.0,10.0,245.0,17.81385021179975,78.22831476370452,2.044989810117324,9546684.0,0.2552407955292571,1683.7676857330705,12.204485488126648,822.2575127825396,62.32004179011384,9.786409782026023,1.3278364116094987,0.7610568654903699,0.6022427440633245,1.504014620139532,0.9651400888325756,0.7767629413242868,0.761884349338175,0.990030682409726,0.9538662535577792,-0.3024996467101672,0.8715087350440939,0.3077042050329366,3.1764511873350925,0.1318088585431736,3.998668595393232,0.8024910528064955,0.2856200527704485,6.352902374670186,3.1601035225041385,2.7785615484088804,122.76197836166924,0.1897403065868149,3.579516923907512,16.87326120556414,13.19629057187017,116.596599690881,2.592773987541973,0.1657831443138253,239.29984544049452,0.3698606575587242,0.6306186474286852,12.044345228172794,0.1033371462839167,4.713466755219234,0.4147435897435897,7.382750968087166,trainval/2265
2269,2269.jpg,trainval,calibration,1,malignant,ground_truth,0.6717138020221063,143.87090681628055,149.68299836654796,10633.5,96.64007381793198,438.8599564173237,0.0412714493268748,10634.0,0.8329464739583308,20.0,100.0,44715617.0,2.3298369074835774,45.0,3.614759047233032,213.0,25.14736580962572,56.95063005454203,51.0,5.0,208.0,18.65443529255405,64.84571539114249,0.8291412699203727,44715617.0,0.2257991186498401,961.5925409797476,9.248217511170262,147.654303369404,11.953319430423177,6.498600638100386,0.1991634185759102,0.9405283862224484,0.1982127578667173,0.7222003195199044,0.1598751211947803,0.9010520645181735,0.9009886871375606,0.9975719961815356,0.980187366583412,-0.622696482221195,0.972046470178744,0.1973809297461735,2.7700827074817,0.1543235663150373,3.205107542575288,0.9437213465504056,0.2646639414393003,5.5401654149634,3.002698616922717,1.674441014169074,456.57813211845104,0.2080082606462191,1.8827913927387256,11.373120728929385,41.45148063781321,317.6396355353075,13.86434741749986,0.2267702436623008,255.6952164009112,0.1164898480186383,0.2426433782735595,3.326593024032567,0.044854681962366,5.87413191190806,0.206413391009968,17.980876811556602,trainval/2269
2271,2271.jpg,trainval,calibration,1,malignant,ground_truth,0.4267039846906391,124.50185403290982,115.13470371699404,4579.5,53.125437217214944,330.00714267493737,0.0720618282945599,4580.0,0.7269267051260644,0.0,39.0,2824869.0,1.1193732400382883,25.0,5.935290404861226,130.0,13.417370187448752,17.974454148471615,16.0,0.0,130.0,10.41947061627204,24.835128839088966,1.364202132471324,2824869.0,0.5516475658358916,293.70262251864,2.155180080035571,15.352477823188146,3.196279705928521,1.3713161088738417,0.1229435304579813,0.8354455581588786,0.1224988883948421,0.538213878266097,0.1079375528000093,0.938824662813102,0.9387950200088926,0.9966790044824724,0.9825080988375784,-0.5106511357903997,0.8234209697660505,0.1221098265895953,1.3576033792796798,0.468337046592122,1.652633047801329,0.8684241890972867,0.6518452645620275,2.71520675855936,1.5278631479489069,0.3735649098329557,248.8955696202532,0.3938221038295145,0.6248773233456176,3.72626582278481,140.16772151898735,194.0126582278481,129.14354122714485,0.5358104781997187,69.63607594936708,0.1101836644768466,0.2854441847262399,1.412082208667958,0.121020640061253,5.209860869967048,0.1379912663755458,87.65109758051597,trainval/2271
2283,2283.jpg,trainval,calibration,0,benign,ground_truth,0.9412354721173832,142.01201640415763,155.9551217498162,14710.5,133.66674730650885,476.70057685089,0.0324054639101927,14711.0,0.9019302887847191,44.0,110.0,101059764.0,2.172204050612473,35.0,8.853786828182592,240.0,21.686602298753783,77.38726123309088,76.0,11.0,229.0,14.65236418716203,82.88349235939337,1.5013464077247267,101059764.0,0.2642990176200682,880.8851045309688,14.335806030633972,240.2400336605492,16.070079475273268,5.72623612349467,0.3687066419396936,0.87901227095004,0.1366852118964214,0.5214833686603808,0.350023794788524,0.94668510832224,0.945994571997166,0.9971833363054632,0.98883130275174,-0.7381444254875047,0.979562586478807,0.095974933743674,3.605055292259084,0.2205048826081384,2.7416159739813164,0.9577236538300165,0.3330585891888179,7.210110584518167,2.624109337158139,1.523735691358591,350.2271062271062,0.2138138621655105,3.4976660837466698,18.6971916971917,162.62576312576311,2231.1642246642245,16.646484069456477,0.1205840959591904,105.23321123321124,0.0642449397028151,0.1949518998653498,5.476893886991262,0.0271006813271565,6.694223279370471,0.1113452518523553,81.96606429115587,trainval/2283
2288,2288.jpg,trainval,calibration,0,benign,ground_truth,0.7906400320120829,212.4045947207113,210.92415698539605,27886.5,167.9355755694967,642.558441227159,0.0230419178178387,27887.0,0.9212750372354512,4.0,126.0,156125173.0,2.622509876056036,70.0,2.883461092914537,240.0,38.61908210780452,58.45336536737548,51.0,0.0,240.0,29.30925337800786,74.82307768132789,0.7399172120055837,156125173.0,0.1910253446149207,2181.6970309341364,11.643532212683068,520.417015586412,39.24797848469293,13.182252248497234,0.211059808094654,0.9684828058656672,0.2052882187432363,0.7485365217784248,0.1689165553398831,0.8983178221869514,0.8979330495635236,0.997913595724892,0.9813811588214588,-0.6660453708872899,0.9845716850060396,0.2002380780607459,2.898401991198326,0.1420372489605473,3.491025592612562,0.9687563326635564,0.2925835076834283,5.796803982396652,3.2630340677739524,3.348328014147972,925.7420360110804,0.1602738982013643,3.2202051808611047,17.140235457063714,94.18507617728532,412.4645083102493,71.65385625936534,0.1822373354543418,909.6973684210526,0.1574960817903484,0.3351747307670269,6.460908425382107,0.0450307476860266,5.991543413719098,0.207121597877147,70.87470310689565,trainval/2288
2296,2296.jpg,trainval,calibration,0,benign,ground_truth,0.5633157462697753,443.9688890742854,446.4045250666709,85840.5,250.0946660694441,1194.288455329563,0.013912878598442,85841.0,0.8696446251433693,0.0,96.0,270878106.0,1.959238913141167,46.0,6.868399210473089,255.0,33.5319408970599,32.98167542316609,14.0,0.0,255.0,20.49666176622871,56.17454558368422,1.9438566837545173,270878106.0,0.3936671386708271,2067.7886578143384,6.875914370515787,1021.6059412998076,83.42401626828597,11.463747328571904,0.1643413026712473,0.9717337375242076,0.0953983500432354,0.4485841142175994,0.1552404574802756,0.9581147821332214,0.957351773666467,0.9987898310874412,0.992401802381372,-0.7706901138529875,0.9749475373564964,0.0759778993540205,2.012725233120661,0.3690368877631531,2.397592819215605,0.9788033855865548,0.5815279627941761,4.025450466241324,2.2795200103029223,2.9070221578107875,1117.787533045777,0.155529084881839,5.177702408548868,17.840684569361347,1103.657019618756,1815.0004174203425,1048.6504622667262,0.2662031827005739,657.8729650758314,0.0915365194205971,0.2433302317499565,6.337654315582534,0.0447054528253638,6.97603211949311,0.083724560524691,960.9996385686948,trainval/2296
2297,2297.jpg,trainval,calibration,0,benign,ground_truth,0.711412676611684,109.79118187857271,115.15641536623131,6663.5,78.10683856859562,327.9066376115491,0.0492093700925263,6664.0,0.8824821407911205,43.0,113.0,48218544.0,2.1504080686689533,38.0,2.582898443258936,171.0,21.476293938944124,80.81812725090036,83.0,18.0,153.0,15.504091146247958,85.06277605597022,-0.0768066047277234,48218544.0,0.2536013054681657,704.106178005416,15.225698663426488,54.93277976312419,-0.6714592286633059,4.664277787271767,0.12773390036452,0.9466888193557276,0.12773390036452,0.5511904827242458,0.1114179510621869,0.93613304981774,0.93613304981774,0.9974453219927096,0.984033262454435,-0.6952643204797114,0.9745133159912284,0.12773390036452,3.7538730255164032,0.196661918081907,2.8048445182693573,0.9476709821897636,0.3213851761846901,7.507746051032806,2.6771106179048387,1.1980029219090722,225.63626492942453,0.2449905156671276,1.26695125559835,15.601520086862106,93.1813246471227,1393.5819761129208,9.512189870519324,0.1045722878365968,69.60369163952225,0.0755740408681023,0.1498750538006888,2.319669200321327,0.0173712990874018,6.198685888042728,0.1382052821128451,40.82722245210972,trainval/2297
2302,2302.jpg,trainval,calibration,0,benign,ground_truth,0.7081427358905517,190.23200765719807,194.48650338776724,19742.5,134.7114143563206,562.5168106668162,0.0284926838377518,19743.0,0.8854631654430216,4.0,65.0,40497933.0,1.8469914693245093,34.0,13.893537255962665,252.0,20.92827834892572,33.71012510763308,29.0,0.0,252.0,13.494788897658276,45.290785821759926,2.505494877624746,40497933.0,0.337635370320809,914.8827455802558,4.750063772256517,247.8251521486441,23.71752733369814,4.946904280521916,0.665680322432529,0.7627900977805778,0.2159073516657313,0.6996197738566642,0.6190643379292191,0.9173460151229144,0.91646523240377,0.9959763030743364,0.98398440353447,-0.595853565094033,0.942628861045078,0.1501695927961625,1.9182694760471408,0.2577201078041805,2.585315123937634,0.9451742709842352,0.3855925718075608,3.836538952094281,2.3973744744964933,1.4031461507386112,896.543190900707,0.2756050387029533,2.773383579620845,8.786658469105442,109.54903166308024,287.73870273593604,83.39610560973007,0.3866708477544487,375.2723639717184,0.1153619317466087,0.2818299862743359,3.849122068891,0.0975197230493163,5.818304935002415,0.1647672592817707,72.71424452577956,trainval/2302
2321,2321.jpg,trainval,calibration,0,benign,ground_truth,0.620057397360211,211.5776640227896,211.07344693257843,21637.5,131.19029569352406,592.960461480712,0.0274042963133777,21638.0,0.8793924583853827,15.0,65.0,36475023.0,1.7617235922273795,29.0,7.023307040971386,194.0,16.955409153640616,34.85123394029023,29.0,1.0,193.0,12.2269065222762,41.05719061720135,1.5994186818121992,36475023.0,0.3403654035192475,471.08439421636905,4.179928382086221,53.06836223233648,7.33934886005758,3.3822906567110187,0.2642421987629633,0.8550720866993988,0.2100172069013625,0.7838624236879475,0.2201349715683135,0.9017671952750778,0.9001674395427933,0.996085324413019,0.9772073364223296,-0.5218802900422179,0.91683579315036,0.1822014886811659,1.8440217644049668,0.2495539887278923,2.600419807787841,0.8797203163174745,0.4000372041110542,3.6880435288099336,2.356076824581165,0.9116332138684956,1186.9318448883666,0.2789499047916255,1.3480508311918928,6.8206815511163335,81.51868390129259,184.61363102232667,65.17658506498957,0.3660831957734131,618.9600470035252,0.145466521034906,0.3463270866997435,3.3317084073865626,0.097018510416455,5.402503380459768,0.1966447915703854,55.65829188305457,trainval/2321
2322,2322.jpg,trainval,calibration,0,benign,ground_truth,0.407604387898321,195.49882137646904,202.20039564748632,11490.5,79.68617742199886,555.68838354207,0.048360679129896,11491.0,0.683822013505052,14.0,43.0,9453074.0,1.1029146605717204,8.0,15.967647638894071,166.0,11.035931326079858,23.123836045600903,16.0,6.0,160.0,4.9158008766666965,28.68188013398337,3.183525520582419,9453074.0,0.6128504302319332,287.938454556358,2.270979634831461,50.75841804266728,8.073186186919859,2.044717887663627,0.1133251404494381,0.8949741604100202,0.0933110955056179,0.4579473103694452,0.1046181799049796,0.9560700491573032,0.9552962863516192,0.9978100045640268,0.9885924731869252,-0.6159791514827503,0.8579492155395215,0.0812119616104869,1.3372103230337078,0.5737892307878188,1.4965202052067053,0.9118653391985256,0.7457865168539326,2.674420646067415,1.389083867514327,0.5395107570282665,301.77581395348835,0.2807216873985938,1.4514223904813413,6.645581395348837,630.2483720930232,706.893023255814,617.403520181406,0.398929378262933,144.2781395348837,0.1342122228231476,0.3447771686340463,3.4203128572831263,0.0951757500566091,5.629969122226158,0.093551475067444,515.9871878853435,trainval/2322
2347,2347.jpg,trainval,calibration,0,benign,ground_truth,0.7438241094901187,161.52952559248115,161.31026005806325,15172.5,120.14955553018864,471.5462479183391,0.0310790079366181,15173.0,0.925996215102154,13.0,109.0,76185596.0,2.4833133360523383,48.0,3.5961794731126155,220.0,28.91828898096828,60.42404270744085,57.0,0.0,220.0,19.762343951633387,70.85992784745757,0.6568761614104071,76185596.0,0.2037763768053286,1370.064437436257,10.80842301049555,251.24784334083432,18.439522383432248,8.31660579727074,0.2090474292546831,0.9509603724898672,0.2071874584827953,0.7428539204438439,0.1661207863021231,0.8967162658872503,0.8965922678357912,0.9974522422292658,0.9792981629769194,-0.6345904982076964,0.978332286693632,0.2055599840573934,2.9633652185465658,0.1360633471859482,3.3884843717732176,0.9529728223247604,0.2311677959346353,5.926730437093132,3.1730490826077693,2.131413306631356,632.7568238213399,0.1962645235177853,2.2308191625771974,13.268300248138958,48.12872208436725,351.67493796526054,22.945144466388708,0.1953808874292985,402.1625310173697,0.1247402391493082,0.2535576788061686,3.8985894700436265,0.0426763116642218,5.904140853523789,0.2124826995320635,25.97978704613045,trainval/2347
2356,2356.jpg,trainval,calibration,0,benign,ground_truth,0.7530559459886512,115.69034963169436,116.43023662262308,7872.5,87.1213056836534,344.2914139223994,0.0437334282530834,7873.0,0.9135557899548354,23.0,90.0,28546440.0,2.091508220487494,35.0,3.0758009405787843,156.0,20.91425935823024,54.23701257462213,50.0,0.0,156.0,14.69488063916638,60.21516102000018,0.4892597194507166,28546440.0,0.2702446782788542,684.2120836448312,8.291955795425341,57.69935117266583,4.79080397477861,4.381971166087766,0.1763042919557954,0.9226443010833456,0.1763042919557954,0.6719251041860106,0.145221088593761,0.9118478540221024,0.9118478540221024,0.9964739141608844,0.9779619635055258,-0.6135648698579204,0.9607822125858652,0.1763042919557954,2.690824980724749,0.1932402077664943,2.8983049849148346,0.924101818082934,0.3252377280904652,5.381649961449499,2.7220006929590417,1.13956886451089,360.9384825700615,0.2467111979289552,1.2846822206825086,9.78332194121668,53.1161995898838,378.7115516062884,14.359013082334778,0.2174884063901249,155.23513328776485,0.1061074048446786,0.2056946527263797,2.311129049091428,0.0386877262814247,5.774175229854992,0.1858249714213133,24.156646821178963,trainval/2356
2365,2365.jpg,trainval,calibration,0,benign,ground_truth,0.520846522018239,79.44173473367638,78.40918313565064,2531.5,41.37695123913087,219.9238815542517,0.0868749285223194,2532.0,0.8110012169133675,53.0,154.0,29084651.0,2.626226312404313,48.25,4.093412645050525,245.0,30.07132838685364,99.73025276461296,97.0,20.0,225.0,20.36850421200518,107.17662519850842,0.8807236071412277,29084651.0,0.1913691166964903,1540.7056724479582,22.288244766505635,339.8832044530358,23.2663214977864,9.346786908031046,0.9186795491143316,0.8210155275555207,0.537037037037037,1.3881593673444172,0.6302707699648117,0.7785493827160495,0.7672958518227061,0.99139591902946,0.9538061911250316,-0.3667493923445875,0.9238986208181624,0.3428660091250671,4.492351046698873,0.085941166784652,4.278155602590069,0.8302172400637312,0.1602254428341384,8.984702093397747,3.482643152353057,2.566366614286344,177.38345864661653,0.1667137769235117,3.128016528633614,25.95018796992481,9.964285714285714,206.2706766917293,0.7538230147600672,0.0700259707753889,320.27255639097746,0.3010080417208434,0.5594394478099738,16.33080918698158,0.0378120748315193,4.97744843378923,0.4202211690363349,4.30131720278139,trainval/2365
2374,2374.jpg,trainval,calibration,0,benign,ground_truth,0.6319377280991936,75.82726128837018,78.31347265956222,2773.5,47.91810722655658,217.5807358037441,0.0784498777010074,2774.0,0.8580223014064308,55.0,121.0,22662740.0,2.1246712549616973,34.75,3.604309242291043,184.0,20.53189806052597,86.47656813266042,85.0,30.0,154.0,14.190713668080996,90.3863772267476,0.6719778233398761,22662740.0,0.2721038752573724,691.50035217326,9.879588839941263,72.84573012572878,5.833117708982726,4.487090872238071,0.276064610866373,0.8840833091232856,0.2643171806167401,0.8648325379143679,0.2062010388971905,0.8697993147332356,0.8690161527165934,0.9945053057379548,0.9671235111763749,-0.5010868030907222,0.9388764464422892,0.2540381791483113,2.9709985315712184,0.1677725703541264,3.18987260634984,0.8945079720180772,0.302129221732746,5.941997063142437,2.8849994903281324,1.190788870776111,180.631299734748,0.2395640580036445,1.376861864925525,11.323607427055704,25.22546419098144,224.3129973474801,4.682915982484948,0.1839857344352418,125.91246684350132,0.1669926615961556,0.3475366920915751,4.251377464865453,0.0630077756933538,5.191297387640254,0.2718096611391492,11.690091395844618,trainval/2374
2384,2384.jpg,trainval,calibration,0,benign,ground_truth,0.575887680016848,316.63674800447666,325.0984466280945,44760.5,182.34720221637733,878.0214280248125,0.0196159879363459,44761.0,0.8541758365209038,37.0,139.0,423375869.0,2.686019658561285,59.0,2.678262348517492,249.0,32.13937561890764,89.07600366390385,89.0,2.0,247.0,23.95201508898407,97.25527367518428,0.1563444033256543,423375869.0,0.1716480453069414,1524.0538289031836,19.18577199281867,259.8434952373842,3.716958571962589,9.992949808057398,0.2192549371633752,0.9570602151771416,0.1423698384201077,0.5992064738010271,0.1989857662716076,0.9360364569975208,0.9349775699849096,0.998004601986568,0.9875349067999096,-0.7429920843691817,0.9907264113952589,0.117375435474908,4.091741472172352,0.1339392194858001,3.376942275733348,0.9705912141407036,0.1967235188509874,8.183482944344703,3.1960186371954067,2.553051186305193,935.1131087449816,0.163224490966134,3.086391606023635,21.470413684761738,116.15168441263748,2184.473381043812,15.331838183317068,0.1148718029084366,399.6664339326235,0.0697619888170053,0.1922080535770513,5.066674822656472,0.0214641132784646,6.976214234171467,0.127990884922142,55.10783441836085,trainval/2384
2387,2387.jpg,trainval,calibration,0,benign,ground_truth,0.9028133533149104,64.53418364189523,68.65857557508748,2882.5,58.26232273717965,216.20815280171377,0.0750071648921817,2883.0,0.8802732886183935,54.0,107.0,19888982.0,1.7910885167114532,29.0,2.5370886844068194,140.0,16.621166889184614,80.5598335067638,82.0,25.0,115.0,12.228924282229311,83.05847561291486,-0.0789193231048827,19888982.0,0.3249352809037971,408.8235965036709,8.017749378771743,18.256965993164464,-0.2338912061199652,2.682298469571314,0.1412850550230742,0.8999250039586696,0.1412850550230742,0.5875943863394983,0.1213235882502011,0.929357472488463,0.929357472488463,0.9945659594221896,0.9764524908294876,-0.6147032484791456,0.9426795742874784,0.1412850550230742,2.7170749023784166,0.247405799440967,2.473362507186987,0.90243241923493,0.3713170039048633,5.434149804756833,2.332077452163914,0.705895881148597,140.73706896551724,0.3033126486325803,0.8214922711058263,9.012931034482758,66.95474137931035,500.48706896551727,13.961724137931034,0.1967953783524904,40.35775862068966,0.0869779280618311,0.2085913524649609,2.0823571665778307,0.038844124202558,5.589474171066722,0.1609434616718695,28.34887317925089,trainval/2387
2394,2394.jpg,trainval,calibration,0,benign,ground_truth,0.8405676905242742,119.02652792695892,120.3536455617361,6776.0,100.04985369068687,488.0315292925776,0.0720235432840285,6777.0,0.5979209219475442,53.0,142.0,73065135.0,2.452598368335269,48.0,2.5431733238842607,227.0,27.24733600479135,98.36077910579904,99.0,27.0,200.0,20.358594165248288,103.83322728342829,0.1919754167395277,73065135.0,0.2036448830291608,1106.496221792286,13.51492312330419,129.75732831889826,3.282473495386041,7.057228687072535,0.2574615616520952,0.9296042476448032,0.2547482665058788,0.8287977198420655,0.192564882364345,0.8730780826047633,0.8728971962616822,0.9968625605495622,0.9745498396689232,-0.5761426051332872,0.9699032013771328,0.2523741332529394,3.4372927343985524,0.1218377382608607,3.4912349790340715,0.9317342919010811,0.2004823635815495,6.874585468797106,3.226157991026425,1.8286725621811573,368.9967105263158,0.2023008281394275,1.888243257540782,15.56688596491228,24.26370614035088,295.5131578947368,4.92828461610237,0.1377391676598352,285.5997807017544,0.1565788271391197,0.3274462668591162,5.879558882672885,0.0385853644381829,5.487284639735204,0.2691456396635679,10.459059217740077,trainval/2394
2396,2396.jpg,trainval,calibration,0,benign,ground_truth,0.7857327694602104,49.15221061179855,51.10772935672255,1474.5,38.620502569100026,149.05382386916256,0.1010877069305951,1475.0,0.9132384713706804,50.0,174.0,16328458.0,2.6235817255323592,53.0,3.4203476278517453,254.0,36.61334926745188,94.72949152542373,78.0,34.0,220.0,25.406928961332586,105.21473764140246,1.1095154371544995,16328458.0,0.2074948577994829,2096.464452283826,14.301331464611073,624.3849312989321,54.03012863245023,13.90926417096648,0.2620882971268395,0.9630115336250468,0.2466713384723195,0.8424402658235788,0.2012415479031138,0.8792338238729268,0.8782060266292921,0.997413872700946,0.977692128007475,-0.6217946956362884,0.9808967899422402,0.2331814996496145,3.299929922915207,0.1429638825553238,3.628790582352006,0.9660945123119564,0.314646110721794,6.599859845830413,3.3453052063547406,3.54283811702333,65.16966580976863,0.1675312745752407,3.577031608302879,18.72493573264781,30.70694087403599,308.2365038560411,8.504722920516393,0.1524546169510363,72.20308483290488,0.185612043272249,0.4163660160690393,9.109893508407998,0.0458533277351753,5.526421265732077,0.263728813559322,16.329392483528395,trainval/2396
2400,2400.jpg,trainval,calibration,0,benign,ground_truth,0.7942411903856362,193.5756187217436,214.76731594914529,22841.5,153.7457298431937,655.6711395993672,0.0287052575180862,22842.0,0.8171112207815492,61.0,119.0,197208201.0,2.032962740403131,30.0,4.392282870041188,231.0,18.481622631490165,89.77782155678136,89.0,11.0,220.0,12.69904732095,92.91705193091546,0.323049134465144,197208201.0,0.293326277481176,573.521296051163,17.687896965419903,51.090139774041305,1.2805141673204936,3.714612770473741,0.2859474241354975,0.8570463084041019,0.2283433309809456,0.8176612154044138,0.2338067473320238,0.8925870383439191,0.8911643560578241,0.9972493409134406,0.9796323633435488,-0.5282461378440887,0.939519466443824,0.2018116080530071,4.102527346506704,0.1972698476017598,2.9853118702223886,0.8831551225031974,0.3451393789696542,8.205054693013407,2.70824300250114,1.0001400486523098,1246.1316322397731,0.2523555350829836,1.4417344533536225,19.6897529364115,44.333333333333336,759.3185500202511,3.234965689854013,0.0738053408307354,663.8772782503038,0.1344425431855617,0.317953454737039,7.326665481738835,0.0219333992292058,5.633680068544442,0.216180719726819,22.935683151516223,trainval/2400
2403,2403.jpg,trainval,calibration,0,benign,ground_truth,0.6066074780828943,116.37877109006372,115.31695452100702,6376.5,70.59623283332999,331.13708498984835,0.0519308531310042,6377.0,0.8548468046316511,12.0,63.0,11845133.0,1.7544484988718836,26.0,7.7254934283797665,197.0,16.462361637617388,36.96675552767759,35.0,0.0,197.0,10.951069415974082,43.09846099853467,1.383890407177851,11845133.0,0.348997835520563,490.9363261991324,4.748374821626764,68.4016311263067,7.390924127444418,3.027255925719606,0.1799587759632154,0.8877787783469615,0.1799587759632154,0.6799868546063599,0.1475736149170367,0.9100206120183923,0.9100206120183923,0.9972314034467198,0.9800045804485316,-0.5467279067548125,0.9225492811918092,0.1799587759632154,2.009116854288885,0.2520226946138328,2.53114989661048,0.9399550719848908,0.4084350721420643,4.018233708577772,2.3511911206472664,0.8018036754207054,359.1792531120332,0.2980740689726416,1.0906423787469224,6.317842323651452,57.37510373443983,208.75435684647303,30.38899533900697,0.3598993493663025,133.83983402489628,0.1110704016804118,0.2501023342989207,1.953182435292212,0.0777477718004544,5.485521226170658,0.1889603261721812,29.36861004459289,trainval/2403
2409,2409.jpg,trainval,calibration,0,benign,ground_truth,0.5590875912694095,64.81853491060826,68.0294054067798,1783.5,36.23923855278411,178.99494936611714,0.1003616200538924,1784.0,0.8363743628099072,35.30000000000001,79.0,7104716.0,1.7761222494889302,22.0,19.796513141571705,251.0,16.009478875505238,57.33408071748879,54.0,0.0,251.0,9.02771721689281,63.10676766845643,3.144895350894116,7104716.0,0.367342244967725,695.267313841018,8.846153846153847,356.2588624898784,27.387924734487022,4.302195636671363,0.5017221584385764,0.7911195903688046,0.34902411021814,1.0926007564735811,0.379904328925012,0.8459911978568695,0.8401686312606824,0.9960033152990668,0.9718324848706594,-0.3386553517930877,0.8358023117905975,0.2580118637581324,2.809988518943743,0.2213820502714723,2.9414694391214256,0.870119632333363,0.370264064293915,5.619977037887485,2.465116933414228,1.2009794487774852,155.51272727272726,0.2827504132231405,2.2915338842975204,12.06,21.901818181818182,159.20727272727274,3.996419820452042,0.1754135708815067,117.06545454545454,0.2128462809917355,0.4512943574465963,7.113101268949559,0.0637750375635218,4.7712888789794565,0.3082959641255605,11.380641322314052,trainval/2409
2411,2411.jpg,trainval,calibration,0,benign,ground_truth,0.7891066217465658,361.1547253074217,376.2685211388271,79688.5,284.98958521514845,1095.6122650963202,0.013748687264741,79689.0,0.9133681696245994,13.0,82.0,185749427.0,1.822623848266232,31.0,7.681319600964801,250.0,24.80965555369642,34.81982456800813,17.0,0.0,250.0,14.85826115167322,48.27969889355066,2.078111931001757,185749427.0,0.407147017330579,1118.5091423050542,5.252326445292331,389.3337809107632,39.49959561512203,7.408731918188747,0.2021205596061098,0.9468862232724105,0.1452784808532607,0.6230920270106249,0.1810147226070785,0.9343705570576484,0.932652332299671,0.9983957688174496,0.988226234497348,-0.6585630573841116,0.953371986856508,0.116070574087366,1.857598881795172,0.3669923900107779,2.4402207335727875,0.9525636349677506,0.5818316900255626,3.715197763590344,2.234926153242049,1.9027131194487128,1912.8758500097144,0.1858243491363624,2.9124283183403468,12.483679813483583,448.5114629881484,701.0428404896056,419.864229185223,0.2743382590642834,1843.264037303284,0.1790619814749643,0.4193386760610281,6.406819321467896,0.0796488508066709,6.018548562781543,0.1291771762727603,388.58365036453614,trainval/2411
2412,2412.jpg,trainval,calibration,0,benign,ground_truth,0.5724163634252413,112.65096547141002,117.42657280190032,5674.5,64.48325599148694,305.66399692442985,0.0538662431799153,5675.0,0.8736237748746264,70.0,126.0,61372260.0,2.049214168721685,29.0,8.463445568102534,249.0,19.219986881173707,100.24140969162995,99.0,22.0,227.0,11.907412424934687,103.99276491268526,1.4759900133392423,61372260.0,0.3049587455607522,766.154937219818,21.4369762881084,152.32800795232518,11.505784099039618,4.509863089975135,0.6694597967552148,0.7414875220579893,0.3642360492066322,1.1218094927196856,0.5367918972135587,0.8531318713971592,0.8458544727324943,0.993816367314592,0.9689458042996998,-0.4037198565634807,0.8994779891482186,0.226888779937006,4.525138170796934,0.1885587851147588,3.273457758370976,0.8077298597517069,0.2972009270814762,9.050276341593866,2.762652893310815,1.2948307216825874,367.2072015161087,0.2319691734151033,2.210390803423456,25.448515476942514,31.074542008843967,632.1604548325963,1.7887639479179052,0.056437153117488,374.20151610865446,0.236387565450824,0.4960726315574498,14.67038705527662,0.0263207756542108,5.204604073651177,0.278942731277533,18.22256612324009,trainval/2412
2429,2429.jpg,trainval,calibration,0,benign,ground_truth,0.7475601484420372,108.63817454262994,114.54256850621084,6701.5,81.2135698875604,333.66399692442974,0.0497894496641691,6702.0,0.8697242814417013,28.0,120.0,46298969.0,2.4937655846298705,56.0,2.292920175668993,193.0,29.15210521211616,75.41226499552373,78.0,0.0,193.0,22.14678132100364,83.11577300292687,0.0889505025797573,46298969.0,0.1967280664047245,1221.2220101189746,14.297579425113463,137.59857053822503,1.3633492902598512,7.726705743143497,0.237821482602118,0.940279824310638,0.2332829046898638,0.7981670773661829,0.1834005689815779,0.8841149773071104,0.8838124054462935,0.9963473689254592,0.9741301059001513,-0.6043393145284647,0.9748771276871944,0.2293116490166414,3.5249621785173977,0.1257580317723341,3.468105980483491,0.9500859340393354,0.2157337367624811,7.049924357034795,3.2196650990904447,1.991131806436404,300.9814700432366,0.1859057875498681,2.196268752663419,16.630636195182213,32.48795552810377,392.86658431130326,6.044195849947968,0.156636956409082,230.9147621988882,0.142628018652803,0.3155630121059405,5.7889168907320725,0.0475878568891054,5.751618317925652,0.2415696806923306,15.351730778841898,trainval/2429
2430,2430.jpg,trainval,calibration,0,benign,ground_truth,0.5910369853664169,69.88137758896751,73.43704787094863,2221.5,41.30247874343564,195.3380951166247,0.0879307202865742,2222.0,0.8553446484463609,13.0,65.0,4275607.0,1.83076262216542,26.0,7.785844317838884,166.0,17.931694429568967,36.236273627362735,30.0,2.0,164.0,11.383156360064763,43.8658816343312,1.8619726380891275,4275607.0,0.3322652697312935,611.1480451600515,4.707070707070708,113.3903947369596,13.30767437639794,3.930871449278662,0.1689623507805326,0.9175759998963404,0.1689623507805325,0.6553255632367829,0.1404140747992488,0.9155188246097336,0.9155188246097336,0.9966207529843892,0.9788797061524336,-0.5836685378163909,0.9370178962830036,0.1689623507805325,1.9407713498622592,0.2496960168510381,2.5524884888467025,0.9563392365627188,0.3521579430670339,3.881542699724518,2.383526138066172,1.0249584500147988,114.54368932038837,0.2780186633990008,1.348683900461872,6.949029126213592,57.31553398058252,193.5995145631068,35.043070209475374,0.3585153308896374,45.95145631067961,0.1115326609482514,0.2472163924114004,2.234423338620489,0.0609805272842461,5.431556698132733,0.1854185418541854,28.228885851635404,trainval/2430
2431,2431.jpg,trainval,calibration,0,benign,ground_truth,0.3056302045157011,344.1934394535473,320.4777683397087,26577.5,105.19591129315025,823.546247918339,0.0309865957263978,26578.0,0.7017363967594146,49.0,123.0,227271100.0,2.2508020360055223,39.0,2.750184649447454,207.0,22.73349087952373,88.05959816389495,90.0,4.0,203.0,16.44741221896787,92.47215068884954,-0.0326021413699731,227271100.0,0.2406461470090512,796.605824234645,17.47217703801778,72.99836147357676,-0.5733659681015334,5.130528097994127,0.2419519576319273,0.9099291369621536,0.2381690940041611,0.8046865370160001,0.1852274402931644,0.8815459302692139,0.8812937393606961,0.9970526227809258,0.9762174802689272,-0.5560243702194434,0.9581849364220736,0.2348590883298657,4.031132967656516,0.1486815389421913,3.2494268706448395,0.9160417006785866,0.2526196330622281,8.062265935313032,2.994968739173113,1.3431200139065136,1519.3293160118951,0.2378039311334943,1.3917910099484505,19.02285177649084,35.01299107841603,545.0611989356706,3.621049446576716,0.0803579392299635,935.1953357332916,0.1463758547086072,0.3262344218073426,6.446474242120719,0.0257080282020662,5.5264669950462935,0.2403867860636616,17.707703614178197,trainval/2431
2432,2432.jpg,trainval,calibration,0,benign,ground_truth,0.934248016057354,217.8494928994169,243.9446658568291,33971.5,203.52545654038084,745.3868683519054,0.0219415353561634,33972.0,0.87655779526895,35.0,105.0,178709981.0,2.182932275905124,33.0,5.033045279849602,243.0,22.01914865226762,66.50685858942659,61.0,0.0,243.0,14.510869054440066,72.52936022675013,1.0124080137354867,178709981.0,0.2723548357102085,837.3458554676986,11.569114119006011,145.50136730875164,12.467074615896214,5.407102184500703,0.1114237478897017,0.9596182932707764,0.1114237478897017,0.5041955318254829,0.0990084962959139,0.9442881260551492,0.9442881260551492,0.9988967945753494,0.9898705683736634,-0.7280990583367335,0.9789150326627598,0.1114237478897017,3.200811539258952,0.2218329258647258,2.7746082481077234,0.9674319586602814,0.373337677339099,6.401623078517905,2.663184500218025,1.379631483097601,915.513220851171,0.2305497911989854,1.8137221372198504,13.402165701334676,131.171493326618,1356.2226139511458,20.70540615901733,0.1483442690594616,245.9644925711408,0.0619401895167818,0.1264206349774396,1.7738463987257544,0.0199723788964685,6.698783307951076,0.1168903803131991,57.983058995902105,trainval/2432
2439,2439.jpg,trainval,calibration,0,benign,ground_truth,0.4844987628576137,364.8675051044899,356.97618968216915,49052.5,176.7778548300694,1009.872149726144,0.0205875775898505,49053.0,0.7774439886374318,68.0,144.0,599614286.0,2.359892360502601,42.0,3.5060616904630386,255.0,24.46191714985356,106.2511569119116,106.0,11.0,244.0,17.455328410387406,110.56131592343218,0.3054757190193215,599614286.0,0.2264096639818958,934.4962336013136,24.267849106010388,125.60493023763748,4.120217115704724,6.023021878151735,0.2181784706026758,0.9300844522172026,0.217196514054253,0.7591273147318922,0.1710041448853564,0.8915654023976106,0.8914999386277157,0.998212038223866,0.981906585088738,-0.597634442144184,0.9695005879157456,0.2163373020743832,4.776676486232152,0.1479704236312758,3.299531721728413,0.9358531361748992,0.2383699521296182,9.5533529724643,3.0770607454771333,1.5603000871886026,2230.9895949461165,0.2072639906118651,1.8785942060746967,25.405239687848383,41.06512448903753,950.624767744333,2.320344612291184,0.0586482481752501,1422.9630248978076,0.1321964906073771,0.2910210745316937,7.663398430662887,0.0181738389629398,5.893454997739459,0.2194361201149776,20.297646046091952,trainval/2439
2446,2446.jpg,trainval,calibration,0,benign,ground_truth,0.8050691620575425,243.28469545638924,256.1640099623677,36401.5,195.8610059124997,757.6955262170076,0.0208149534007391,36402.0,0.8926266503636834,1.0,21.0,13139461.0,0.5704808104550947,1.0,34.24386673876062,213.0,9.50866328386609,6.968380858194605,1.0,0.0,213.0,2.3539527573145635,18.99879918939552,4.896349352668397,13139461.0,0.8366414666524947,312.3960388541228,1.6790795325837733,104.78585720142306,10.790182111874088,1.471792059364264,0.0178457968452167,0.9760400868293888,0.0178457968452167,0.129168174173787,0.0175273243801759,0.9910771015773916,0.9910771015773916,0.999782368331156,0.9982154203154784,-0.8083893772938294,0.7711338631949212,0.0178457968452167,1.1469930108566535,0.8315389820142538,0.6655345247852053,0.9815658476215467,0.9104947650487584,2.2939860217133075,0.6476887279399911,0.3724094640523702,238.3639575971732,0.2807584895137492,2.104103629157007,7.36866902237927,6954.98468786808,7172.137809187279,6929.079853117773,0.4354120032059413,51.551236749116605,0.0607199490566744,0.086614580223024,0.9825645807671104,0.0175540193599082,6.603050030983063,0.0233228943464644,5116.605434787132,trainval/2446
2456,2456.jpg,trainval,calibration,0,benign,ground_truth,0.6073899054649171,133.69226832140774,131.10682667199293,8478.5,81.20333421713018,367.078210486803,0.0432951831676361,8479.0,0.8892130718753735,55.0,124.0,76925755.0,2.25333417015704,37.0,4.982972348475856,255.0,22.38028882217503,90.63533435546644,90.0,15.0,240.0,15.363024733212171,95.24968894073616,0.7794879082566122,76925755.0,0.2516524282096888,857.7394095797972,18.53901131625968,152.55338485606853,10.009578901258587,5.519993444579203,0.2410958904109589,0.9163019781878208,0.2396664681357951,0.8003152600749996,0.1836558744622728,0.8804050029779633,0.8803097081596191,0.9980243665726088,0.9800369572853196,-0.5580495158372442,0.958523356824181,0.2384157236450267,4.149612864800477,0.1601602388897501,3.2433694999300045,0.949306006691311,0.2736152471709351,8.299225729600954,2.9982611171834943,1.4402723337475405,457.3483253588517,0.2188269499324649,1.8416693757011056,20.41818181818181,31.832057416267943,538.1923444976077,2.488453669114266,0.0775195950651985,309.5157894736842,0.1480936791740116,0.3235386653822285,7.14404545677277,0.0251808648272504,5.609092006638533,0.2464913315249439,15.373313110963576,trainval/2456
2475,2475.jpg,trainval,calibration,0,benign,ground_truth,0.3678453225109106,264.7275929238701,251.7339865810733,20015.5,97.37880679661804,627.6051224213844,0.031355955255746,20016.0,0.7991010000978657,103.0,171.0,407442920.0,2.2087950520256263,33.0,3.722352732433812,252.0,21.357975490111507,139.94564348521183,143.0,35.0,217.0,14.303999507100972,142.67396858204808,-0.1656199300281502,407442920.0,0.262469955091083,771.0781804612267,27.38164105654314,90.25164162626896,-1.7501374838222628,4.976107566845964,0.1741488400120518,0.9323727495275156,0.1741488400120518,0.6671081324450235,0.1438210215345086,0.9129255799939742,0.9129255799939742,0.9982757540592868,0.9841682872716316,-0.6320299304073004,0.9687097615921088,0.1741488400120518,5.1167520337451045,0.1873949087836761,3.016177826035515,0.9379668875101426,0.3091794717284322,10.233504067490204,2.842028986023466,1.287564101714504,846.0873949579832,0.2369992702963538,1.5440796710841198,28.302240896358544,59.003361344537815,1585.524649859944,2.761146861698824,0.0478985647610014,358.6162464985994,0.1004527301116525,0.2126843759834246,6.252564298624052,0.0102929919568438,6.05405320040757,0.178357314148681,27.56802203234235,trainval/2475
2480,2480.jpg,trainval,calibration,0,benign,ground_truth,0.1732356068063212,380.9131023653666,315.07776817795315,14006.0,65.98771242874263,725.8132752230985,0.0518215961175994,14007.0,0.5780123073812624,0.0,70.0,22720385.0,1.639970048243531,39.0,6.938026878581267,198.0,23.757600348007006,25.977225672877847,13.0,0.0,198.0,16.378820004180206,40.27497493548712,1.778113717926878,22720385.0,0.439228258872838,947.2573523944918,4.094912078408764,218.2669284710067,23.993473030684903,5.040514065776016,0.087272989334102,0.9659607591359978,0.0871288555779763,0.4274104803941631,0.0796815518597741,0.9564595945036992,0.9564499855866244,0.9986575342823116,0.9903206175330704,-0.7308558217404921,0.95218460581954,0.0870027385413663,1.6901484577688095,0.4091925499426165,2.059040075178157,0.9728012055791035,0.6132891323147881,3.3802969155376186,1.9714256829877064,1.2819467637775297,325.2823002240478,0.2429292757461148,1.7469905255167406,8.677371172516803,544.4548170276325,819.6706497386109,514.6679220836953,0.3086973549066129,124.99253174010455,0.0933476712024679,0.2096548918170665,2.31993829358796,0.0422826748526127,6.092434943644683,0.0955950596130506,435.0266553852624,trainval/2480
2492,2492.jpg,trainval,calibration,0,benign,ground_truth,0.5334115853714034,57.26380099207974,59.00847396772772,1310.5,30.5451748715778,158.3675323681475,0.1208451219901926,1311.0,0.8103213747274204,53.0,147.0,13317540.0,2.346419995340653,63.0,2.1629702105572783,192.0,32.05874484573121,93.8230358504958,82.0,42.0,150.0,25.807826384378323,100.78842511000758,0.5955824279292659,13317540.0,0.2370826911406796,1355.5445799521851,12.423529411764706,144.09114759971817,14.431179632810924,7.879691810841984,0.2980392156862745,0.927109557719752,0.268235294117647,0.8944001199593621,0.2260890426758939,0.8704575163398692,0.8688627450980392,0.9941243318407388,0.9668714596949892,-0.5470704124946907,0.9592462934049886,0.2458605664488017,3.244705882352941,0.1656030757400999,3.3565107853821754,0.9374324301676517,0.3435294117647058,6.489411764705882,3.033169127648522,2.0444327566320646,63.02770083102493,0.1745919690610108,2.427252706777879,16.850415512465375,34.3185595567867,306.69806094182826,6.706382952996526,0.1485906809630592,75.59279778393352,0.2093983318114501,0.4280373855403869,8.351000419996444,0.0569081960354287,5.2294831402739055,0.2753623188405797,21.130193905817173,trainval/2492
2506,2506.jpg,trainval,calibration,0,benign,ground_truth,0.9725870961798512,37.58592525691928,40.80441152620633,1048.5,36.555585902860045,127.98275605729698,0.1220627144084854,1049.0,0.8968869214743423,5.0,42.0,750729.0,1.1836533775002522,21.0,6.209910068039347,107.0,12.216637389460752,21.743565300285987,18.0,0.0,107.0,9.016692908471793,26.751851944482,1.356779912502576,750729.0,0.5072359985132693,242.8789504916844,2.2304648862512364,12.467445478388022,2.5662883461767176,1.3200609321205612,0.095944609297725,0.8644855454426734,0.095944609297725,0.4560068761510585,0.0867392412444319,0.9520276953511374,0.9520276953511374,0.9963098227193182,0.9840092317837124,-0.5904721848549805,0.857995578041201,0.095944609297725,1.3872403560830862,0.4566792972651965,1.590297771058352,0.8764315192516432,0.6221562809099901,2.774480712166172,1.4943531617606285,0.3540013853545715,52.214814814814815,0.3867764060356653,0.6713854595336077,4.466666666666667,121.1037037037037,180.3851851851852,107.8586316872428,0.4394814814814815,11.622222222222222,0.0860905349794238,0.1861366823476666,1.5783963225824629,0.0370911924713067,4.801508552096147,0.1286939942802669,60.72504801097393,trainval/2506
2512,2512.jpg,trainval,calibration,0,benign,ground_truth,0.5005789992112477,285.54825334541863,289.79475495598604,31147.5,142.93945888616946,759.4873734152935,0.0243835740722463,31148.0,0.8237510310914842,78.0,179.0,556540814.0,2.7110912668071587,58.0,2.639944944541221,239.0,33.08531291158097,127.61576987286504,129.0,4.0,235.0,24.630841212044253,133.6698394522717,-0.2374746234651465,556540814.0,0.1721168735899474,1581.84125895205,34.19277186189093,270.90305616569754,-6.954861916578641,10.207835356022056,0.1826395611487576,0.964844809769583,0.1817360438851242,0.6874365022603894,0.1496115715017418,0.9092825642680432,0.909222329783801,0.9981922036123486,0.9834853862927434,-0.6861044865113717,0.9876788749462344,0.1809454662794449,5.629073894804775,0.120133861582513,3.5518345202047903,0.967809197106314,0.1938044530493707,11.258147789609552,3.365402461851017,2.597618729292704,931.3871191135734,0.1612512325335134,3.046407494523139,34.58777700831025,55.8957756232687,1892.8445290858729,2.467174263353708,0.0613619824981906,624.0318559556787,0.1080387562250136,0.2281031959577816,7.969800013011136,0.0180080323424162,6.4595716836004,0.1854372672402722,26.81500151548868,trainval/2512
2517,2517.jpg,trainval,calibration,0,benign,ground_truth,0.5074143369123284,341.5111524728665,350.65652710308984,45143.5,173.28765498018464,973.8132752230983,0.0215715058695736,45144.0,0.773440402856814,94.0,162.0,764132577.0,2.235177926472565,33.0,3.660091685343504,254.0,21.52451662526412,127.08477317029948,125.0,38.0,216.0,14.45288072206421,130.10210968585503,0.3057296161370113,764132577.0,0.2567682661353675,776.0193729637884,22.288693059171724,87.52172727586661,3.0123883640502807,4.9902219319324495,0.304626477067895,0.884934769218291,0.2720030264592652,0.8898546768265614,0.2306408306648953,0.8682967265282506,0.8671554656156628,0.9970196009586936,0.97550227772539,-0.5096147415446588,0.9472211090940054,0.2534756251344475,4.595355720230544,0.154425083115115,3.327008511598235,0.8927212543127127,0.2657498275363286,9.19071144046109,3.003303600739212,1.323712102250086,2800.0749054224466,0.2353993194974734,1.533896895580479,24.138545607398065,27.98974358974359,581.4153846153846,1.8018471107816345,0.0576096375350538,1936.288440521228,0.162781710005988,0.3576761564021075,9.273928604989525,0.0201706831764721,5.447434762964429,0.2634901648059543,13.586139290460295,trainval/2517
2518,2518.jpg,trainval,calibration,0,benign,ground_truth,0.8708366675594859,189.69945797063207,214.61826576505555,24065.5,165.19724381698595,644.3158005400397,0.0267734225567737,24066.0,0.8535001366488596,53.0,130.0,216859393.0,2.385757265013148,36.0,5.461544374365825,255.0,24.700621191250367,88.7365993517826,84.0,4.0,251.0,15.39916067128902,94.92643317563966,1.1429552770951168,216859393.0,0.2427201998570525,1136.8436509303976,18.41553276114716,290.8879415665622,22.383748358510505,7.288409218181339,0.2073686414067406,0.9446705477960532,0.2072011722838601,0.73700123990871,0.1644363156109347,0.8964273253785502,0.8964161607703581,0.9983003229271408,0.9827343091630304,-0.6166037663476598,0.9728819751113243,0.2070546368013397,4.079861837973625,0.1630941200046679,3.2846611673800767,0.9644094884649764,0.2919405484613774,8.15972367594725,3.0765151872788743,1.87394446489702,1110.6497659906397,0.216585367782886,2.20882745703744,19.68116224648986,44.44344773790952,751.090678627145,3.860852573167057,0.0930536481793754,655.4052262090484,0.1278091314760234,0.2776287974855597,5.694947919858252,0.0275854167531604,5.960945577227297,0.2130806947560874,22.418656952986385,trainval/2518
2523,2523.jpg,trainval,calibration,0,benign,ground_truth,0.7966117795737744,244.32406675946865,254.27544120500508,37100.5,194.631429613962,755.0681092190378,0.0203519658554207,37101.0,0.9042919928665792,14.0,64.0,51273108.0,1.3896008027945344,14.0,9.02170893964222,199.0,17.846538051183927,27.111452521495377,14.0,0.0,199.0,8.989922934709082,37.17508875663973,2.4155699719852355,51273108.0,0.5445104523942155,646.9563662387433,3.3512048356056705,140.02771500936586,19.427541406791207,4.217848051665996,0.1684059306643536,0.9232119565612188,0.1069850649174639,0.4957096815657433,0.1569601265489597,0.9541475799383804,0.952322670194704,0.9975839615046124,0.988725327624306,-0.6669409809882736,0.9163835294500464,0.0754780039573902,1.5293280568129457,0.5158168298553026,1.8299452428443888,0.943732960378125,0.7067736426964465,3.0586561136258914,1.6715130917680765,1.0965634955825874,690.2101534828807,0.2037220051602363,2.27852617893001,10.372786304604489,955.1703069657616,1161.4120425029516,929.6849406560636,0.3046412621276374,584.5838252656434,0.1725454029709691,0.4126735597629902,5.563740195346788,0.0824641218382568,5.916145142590028,0.091318293307458,835.2522928866241,trainval/2523
2528,2528.jpg,trainval,calibration,0,benign,ground_truth,0.6108783765067425,57.71879461239442,60.07495318350236,1583.5,35.25916354674562,160.1248916810282,0.1011208662336774,1584.0,0.8809578238115149,23.0,74.70000000000005,4792019.0,1.8819665733588848,27.0,16.240605060671182,236.0,18.78987316345271,46.88320707070707,41.0,0.0,236.0,11.217571415489672,55.002404676541374,2.9188536284888995,4792019.0,0.3489280430568309,827.2294149672227,6.951581665590704,396.96094516873126,31.66416154614665,5.091389892727393,0.4790187217559716,0.8280130759131394,0.3098773402194964,1.0296227617726448,0.382994755774462,0.8676242737249837,0.8611306666978256,0.9954480441225202,0.9730205236983804,-0.4273294077606822,0.893973633556014,0.2091123305358295,2.4080051646223364,0.2391442697573269,2.9541031212045934,0.8642632212620031,0.433828276307295,4.816010329244673,2.512685451490694,1.3926021536208415,96.22781774580336,0.2307621528676339,3.014313728873017,11.434052757793763,33.66426858513189,176.2494004796163,9.35871327163515,0.280017012089497,88.13669064748201,0.2113589703776547,0.4604460076235778,7.644218280323811,0.0948154711629211,5.0890007469279,0.2632575757575757,19.23520176664424,trainval/2528
2531,2531.jpg,trainval,calibration,0,benign,ground_truth,0.6301433491519718,264.2868619009803,264.7413832403238,33999.5,166.53860829514835,731.1269837220833,0.0215040510514002,34000.0,0.8940223673476292,8.0,70.0,66260669.0,1.9025653895699663,41.0,4.196970755254329,177.0,20.87034685294118,35.60879411764706,32.0,0.0,177.0,15.935453017844551,44.14570427439518,1.0373124519128136,66260669.0,0.3066925847750865,680.8569873693773,4.92048947741783,69.77864093013696,8.810926174573902,4.111315482966451,0.1295223457082052,0.938916624053656,0.1280444549538898,0.5565542649121972,0.1131269632637665,0.9362240876487744,0.9361255615984866,0.9980093547141105,0.9857892593468378,-0.6719240559668115,0.9599157102975636,0.1267513005438637,1.9811716717900207,0.2509833779016352,2.5140130306909128,0.9393777424554852,0.3748522109245684,3.9623433435800415,2.379383630628579,1.060209457168664,1136.9369832402235,0.2540641303330108,1.397074997659249,8.133854748603351,229.4922905027933,559.2446927374301,176.71450087630956,0.297596415903419,479.55508379888266,0.1071631472176274,0.268283184180491,2.761425764183393,0.0608649882243803,6.047566832482537,0.1316176470588235,171.7662519896383,trainval/2531
2540,2540.jpg,trainval,calibration,0,benign,ground_truth,0.6311185556191901,124.78645663817532,122.20065466273084,7663.5,78.7550482743219,346.9360748630719,0.0452712304903858,7664.0,0.8944767411182631,25.0,100.69999999999982,35543048.0,2.265603998308452,42.0,2.996061806123957,196.0,23.64257443907148,61.64326722338205,62.0,6.0,190.0,17.408086097989255,68.10038795226085,0.4078465282240044,35543048.0,0.2323065216112202,837.7704452751469,10.181015161502966,91.07393757436034,4.701959552140728,5.547508131312494,0.1495056031641397,0.9475143960916304,0.1495056031641397,0.6086016923290447,0.1271536777866665,0.92524719841793,0.92524719841793,0.9976999137974748,0.9833882663150956,-0.6767916010456573,0.9763129382576464,0.1495056031641397,2.9717864205669087,0.1719823281647806,2.992890291140391,0.9525947818604216,0.2545814106789716,5.943572841133818,2.843384687976254,1.4242534336191588,277.35284418796374,0.2286503249694672,1.5094581984532771,11.494641384995878,77.38169826875516,709.7988458367684,19.12999695989965,0.192810425557967,110.75597691673536,0.0913074830311091,0.1842433216464586,2.4044697513579667,0.0339990928326935,6.100611127770607,0.1582724425887265,37.46180325941351,trainval/2540
2558,2558.jpg,trainval,calibration,0,benign,ground_truth,0.7572082164505133,66.26725768184623,78.60025445251433,2425.5,50.17811199833736,217.5391052434013,0.0896883550787059,2426.0,0.802542856823127,29.0,61.0,5938946.0,1.2007776283257037,14.0,27.115268933491805,255.0,12.06411172180466,44.719703215169005,41.0,9.0,246.0,6.40447412847305,49.47767573070816,4.115707950345649,5938946.0,0.5951229773088871,448.1885400603111,5.917686787674124,182.69152475216225,17.480132934399577,2.670156825508036,0.3524693963697762,0.7667793696629784,0.2233009708737864,0.8299568277103198,0.3026060727766007,0.9059307724778388,0.9011471705609216,0.9971983782338965,0.9821749799377488,-0.3790054502085153,0.7719456558862654,0.1467156793771399,2.310468552131701,0.4950380967331478,1.9376661292421,0.7892025273669884,0.6901646264246517,4.620937104263404,1.6793525158525962,0.755656555469453,127.2808510638298,0.2708103214124038,2.495885015844274,10.95531914893617,89.03829787234042,393.8978723404255,21.517827080969475,0.2366615963359078,116.54893617021276,0.2479764599366229,0.5147733639354473,7.878011168955095,0.1288253451087617,5.047580390628309,0.1937345424567188,62.39512901765505,trainval/2558
2562,2562.jpg,trainval,calibration,0,benign,ground_truth,0.4482882896222616,117.0948519570577,108.26818553942798,3956.0,52.49225090740133,341.0782104868027,0.0862179500724981,3957.0,0.6537009223502538,35.0,104.0,18545334.0,1.999501417329178,33.0,6.667799722429328,247.0,21.19729881160561,62.66060146575688,56.0,18.0,229.0,14.646143440500088,68.45959168522226,1.444113963602064,18545334.0,0.2973331138906755,760.3647176569399,9.907157676348548,128.93702675157576,13.345420137530496,4.609471847506068,0.3179460580912863,0.870948206877232,0.2432572614107883,0.8712488042081648,0.2587719628622096,0.8883255532503458,0.8855741067572895,0.996933521900805,0.9784129684285284,-0.5050399214069339,0.9287879288598432,0.1995983171968648,2.9722510373443987,0.2130019323767669,2.9381800694086966,0.879672202257334,0.3526970954356846,5.944502074688797,2.6086578974837487,1.2318544763993386,215.33690987124464,0.2310481865571294,1.7967026008952085,14.204935622317596,42.86587982832618,323.69742489270385,8.061682145736217,0.1278453675521234,161.0472103004292,0.1727974359446665,0.3919754577806126,7.073795282983502,0.0438930242448557,5.320533973102084,0.2355319686631286,24.83984209508372,trainval/2562
2568,2568.jpg,trainval,calibration,0,benign,ground_truth,0.7390961940275359,33.55805010571685,35.0,645.5,24.80262711212068,98.42640687119294,0.1524808781892996,646.0,0.9150428337694112,38.0,109.0,4522860.0,2.175280780808144,36.75,2.829544719488008,163.0,21.598098323572543,79.13622291021672,82.0,13.0,150.0,15.23377920337391,83.67395813124801,-0.2230235741627273,4522860.0,0.2581113592577327,738.7894928543358,14.847896440129448,64.71162681432793,-2.8083084796110924,4.950568699531844,0.2184466019417476,0.9154784463959806,0.2184466019417475,0.7573208829536608,0.1707276840418512,0.8907766990291262,0.8907766990291262,0.995631067961165,0.9726941747572816,-0.5736463310736438,0.958552685131815,0.2184466019417475,3.6966019417475726,0.1677493428011856,3.1219186516943704,0.918440134960716,0.313915857605178,7.393203883495145,2.903472049752624,1.292253825368398,39.9079754601227,0.2448342052768263,1.3409612706537697,15.208588957055214,23.901840490797547,362.0061349693252,2.572283363243048,0.1191742832102166,22.20245398773006,0.1362113741578531,0.2808334556816749,4.511837804443457,0.0283781755053933,5.116240381089462,0.2523219814241486,8.194964055854566,trainval/2568
2571,2571.jpg,trainval,calibration,0,benign,ground_truth,0.6847143440073036,126.5075230478834,140.51334456200237,8382.5,86.62151565572032,376.1736649163085,0.0448760709712267,8383.0,0.862786467593712,42.0,134.0,82435500.0,2.624351736149188,45.0,5.356904108285236,255.0,29.747168884660592,90.71979005129428,87.0,0.0,255.0,19.48437904523058,99.16476913416832,1.0061076237177045,82435500.0,0.1966172913266111,1603.571130481986,19.17270094134685,386.3851362312938,20.007733304739144,9.465784424539349,0.9500362056480812,0.8175782323104414,0.3497465604634323,0.9661150040944052,0.8277135490920797,0.8692539337723988,0.8664157096103673,0.993514215315217,0.9738156312438282,-0.5799294674662139,0.9758541289136377,0.2234097849443189,4.128409365194303,0.1198145509943255,3.725250414634437,0.931963553680039,0.2180786869418295,8.256818730388607,3.381896201729093,2.6039551575468574,393.57571495546176,0.1845174472365034,3.372134666787115,22.59540553211439,27.11626816690108,485.154711673699,3.110540969976167,0.0992397376141804,315.7369901547117,0.1480248430167424,0.3362654117705722,8.788037382695748,0.0309575584551118,5.820459099663884,0.2544435166408207,11.670225811038952,trainval/2571
2574,2574.jpg,trainval,calibration,0,benign,ground_truth,0.7585265247575554,137.7065075091492,141.94717327231282,11051.5,104.45403857741512,416.9360748630719,0.0377266502160857,11052.0,0.8938117765898766,3.0,68.0,19462011.0,1.8308870386026048,38.0,3.407076525900581,157.0,20.750662252826736,33.23914223669924,28.0,0.0,157.0,15.383733310594826,41.963665711619726,0.8402101002905582,19462011.0,0.323877359801702,656.1086633250458,4.539093898428937,52.47923478514977,7.566792870314248,3.823581498094623,0.1701680672268907,0.9147828052592518,0.1699853854585312,0.6585861430812627,0.1412730359574053,0.9150377542321276,0.9150255754475703,0.9965970522745604,0.9787543640644664,-0.5915244887159622,0.9409073228471008,0.1698255389112166,1.904137742053343,0.2444316017299836,2.578121035898912,0.9165266472401252,0.4011691633175009,3.808275484106686,2.407056431581644,0.9984373913303786,545.4307535641548,0.2777142329756389,1.095039374732974,6.35183299389002,95.550916496945,229.23116089613035,77.60874380862326,0.3724884687411964,228.5773930753564,0.1163836013621977,0.2531772653281618,1.8301762615726105,0.0843964841818178,5.543507626332108,0.177705392689106,63.88450977057503,trainval/2574
2576,2576.jpg,trainval,calibration,0,benign,ground_truth,0.5346376065384596,163.66910669936397,166.86821147240718,11119.5,87.50365947003571,446.0315292925776,0.0401125526590743,11120.0,0.838073294990715,44.0,87.0,51927023.0,1.6779689791689942,23.0,3.294119238778425,137.0,14.142012140287768,65.9625,67.0,6.0,131.0,9.871557925925927,68.33517624876401,-0.0891659482299584,51927023.0,0.372359592541794,318.6449066996404,10.584363636363635,16.654741885480632,-0.3492419034545482,2.255264454545454,0.1260909090909091,0.8941015599634259,0.1260909090909091,0.5466191828834667,0.1101919917355371,0.9369545454545456,0.9369545454545456,0.9965921375921376,0.9819870129870132,-0.6208331246220461,0.9348763299891548,0.1260909090909091,3.1705,0.2977526818181818,2.300810766416333,0.8943657646077207,0.4631818181818182,6.340999999999999,2.174719857325426,0.595338840909091,454.271400132714,0.3014408760004738,0.8731454054932324,10.929661579296615,115.7080291970803,1221.7060384870604,13.400802551058028,0.1482564698075647,120.3868613138686,0.0798851103608948,0.1996908690439552,2.2370166689083764,0.0323250726548738,6.024741518306912,0.1355215827338129,61.25988651059488,trainval/2576
2577,2577.jpg,trainval,calibration,0,benign,ground_truth,0.5256229532325611,869.798894829469,861.0627154859279,309123.5,457.1862638186833,2362.469262920751,0.0076424770776752,309124.0,0.834266445030672,55.0,156.0,3902776472.0,2.7422330400154515,49.0,4.438446751181468,255.0,32.257504602883095,103.8325849820784,98.0,0.0,255.0,20.796868444492294,112.36226285960612,0.8825325748300237,3902776472.0,0.1857789109661431,1844.0724108706945,24.877426315499587,634.8241123531194,36.82912772283738,11.983306293181563,0.1091667827647766,0.9819446721809244,0.1091408631867473,0.4974675222089896,0.0972550547476283,0.945433888336298,0.9454321603644292,0.9991052005030736,0.9909050942189124,-0.78334254892184,0.9931348162305844,0.1091181835559717,4.680693478310173,0.1512625622829216,3.3327612542536,0.985308261357207,0.2541285027879746,9.361386956620343,3.2234536391423494,3.023118268986585,5584.433531426564,0.1634835191728845,3.558675830481971,28.713779677391024,158.1946192804239,3461.5620773441847,13.605884236577078,0.0713529999824214,2047.836324248368,0.0599501251280297,0.1192151146163185,4.008006449627246,0.0077309346566963,7.332051080606751,0.1105025814883347,76.30004072007364,trainval/2577
2589,2589.jpg,trainval,calibration,0,benign,ground_truth,0.5918939464679946,104.37605741086192,111.07204868912793,4952.5,61.77955653768504,291.90663761154906,0.0589412695833516,4953.0,0.8546202983651121,9.0,77.0,12466896.0,2.004412118976572,32.0,8.705913074930043,255.0,20.73202458041997,41.57884110640016,38.0,0.0,255.0,13.621260140965468,50.17010434590245,1.5253974361246432,12466896.0,0.2926862803101016,788.2393423274682,5.981993042766523,190.61505935011243,15.989279501789754,4.6904822468449945,0.2979332924084305,0.8805499301074587,0.2357274401473297,0.8580162531194934,0.2423658663700176,0.8911192960916717,0.8882046467356834,0.997597867686485,0.9807378156595468,-0.5251182176619018,0.9371883204377712,0.1933129845622172,2.209944751381215,0.1994846577463442,2.958054423456318,0.8858052743518009,0.332719459791283,4.41988950276243,2.6422265939182954,1.2471038848133564,274.83516483516485,0.2516805538783561,2.073870573870574,9.184981684981684,41.60897435897436,177.8882783882784,22.16531110530392,0.2991277983425543,148.21428571428572,0.135727367870225,0.3203067860317963,4.554056158623686,0.0713156455202141,5.513581620644743,0.2204724409448819,21.036270277341707,trainval/2589
2602,2602.jpg,trainval,calibration,0,benign,ground_truth,0.6652107372688226,410.22711943055145,415.3083192039379,87526.5,272.8874845640625,1162.732106143462,0.0132843436689855,87527.0,0.9019761383493308,44.0,138.0,803650160.0,2.570009406934128,48.0,3.1402198139999524,240.0,28.38859543422528,88.77045940109909,87.0,0.0,240.0,19.798407170094578,95.8213965380574,0.4438610056568107,803650160.0,0.1971394170174638,1301.545572221457,18.800103151862466,229.6206694630056,11.335996241732806,8.548863332681998,0.0863954154727793,0.9799900806698488,0.0863954154727793,0.4243223403550682,0.0789312476580652,0.9568022922636104,0.9568022922636104,0.9991445998468044,0.9921458713206563,-0.8050046416654886,0.991976713042847,0.0863954154727793,4.084664756446991,0.1668383315079515,3.070066121001607,0.9804139746294344,0.271702005730659,8.169329512893983,2.983670705528831,2.158814687038694,1418.079462571977,0.1814561052555312,2.446696392790903,20.67626359564939,226.98438899552144,3884.211644273833,23.61205747256368,0.0974321004177126,370.6982725527831,0.0474341999427745,0.0857944642116867,1.817471842990204,0.0088450007792789,7.398177046728115,0.0892867343791058,101.5472552619374,trainval/2602
2620,2620.jpg,trainval,calibration,0,benign,ground_truth,0.5716218058344253,609.5915272229713,636.0534568729266,159845.5,348.45580961256013,1757.9595949288846,0.0109978672839015,159846.0,0.8062064163270981,0.0,42.0,84571308.0,1.0227885732471598,22.0,5.3853443619904935,155.0,15.10778287750096,12.866021045256058,2.0,0.0,155.0,9.869787473256732,23.001737204342348,1.6567428222380352,84571308.0,0.6247096671399293,363.545416880655,2.0858861458176525,18.945365349891933,4.2426452837629975,1.5481895768112182,0.0363540569020021,0.9541141611647384,0.0363540569020021,0.2253183463055679,0.035032439448768,0.981822971548999,0.981822971548999,0.99927291886196,0.9954557428872498,-0.786172580577138,0.8940114768380762,0.0363540569020021,1.3068769130412967,0.6030793070307641,1.2395980250431624,0.9542136108561766,0.7612148125846756,2.613753826082593,1.203243968141162,0.396135908428305,2032.265700483092,0.3272569565995317,0.7844762356699624,4.752334943639291,4878.241223832528,5317.4980676328505,4797.075960110238,0.4538558986127999,281.4466988727858,0.0453215296091442,0.0915711834909843,0.5716376885294897,0.0305631324368031,6.867936007843419,0.0388498930220337,4215.688649910149,trainval/2620
2621,2621.jpg,trainval,calibration,0,benign,ground_truth,0.7881916241389529,181.67593698059852,185.0108104949546,20085.5,143.19545183570406,562.5168106668161,0.0280061143943051,20086.0,0.893121923066724,14.0,26.0,11792415.0,0.6586447452162212,1.0,38.40099338762611,190.0,7.161142381000768,19.152195559095887,15.0,0.0,190.0,0.985839928193608,24.23006884398819,5.295427682933155,11792415.0,0.8044909577257501,220.2896414505548,1.7088766298896692,72.58861937704435,8.754314478261936,1.4537830039768256,0.0850551654964894,0.8894553473084162,0.0528585757271815,0.2870401858428473,0.0822611364685832,0.9776805416248746,0.9766770900938108,0.9987764011056288,0.9944518403695934,-0.6503493265812957,0.7489118300734018,0.03575448567926,1.1690571715145437,0.7932301166287227,0.8539294866837779,0.9185738896064652,0.8891675025075225,2.3381143430290874,0.7842474084039167,0.3847095423683286,254.7295081967213,0.2609933485622144,1.985100401437785,8.117827868852459,2673.7889344262294,2759.875,2663.071872810258,0.3655373972505669,181.3790983606557,0.1858392401236226,0.4374990792082621,5.048622402709432,0.0952150875998718,5.469576897775709,0.0485910584486707,2250.255908190003,trainval/2621
2625,2625.jpg,trainval,calibration,0,benign,ground_truth,0.8491313518358237,315.5089878378231,324.7845439672276,65517.5,267.9085733590832,986.7077195258277,0.0150602162708563,65518.0,0.9195917465545892,26.0,107.0,316333570.0,2.308443972185989,45.0,2.7206888556837447,203.0,25.16103597342789,62.49296376568271,57.0,5.0,198.0,18.96679345090397,69.48520217225709,0.6042216991363186,316333570.0,0.2301586074080398,922.8228007005096,10.638515066981396,104.89180215176624,7.867357824593187,6.167083050222073,0.1211642806780907,0.9614632585831364,0.1192023543116397,0.5321711540041343,0.1069550794046531,0.9407143149096184,0.9405950154808252,0.9985242868214254,0.9880973912510346,-0.7273259469717266,0.9823642633964326,0.1175942388849718,3.021098372214218,0.184271618743491,2.9340081209754474,0.9640892010166684,0.2885871064651605,6.042196744428436,2.806051040405116,1.5720618327250409,1623.178178178178,0.2031003726449171,1.879358086815544,12.216966966966966,151.49924924924926,1416.0068818818818,31.59312900493401,0.2041045001051063,592.9654654654655,0.0741948780612444,0.1863075483602259,2.423406664774744,0.0385607939104747,6.739067677937496,0.121981745474526,84.2928986919853,trainval/2625
2628,2628.jpg,trainval,calibration,0,benign,ground_truth,0.5203030778741445,149.99804983345334,146.37281168304446,9121.5,78.0444470034651,387.3208511739223,0.042462407627465,9122.0,0.8741122079012271,3.0,53.0,12909649.0,1.6026861155362775,31.0,16.325473947539678,251.0,17.619970579810207,28.281846086384565,26.0,0.0,251.0,12.598876480108329,37.61942760118766,2.521828867296981,12909649.0,0.3918873160871599,615.3585149870538,3.771289537712896,203.76487485028787,17.445139870957078,3.444840639232746,0.2081397920813979,0.8860438504968826,0.1402344614023446,0.6046880063500187,0.1884740879165922,0.9379425116651394,0.9361471368770636,0.998361020468824,0.988707099696258,-0.6150770989423395,0.9274373999988316,0.1079148234166482,1.721079407210794,0.3264765044210358,2.214601744823777,0.8974871973871322,0.4500110595001106,3.442158814421588,2.0288921425723934,0.913245107828536,320.24131944444446,0.2779872564621913,2.506328818238812,8.2421875,246.4114583333333,464.1901041666667,203.4329480380836,0.4023496030112041,135.89930555555554,0.1179681471836419,0.3238992077940198,4.709044079296543,0.0944778502934205,5.932828523149131,0.126288094716071,183.7103557822145,trainval/2628
2648,2648.jpg,trainval,calibration,0,benign,ground_truth,0.6002636279947621,56.70253268520368,58.137767414994535,1500.5,34.03646798611194,156.3675323681475,0.1042102848171592,1501.0,0.8781654556046428,48.0,93.0,8017718.0,1.724512142808787,21.0,7.596977795007306,189.0,14.297658101350155,70.43437708194537,68.0,26.0,163.0,9.213365207294585,73.08614285313303,1.3606693882979874,8017718.0,0.3692625968652476,380.5828022268965,5.989078498293514,37.002882409879774,3.8811211026647023,2.5575156379223984,0.2348122866894197,0.8318161096912977,0.221160409556314,0.7933191793396976,0.1859003599343032,0.8916951080773605,0.8907849829351535,0.9953346641767016,0.9725445582100872,-0.4700803486616546,0.89409940673262,0.2092150170648464,2.325597269624573,0.2581145965590746,2.614268680915752,0.8332627854774209,0.4416382252559727,4.651194539249147,2.365277969175951,0.6980819811529546,101.98857142857145,0.2913959183673469,1.1153061224489795,8.1,36.48857142857143,186.64,10.606763767411726,0.2518301101392938,53.35428571428572,0.1524408163265306,0.3633377892288358,3.767546652125157,0.0795985189933177,5.057123235551722,0.2331778814123917,18.096726530612244,trainval/2648
2652,2652.jpg,trainval,calibration,0,benign,ground_truth,0.841790195183826,296.08105200608225,303.0462010981164,57608.5,249.23812655843253,917.7127701597104,0.0159301625655885,57609.0,0.9271317215930966,0.0,82.0,119941582.0,1.8576603685242707,54.0,3.2626923217178545,176.0,28.332560757881463,30.451977989550244,19.0,0.0,176.0,21.67090188527092,45.62887047045988,1.030466124313009,119941582.0,0.3657551120254895,1154.6708569339526,5.099830913242806,142.69549129602365,19.172058879715337,6.020100649337232,0.0478498091237122,0.9842286750851788,0.0478498091237122,0.2771919165817053,0.0455602048905365,0.976075095438144,0.976075095438144,0.9992638490904044,0.9946833545418096,-0.8451915142181564,0.9778961109008872,0.0478498091237122,1.8991493367266896,0.3509993113467615,2.1382808184517743,0.9854254809693308,0.5490438753987484,3.79829867345338,2.090431009328064,1.5169876146152363,618.2815533980582,0.2069908113150513,1.824572701996566,10.828590559089388,1877.2504184800805,3164.977904251757,1721.3592072601832,0.2474052911254893,144.50117174422496,0.048376689569543,0.0809617229447654,1.0890603404825636,0.0140069093730543,7.186445493147776,0.0518495373986703,1505.2784371154587,trainval/2652
2654,2654.jpg,trainval,calibration,0,benign,ground_truth,0.2718534749425291,270.06863792628315,260.0192300580863,15355.5,73.41909769325578,605.2203461105341,0.0394139133281582,15356.0,0.7258107455714589,9.0,50.0,19336208.0,1.355467976619419,22.0,2.5350530948622843,80.0,12.76802895062336,31.87066944516801,33.0,0.0,80.0,9.209684426178123,35.485146524431606,-0.1642405756673122,19336208.0,0.4379414080859845,243.4560529772144,3.599908370966687,5.974104128898127,0.3766070969032206,1.526866654551755,0.0484324890372406,0.938510105544909,0.0484324890372406,0.2797005948133413,0.0460867830428982,0.9757837554813796,0.9757837554813796,0.997151030056633,0.990313502192552,-0.7787247552006746,0.9374661188023992,0.0484324890372406,1.797303488448197,0.4017293224827897,1.655080208868038,0.9465165313643372,0.5461744878591531,3.594606976896394,1.6066477198307982,0.3938247858972489,307.9253365973072,0.3768975968143295,0.5110286461649555,4.6095471236230114,761.4687882496941,2371.7613219094246,391.9439429484564,0.391625866993064,26.982864137086903,0.0330267614897024,0.0733874076963913,0.4133306227633385,0.0250680433013153,6.708346827701739,0.0532039593644178,408.1944481482091,trainval/2654
2655,2655.jpg,trainval,calibration,0,benign,ground_truth,0.323011167129661,387.4307433473063,329.548175537356,24342.0,125.14445659052554,876.2640687119316,0.0359980309223536,24343.0,0.6311724836510872,1.0,33.0,15578536.0,0.8284153405221327,15.0,45.46351985884601,240.0,13.398670993944332,11.591011789836914,1.0,0.0,240.0,7.302221575558693,25.29742235291985,5.35401171033723,15578536.0,0.7225741089393742,505.6080233898705,2.087816816692248,338.3958999095669,23.689101348768062,2.3902190750216987,0.1701580453810096,0.8670836073130923,0.0506077073049321,0.2367944934016546,0.167596905342348,0.9815025076691812,0.9812708699221776,0.9988241277737548,0.9960086801730532,-0.7475003337578743,0.8374513279974856,0.0329371738624608,1.2380636329696768,0.7097554075299745,1.0123865149209694,0.9600125689572816,0.8361056954411582,2.4761272659393536,0.9722487425206648,0.6400942801006771,329.2562211981567,0.3034619550213425,4.554145554163393,10.797235023041477,2029.1032258064515,2185.965898617512,2004.203269809921,0.4270012864678215,67.59170506912443,0.0622965023678566,0.1787527761918965,4.745121076619126,0.0365804127612751,6.359357070922595,0.0445713346752659,1525.7316112043152,trainval/2655
2659,2659.jpg,trainval,calibration,0,benign,ground_truth,0.4963032839315154,237.72283442626423,239.3532953606447,21975.5,117.98262339126283,614.9015869776666,0.0279812330539767,21976.0,0.8546114373089706,45.0,185.5,391058673.0,3.030294548501277,65.0,2.881678088893427,255.0,40.56248567951615,122.8857389879869,126.0,0.0,255.0,27.34756079044813,133.39717667072426,-0.3209872838648673,391058673.0,0.1418303784821883,2693.9018970967795,33.93676793557833,834.1385733360894,-20.98908124717194,17.24743355207398,0.1912975841874085,0.9780606074269208,0.1578056368960468,0.628612296178826,0.1663949651512415,0.9235421532571056,0.9233816603358956,0.9985054705194404,0.987014230119054,-0.7492246311538512,0.9946468709749232,0.1507874546116945,5.447268484626648,0.1048995471774924,3.7892698530310094,0.98266487251469,0.1674139824304538,10.894536969253297,3.623918613390604,4.359682784065347,469.9805402265466,0.1365032065717533,4.1753116540744175,35.480685448736565,73.75718849840256,2391.929712460064,10.667256099427382,0.0711002034402617,307.84635492303227,0.0894122436604798,0.1610315111386951,5.807907814665707,0.0093108446842634,6.856355271656267,0.1566709137240626,33.016979987513345,trainval/2659
2669,2669.jpg,trainval,calibration,0,benign,ground_truth,0.6606812453713766,134.00041806726043,138.36184445142382,9238.5,88.53156308896274,383.0193359837575,0.0414590394526987,9239.0,0.8895799062663944,11.0,82.0,27007385.0,2.0980633724873976,49.0,6.325269994489816,234.0,27.58373135074809,40.97791968827795,31.0,1.0,233.0,20.18432631133709,54.06656570782015,1.6116597435023687,27007385.0,0.2958770510300826,1244.0036254590766,6.5858111062527325,387.9335958015751,35.23345233860862,7.878236076651571,0.1394840402273721,0.9652060590307384,0.1379536510712724,0.5836571988304585,0.1204528303834777,0.9312782393237136,0.9311762133799736,0.998619844073809,0.9874703528507638,-0.6985774978843489,0.9725693277855746,0.1366145605596851,2.1566462614779187,0.2530732834050523,2.716901571843544,0.9696063063338356,0.4352864013992129,4.3132925229558365,2.5725291532728938,2.004430029219736,273.44279346210993,0.203152149674673,2.798434191672426,12.796433878157504,246.81797919762252,508.1158989598811,219.78799715381035,0.2359345202295876,172.72808320950966,0.1283269563220725,0.3091694072869619,5.057050484815885,0.0541347698424623,5.991914426917885,0.1456867626366489,199.70291204581733,trainval/2669
2670,2670.jpg,trainval,calibration,0,benign,ground_truth,0.693133938799608,185.94575635376245,199.98499943745784,15399.0,128.88531450455562,642.1564209736059,0.0417011767630109,15400.0,0.6850312157703946,39.0,128.0,120191922.0,2.4563594766266843,50.0,2.635466332965988,220.0,27.50865208298196,81.7661038961039,80.0,4.0,216.0,20.38794295899136,88.34404484593323,0.3515333155430713,120191922.0,0.2034566031371226,1118.974513391803,16.045293422607326,134.24556793800767,6.553304400356456,7.149677447037799,0.2710384665878955,0.926950857641586,0.263423920178548,0.8545868935003625,0.2016463048656615,0.8695407203185858,0.8690494945516609,0.9967015090649946,0.973726532755678,-0.5617836461962779,0.9677563973574136,0.2569161816404826,3.7849218852566624,0.1210338534191974,3.529776518352944,0.928477030066758,0.1957463568333989,7.569843770513326,3.2373232996542947,1.855178978406424,811.768558951965,0.1969356038214374,1.964961681805373,18.046579330422126,25.462396894711304,363.1045608927705,3.168208888704906,0.1076651291031085,659.0548277535177,0.1598871488970203,0.3464518383828012,6.695737960074425,0.0363016211316461,5.578798368042159,0.2676623376623376,11.504323848011673,trainval/2670
2682,2682.jpg,trainval,calibration,1,malignant,ground_truth,0.9133518147294384,89.82518585342183,93.1933474020544,5729.5,82.04199650763191,286.0660171779828,0.0499286180605607,5730.0,0.9379874430004717,6.0,78.0,13225764.0,1.992018400516412,43.75,2.5678789671118296,125.0,22.93541989894284,39.40628272251309,35.0,0.0,125.0,17.50766608236321,48.04332686798971,0.5545167255254749,13225764.0,0.2781662905195703,755.3061385378691,5.669380530973451,57.01238200481223,6.841279105421948,4.661242352572637,0.1343362831858407,0.9439749430093144,0.1343362831858407,0.569211646127705,0.1162900462056543,0.9328318584070796,0.9328318584070796,0.9963692896436258,0.9808091024020228,-0.6744209690376016,0.96559749979497,0.1343362831858407,2.1301769911504422,0.2179512099616258,2.647370422594895,0.9446565528978054,0.3410619469026548,4.2603539823008845,2.513034139409056,1.1988946589396192,218.03456495828368,0.2598743324890151,1.1399347369946344,6.930870083432658,89.96662693682956,388.43027413587606,54.34523506820289,0.3468765726393855,72.00119189511322,0.0858178687665235,0.1968987215360959,1.4529389584290988,0.0572031892142191,5.858879020304119,0.1464223385689354,43.3237508186288,trainval/2682
2701,2701.jpg,trainval,calibration,1,malignant,ground_truth,0.9086809216516986,161.68856061302245,168.67127793433,18489.5,146.92331027837778,520.0487732352802,0.0281267083066216,18490.0,0.9268798465493876,25.0,135.0,142438188.0,2.7653470186929563,65.0,2.911438471822491,254.0,36.45288049231295,75.88242293131422,69.0,0.0,254.0,27.022724129501395,87.76973043934537,0.6555333819188154,142438188.0,0.1669633476765684,1945.383471468506,15.649522770657214,457.6175462072373,28.92506368731636,12.444709481873463,0.2523588764657758,0.9602492686746812,0.2386146713935097,0.8232990695459894,0.1954219150615432,0.8828333787837469,0.8820670848104718,0.9979381994964804,0.9802018997273976,-0.6315948459932702,0.9846254267809216,0.2280050298457716,3.5498500136351243,0.1062404456525223,3.780271783319913,0.9617836224779966,0.2062721570766294,7.099700027270249,3.501284104188677,3.17426708958481,699.9386183465459,0.1585364933967261,3.223672310369904,18.67044167610419,37.4079275198188,473.3053227633069,10.256562084684376,0.1543968723450903,691.1191392978483,0.1565388763981536,0.3475756284589597,7.065185203630361,0.0486214663947786,6.022615263721233,0.2387777176852352,19.86862146317313,trainval/2701
2732,2732.jpg,trainval,calibration,1,malignant,ground_truth,0.8953298901048619,52.402889761962,53.150729063673246,1893.5,46.91787353175462,172.50966799187856,0.0911062413477045,1894.0,0.8941783437283214,57.0,123.0,15674154.0,2.065621894423172,31.0,7.424847237403925,255.0,22.57519271104549,85.42555438225976,77.0,30.0,225.0,13.804797232418764,90.97081119770408,1.842508064705352,15674154.0,0.3097376364420963,978.1631484519,10.09229098805646,298.643149051638,29.303499345053925,6.320313743381893,0.2709011943539631,0.9177993141133948,0.256786102062975,0.8571956798908185,0.2049620921412664,0.8739594643503439,0.8730184581976114,0.997325872652412,0.976762741420722,-0.5169672411762846,0.939490825518944,0.2444353963083604,2.929153094462541,0.2105887359842309,3.073163101580932,0.9331851068408528,0.3745928338762215,5.858306188925082,2.7815298521265706,1.647803734433964,117.12890625,0.2287673950195312,2.276229858398437,13.74609375,27.70703125,206.748046875,5.429212757513306,0.1584398762036643,93.5546875,0.1827239990234375,0.4000260292870787,6.837052385480767,0.0529573936512278,5.205533901228913,0.2703273495248152,14.022811889648438,trainval/2732
2738,2738.jpg,trainval,calibration,1,malignant,ground_truth,0.593836882061273,158.65720476933666,161.9876538505327,11531.5,94.21649979677984,438.1909088590112,0.037999471782423,11532.0,0.8687293025387199,3.0,52.0,11078548.0,1.4080688790554143,30.0,3.890079862438287,151.0,15.900303476224869,24.016822754075616,21.0,0.0,151.0,12.146073540145371,30.994819031549028,0.9731385084225606,11078548.0,0.4417160880297614,383.8710315977896,2.8512946116165154,19.63749171779711,3.854727618088711,2.040251510314925,0.1270993701889433,0.8827145421332094,0.1270993701889432,0.5494291914375873,0.1109451202865172,0.9364503149055284,0.9364503149055284,0.9974580125962212,0.984112578726382,-0.5797284986574609,0.8954030057430216,0.1270993701889432,1.5404566130160953,0.3681746863493434,1.982217626100298,0.8883048466439148,0.547148355493352,3.0809132260321905,1.8551182559113568,0.5418377201259672,522.7025112685126,0.3365759892263442,0.7398546070605092,4.732131358660657,166.56793303283968,271.69800386349004,147.1330871198018,0.440914085531186,154.71538956857694,0.099623560572168,0.2252339322582276,1.3966221076360816,0.0730641937850347,5.562672512775118,0.1346687478321193,111.42798455433244,trainval/2738
2741,2741.jpg,trainval,calibration,1,malignant,ground_truth,0.4355541411968846,219.7658973521112,222.94618184665103,16057.5,95.71994668556152,560.558441227159,0.0349094467524308,16058.0,0.8013514009829567,8.0,67.0,31193974.0,1.8527772553562936,29.0,7.146331165382139,185.0,18.862604268270825,35.8600074729107,31.0,0.0,185.0,12.19908037438872,44.07472651078928,1.5639965264895188,31193974.0,0.3275282102999369,656.6413810436607,4.927657171539717,126.20552287142787,13.993570258743254,4.193446166355413,0.0852679131635086,0.9601432058423048,0.0852679131635085,0.4204743009695604,0.0779972961482489,0.9573660434182456,0.9573660434182456,0.9986881859513306,0.9905257874262768,-0.7501627185588181,0.9681589692334602,0.0852679131635085,1.9749968628435184,0.287005248692303,2.3074497146061894,0.9637927181542046,0.3851800727820303,3.9499937256870368,2.222181801442683,1.0696785198797305,350.27248140635567,0.2368306162314777,1.979903457967552,9.00473292765382,277.2521974306964,853.2745098039215,175.66284511793225,0.3193746627003291,86.8999323867478,0.0587558704440485,0.1246161822923088,1.873777491494107,0.0237611518099102,6.668863687709667,0.0921036243616888,159.37045159160863,trainval/2741
2742,2742.jpg,trainval,calibration,1,malignant,ground_truth,0.6758114971658604,105.22753445873064,110.5486318323298,5517.5,71.11397760562693,317.66399692442985,0.0575739006659591,5518.0,0.82891138933771,76.0,144.0,66377294.0,2.126476186894284,37.0,3.583002882910553,223.0,21.76835059952725,106.26567596955418,102.0,52.0,171.0,15.651480803821176,109.67784880413971,0.7972399642578584,66377294.0,0.2714053489446578,736.8366290374471,8.711058045554738,80.37108399822262,7.843315815070794,4.653088037926471,0.247060984570169,0.8991618485740294,0.2397134459955915,0.8157140835617163,0.1895984483790876,0.8813678667646339,0.8808780308596621,0.995075416244992,0.9701378683974202,-0.5309790549664798,0.9454553821420798,0.2332843497428361,2.7585415135929465,0.1785685533177025,3.103104297653006,0.9032583138379492,0.3205363703159442,5.517083027185893,2.838799414563499,1.2250372556241604,306.2847682119205,0.2253751053803683,1.5765693620758456,10.960264900662253,32.166298749080205,235.62472406181016,7.570712112414256,0.2086463135658972,208.813097866078,0.1536520219765106,0.3500345089752388,4.555698016788807,0.065390762811082,5.442087788615384,0.2462848858281986,15.679950142970773,trainval/2742
2748,2748.jpg,trainval,calibration,1,malignant,ground_truth,0.6662418749207036,84.54464236358343,87.28115489611719,3659.5,56.32718104281418,251.8233764908633,0.0688136019923113,3660.0,0.8515688466009667,3.0,37.0,1944647.0,0.9920329857015604,20.0,5.813595977943542,103.0,11.290969721401057,17.761475409836066,14.0,0.0,103.0,7.997187922204418,23.050473247634,1.4307207412647205,1944647.0,0.6080451790140045,215.85430820567944,1.888049258326336,9.148155963274666,2.317386119152065,1.0797677233604113,0.0856423173803526,0.853026292229443,0.0856423173803526,0.4217546946367377,0.0783077108540755,0.9571788413098238,0.9571788413098238,0.9967060647161404,0.985726280436608,-0.5696037399190296,0.8155385126590415,0.0856423173803526,1.2804366078925271,0.5553934886058474,1.3735486444511915,0.8620810221767059,0.7243212986286034,2.5608732157850547,1.2879063270708404,0.291352510185191,149.07124681933843,0.3793161496675278,0.5794922595808325,3.7430025445292623,259.7760814249364,312.93384223918576,248.1226152106305,0.5256884365281311,39.49872773536896,0.1005056685378344,0.239829959238073,1.1527108083969098,0.1001077051067212,5.314263985933883,0.1073770491803278,173.0445389740303,trainval/2748
2749,2749.jpg,trainval,calibration,1,malignant,ground_truth,0.6572601302416894,181.6646301488324,181.4083790788066,16733.5,119.40091847192993,522.9015869776666,0.0312487875804623,16734.0,0.8769571354900916,1.0,50.0,14819368.0,1.3343962350243992,26.0,4.302462802466931,112.0,15.660849879645072,22.031193976335604,17.0,0.0,112.0,11.341127605179866,29.75876878081193,1.2254196566306923,14819368.0,0.4887973062116965,400.21081132690045,2.6944545125045303,23.461616159005608,4.969639004880932,2.147234142965928,0.040473601546454,0.9629990782379612,0.040473601546454,0.2444594367891865,0.0388354891243129,0.979763199226773,0.979763199226773,0.998443323017444,0.9932543997422576,-0.8099492366382719,0.9390606441420928,0.040473601546454,1.47233297088317,0.4686870997125053,1.5689616603689862,0.9635209042710726,0.6406910716443156,2.94466594176634,1.5284880588225338,0.5469269361280954,243.17411764705884,0.2860871972318339,1.015673356401384,5.630588235294118,1024.6988235294118,1535.1882352941177,924.0194297385622,0.4257509803921568,30.92705882352941,0.0363847750865051,0.1028073516842046,0.8359354635067798,0.0335936520459593,6.770708617570628,0.0507947890522289,637.1185384083044,trainval/2749
2753,2753.jpg,trainval,calibration,1,malignant,ground_truth,0.5932065427934116,109.16395012044882,102.48902380255166,5201.5,64.75676944862386,317.90663761154906,0.0611182615806111,5202.0,0.8042103123244144,34.0,101.0,27186717.0,2.0907896551027774,34.0,3.08072885128512,204.0,20.470186473395245,67.66147635524798,66.0,3.0,201.0,14.754618885563165,72.29249427810886,0.3662664323414644,27186717.0,0.2703122198438746,648.129346378622,11.224117647058822,51.069839013094175,2.7160834549155384,4.028137600922722,0.1896078431372548,0.9100904283333232,0.1876470588235294,0.7032811582089139,0.1543964244521338,0.9065032679738564,0.906372549019608,0.997689397136186,0.98125311942959,-0.5898714273969051,0.9554714050823068,0.1859313725490196,3.2038235294117645,0.1931445982314494,2.917680870049837,0.9133304605341624,0.3213725490196078,6.407647058823528,2.7219702811134145,1.0544363610149945,241.9943074003795,0.2295961170781589,1.4696781754876158,13.574003795066414,48.55407969639469,492.753320683112,6.894675153813019,0.1442319133447883,126.65275142314992,0.1201639007809771,0.2750853959371683,4.430983598623638,0.0378609633891355,5.680777280773249,0.2026143790849673,24.19507865581196,trainval/2753
2761,2761.jpg,trainval,calibration,1,malignant,ground_truth,0.7539148536391372,75.14431899780077,75.95393340703298,3300.5,56.652418259039614,227.3797256769675,0.0688925089159119,3301.0,0.8956597591646129,8.0,58.0,4135938.0,1.57645291994569,25.0,3.689197525099392,108.0,15.768510932904672,29.353529233565585,24.0,0.0,108.0,11.215999637912343,35.39682002979577,0.9951041317516964,4135938.0,0.3829719928260198,391.3051897559616,3.387786732796032,21.77312663361765,4.092260404272788,2.4855874022636133,0.1069435833849969,0.9174987037940904,0.1069435833849969,0.4906274849875718,0.0955066533577731,0.9465282083075016,0.9465282083075016,0.9958867852544232,0.9821760694358338,-0.6552368870370932,0.9322710801328844,0.1069435833849969,1.671264724116553,0.3285856180929206,2.0867549373344354,0.9179755195096124,0.4820210787352759,3.342529448233106,1.97981135394944,0.6481327464121526,132.24761904761905,0.314875283446712,0.8007426303854875,5.526190476190476,145.9547619047619,319.2857142857143,116.22091005291006,0.3778320105820106,37.13809523809524,0.0884240362811791,0.1861826644386196,1.3942085080101003,0.0503686595488154,5.5706222938309775,0.1272341714631929,84.18264739229025,trainval/2761
2766,2766.jpg,trainval,calibration,1,malignant,ground_truth,0.836206060664793,98.55841341121824,110.78808600206072,6243.5,82.4151426239669,316.7939392393408,0.0507397996699512,6244.0,0.884182929166435,27.0,85.0,24891860.0,2.0387419503433035,31.0,4.9033505270454025,183.0,18.997571326384925,58.03555413196669,58.0,0.0,183.0,13.051853902942089,63.13893144231323,0.5442190373170893,24891860.0,0.2869957721872959,618.3991202726943,9.011361791916896,76.02399759487756,4.527545138842208,4.012268269381771,0.1933127739003408,0.9080684585978273,0.1923389060217497,0.7102295804113912,0.1563185191306974,0.9039928583022238,0.9039279337769844,0.9970272793172056,0.9786398311962344,-0.5791669895590034,0.9512006087485372,0.1914867716279825,2.8384190878104203,0.198672261318,2.8845051578489853,0.9224245207185852,0.3385813991235189,5.67683817562084,2.6878041145954,1.051395260820528,327.04584980237155,0.2585342686184755,1.349676451748973,10.626877470355732,42.39683794466403,336.3920948616601,10.606455815923209,0.1920672295268568,142.6679841897233,0.1127810151697417,0.2329910791625691,2.9760611627714835,0.043669565386008,5.633500724777158,0.2025944907110826,18.033054101766936,trainval/2766
2771,2771.jpg,trainval,calibration,1,malignant,ground_truth,0.9002866798885137,80.53906948477885,84.0535543567314,4561.5,72.50825146776187,260.93607486307167,0.0572040063275395,4562.0,0.9175392395644736,23.0,80.0,12508688.0,1.852236967640149,29.0,3.633377317288772,137.0,17.512619833206518,47.44234984655853,43.0,0.0,137.0,12.221044648238756,52.363448436242514,0.9033229275523206,12508688.0,0.3392220314547813,491.1541731717767,6.492420864913062,36.158672762521135,4.4049078634261125,3.1612880335691425,0.1529201961658493,0.907718413831784,0.1529201961658493,0.6171001061954717,0.1295356097704474,0.9235399019170754,0.9235399019170754,0.9958670217252472,0.9781542576905928,-0.606013929421089,0.9438684258024256,0.1529201961658493,2.39589835042354,0.2670564329625889,2.5479648462586275,0.9162087501549316,0.4547481052162282,4.7917967008470805,2.39504465009278,0.8285520574337478,189.4724409448819,0.2486514973029946,1.256510013020026,8.65748031496063,74.64041994750656,408.5328083989501,20.62184200933217,0.2618493000874891,76.68503937007874,0.1006365346064025,0.2163441778435698,2.4254235719724244,0.0499225467497037,5.774796943881492,0.1670320035072336,38.79772803990052,trainval/2771
2777,2777.jpg,trainval,calibration,1,malignant,ground_truth,0.6068661910875375,64.87810219478679,65.36818798161687,1926.5,39.37232676393828,181.882250993909,0.0944107194362361,1927.0,0.855458839487882,27.0,64.0,4424796.0,1.401265398683124,20.0,4.304216003274618,118.0,11.850369304739765,45.48313440581215,44.0,15.0,103.0,8.36155381388031,47.91878183248495,0.811555185692162,4424796.0,0.4549941575335769,227.4941369321167,5.794899043570669,9.345294033372571,1.3017800740900531,1.526264256375913,0.1509032943676939,0.8200498282943905,0.1509032943676939,0.6120961904978047,0.128131490116671,0.924548352816153,0.924548352816153,0.994196027139704,0.9748494509387176,-0.5032825158259749,0.866978276013384,0.1509032943676939,2.3347502656748143,0.360272552431955,2.071212532678339,0.828996768524718,0.5393198724760893,4.669500531349628,1.920309238310646,0.4192918876859017,111.07294832826749,0.3376077456786245,0.6994576916325607,7.048632218844984,73.73556231003039,359.1033434650456,17.91291962174941,0.2495786896318811,35.96048632218845,0.1093023900370469,0.2427668948859608,1.810149021750144,0.0705180579517309,5.217717808557689,0.1707317073170731,39.4294398610508,trainval/2777
2782,2782.jpg,trainval,calibration,1,malignant,ground_truth,0.9717946909204596,53.78414133354222,56.72741841473134,2175.5,52.26714300365197,180.02438661763992,0.0827508097529946,2176.0,0.9184449614269756,0.0,103.0,6636459.0,1.985214517073826,60.0,3.6874548184940648,197.0,35.784454240105966,34.43612132352941,9.0,0.0,197.0,25.66061399742713,55.22538628602951,1.2509689807847124,6636459.0,0.3747106637921713,1863.996838632339,6.503061705134243,402.6971550932549,44.21580271237242,9.59280908090272,0.3353744700894959,0.9324399134308956,0.2769665567593029,0.937344302137634,0.2586639965263919,0.8712513738420475,0.8673575129533679,0.9949196795280308,0.9698749149526352,-0.5220741890584736,0.931721849085883,0.2258596325953839,2.046632124352332,0.3228121493749125,2.8673259026127944,0.9331585920469112,0.556288271314178,4.093264248704664,2.4989026062591693,2.4820458877480545,101.26252158894646,0.1748920925543116,2.6418308023183323,13.27461139896373,58.424870466321245,118.64939550949914,54.56935435587591,0.2445780903034789,175.32124352331607,0.3028000751698032,0.5621716594515918,8.30618701175448,0.0787328006316614,4.747018696704538,0.2660845588235294,44.300774666583145,trainval/2782
2785,2785.jpg,trainval,calibration,1,malignant,ground_truth,0.5907948065981358,457.4348745895388,441.955880150949,93027.5,270.250148264369,1269.886435076001,0.0136506563658703,93028.0,0.8514236764804092,3.0,147.0,789980235.0,2.8934231064935663,90.0,2.4912623444715107,255.0,46.14108448183703,74.19722019177021,70.0,0.0,255.0,36.33940059468598,92.15125849207637,0.4467355037499931,789980235.0,0.1513649104955543,2986.62695748744,17.054644690857312,850.3961209861745,41.516034114473264,18.17403998046876,0.1164408681019976,0.9872675990242108,0.1161388445441601,0.5193821611977941,0.102952636889945,0.9419809149875596,0.9419607800837038,0.9990456854838424,0.990323699003101,-0.7932707355785278,0.9949049801067216,0.1158745739310523,3.5412208223670016,0.1259282291987173,3.490330593716382,0.9882495394856206,0.2358803986710963,7.082441644734003,3.3727070223673263,4.57262021214269,1491.7246455341822,0.1347172984316971,4.270911980735483,25.095096179897048,244.1267949065294,1618.7991510882327,175.20275943050132,0.1285264830797532,840.4530840783889,0.0759011184031779,0.1419312581444614,4.75690967562624,0.0113089407704245,7.1152380787492655,0.1190286795373436,173.54433850072695,trainval/2785
2807,2807.jpg,trainval,calibration,1,malignant,ground_truth,0.7727205768941122,139.79524795753258,149.68299836654796,11767.5,108.02266464880005,420.2152954766512,0.0357098190334948,11768.0,0.9151139571811508,1.0,52.0,16350174.0,1.4278656843494832,40.0,26.58493986278896,249.0,20.068161604757467,24.14598912304555,17.0,0.0,249.0,15.246388789076535,37.27433117825,3.61753483724744,16350174.0,0.4430099646877937,806.3469740556261,3.535536052314576,531.66797248533,34.80156472012815,4.202890180240473,0.2829117191533298,0.8738634806001746,0.0810531750129065,0.3332816393622855,0.276342101973657,0.9712995741519233,0.9708689025535544,0.9980280076095208,0.993674830384214,-0.7728006912481796,0.9416939337775124,0.0500738594823832,1.5986060918946827,0.4195711120096024,1.72970823584676,0.9568610243467388,0.5962829117191534,3.197212183789365,1.6755006984177483,1.1214504748484506,242.71134020618555,0.3127723456265278,2.830439937825486,8.856958762886597,831.9381443298969,1387.7693298969073,745.7519442455772,0.3494224099529082,52.603092783505154,0.0677874907003932,0.2087001758085468,2.323294597038589,0.0541140469077156,6.182047956121709,0.0659415363698164,601.9624827293017,trainval/2807
2815,2815.jpg,trainval,calibration,1,malignant,ground_truth,0.967739823317574,37.810561215380645,40.79215610874228,1069.5,36.590785830110775,126.46803743153568,0.1182496843679623,1070.0,0.9166732272912697,48.0,95.0,5427997.0,1.6110588900741318,23.0,2.7901364299193503,123.0,14.34120359856756,68.96915887850467,67.0,22.0,101.0,10.384804036219052,71.22425424336407,0.3411593679042323,5427997.0,0.3871202725128831,316.14951611494445,10.977756286266924,11.832217851200443,0.5971929498893674,1.9771595538911064,0.1779497098646034,0.834857830312983,0.1779497098646034,0.6755711702319603,0.1462836106237069,0.9110251450676982,0.9110251450676982,0.9931557803898228,0.970341715022566,-0.5054214609283494,0.894437811718753,0.1779497098646034,3.24468085106383,0.2872013064510698,2.379769691562628,0.8387586700495805,0.4680851063829787,6.48936170212766,2.2018199816980264,0.5387773159389275,68.02727272727273,0.3092148760330578,0.7734504132231405,12.24090909090909,44.0,458.45454545454544,4.843335858585859,0.1124911616161616,26.71818181818182,0.1214462809917355,0.2416560683694454,3.4612696946483936,0.0233144114661092,5.002986791681308,0.205607476635514,20.34504132231405,trainval/2815
2821,2821.jpg,trainval,calibration,1,malignant,ground_truth,0.768927651327589,219.3243824295347,225.08887133752305,28763.5,168.64458226041603,667.4284989122481,0.0232040085146886,28764.0,0.900784802636586,10.0,79.0,80656782.0,2.05275868909574,29.0,8.637254007826918,243.0,20.90783070167149,44.11424002225004,41.0,0.0,243.0,13.15941187765022,52.95363838402387,1.5526181005808923,80656782.0,0.2883450165547676,858.021645365279,6.612516178682618,219.9580264976388,18.946493034739937,5.2819798444394985,0.1724560114737468,0.936764858537374,0.0986462378003987,0.4450025853833505,0.1627249312415739,0.9552936705051304,0.955104397001763,0.9985685447620878,0.9914264465765148,-0.7609996680969711,0.9776348923698244,0.0863362106045062,2.3097911638157207,0.246725237407662,2.5385284820572296,0.9681487191960672,0.3869241263511386,4.61958232763144,2.4447566838098926,1.363608963978311,685.569202226345,0.2543856037945622,2.326919430953356,10.620037105751392,271.28979591836736,1132.4070500927644,143.5528878743004,0.2433885481217843,149.45343228200372,0.0554558190285728,0.1416792918533529,2.312725191598896,0.0291069251758232,6.748629176788678,0.0936935057711027,157.37476795137007,trainval/2821
2822,2822.jpg,trainval,calibration,1,malignant,ground_truth,0.7909617345939066,128.85085148140652,139.5600229292042,9938.5,101.91609299163515,403.3036072312195,0.0405799272758685,9939.0,0.8762605233054698,9.0,63.0,17648800.0,1.817953307526784,34.0,4.808426073667399,169.0,18.779817678663875,34.66103229701177,31.0,2.0,167.0,13.815083945681057,42.13919603216998,1.2025777004848754,17648800.0,0.3280481507676756,574.3246823431564,4.524565151052792,60.510369023660566,8.188681860043348,3.63686019081029,0.1516631064998474,0.9199355027815038,0.1477977825246669,0.6137585744377971,0.1298189219806387,0.926719899637202,0.9264876411351848,0.996976633141735,0.9815781145808612,-0.6284372574900338,0.9472421605003616,0.1446557940302218,1.911351846200794,0.2620233476626724,2.4832770891850777,0.9240229106872082,0.3761570542162547,3.8227036924015874,2.3252322283272475,0.9471308243275344,413.1970187945561,0.2677880873587531,1.3145873593831443,7.712896953985742,162.35191186001296,341.55217109526893,131.946072192757,0.3052758709878421,197.9254698639015,0.1282731496201565,0.309731595150485,3.0084683986413387,0.0762653723417614,5.639121209926615,0.1552470067411208,120.86094750234057,trainval/2822
2835,2835.jpg,trainval,calibration,1,malignant,ground_truth,0.771303551243447,36.128873131188925,36.49657518178932,786.5,27.86632814850997,106.91168824543158,0.1359334879153612,787.0,0.9298847126198762,41.0,95.0,3729264.0,1.775689494633088,24.0,4.552079893860668,150.0,16.15592643480704,65.29860228716646,63.0,25.0,125.0,10.296306519226455,68.83735872909395,1.039835930848796,3729264.0,0.3562383651748796,474.67449614042687,5.126498002663116,43.12995273265992,5.886607207312207,3.0722179570603605,0.2263648468708388,0.8627502413454281,0.2263648468708389,0.7716203911608216,0.1751238029719805,0.8868175765645807,0.8868175765645807,0.9938820311656532,0.9676621647327374,-0.4889107089257386,0.9067283142912044,0.2263648468708389,2.101198402130493,0.2446520484892757,2.6686102994705494,0.8872262946227695,0.4327563249001331,4.202396804260986,2.442245452599712,0.8246457009827998,62.37864077669903,0.3028089358092186,0.9298944292581768,6.703883495145631,27.063106796116504,115.94660194174756,11.76401564185545,0.3085490830636462,35.407766990291265,0.1718823640305401,0.3909232477740413,3.22739116427608,0.0893016825143658,4.686732735935989,0.2617534942820839,12.467739655009895,trainval/2835
2836,2836.jpg,trainval,calibration,1,malignant,ground_truth,0.4781110624426398,98.55674161179996,99.02019995940222,3629.5,47.121068442902406,249.72287142747524,0.068803656544283,3630.0,0.8552045688349417,24.0,81.0,10734951.0,1.8813331777405573,33.0,3.303131360980476,163.0,18.25604307538192,49.59201101928375,46.0,4.0,159.0,13.488723123005911,54.38094130170518,0.6692407217297869,10734951.0,0.3198922356548202,497.9192199227436,6.992739458251883,33.36575226755121,3.39275500338215,3.167528426776306,0.2440659033789444,0.8569197391251158,0.2345713487852555,0.8098687807634849,0.1890421857080104,0.884226938471563,0.8836637810667413,0.9951433185737566,0.9708081231189304,-0.4899876200284929,0.9173776242995212,0.2269229575847839,2.5023736386484225,0.2131360392015915,2.839074219775579,0.8693377086447078,0.3775481709019826,5.004747277296845,2.581450447668143,0.8528985825388127,228.58762886597933,0.261841499273745,1.1687653927353503,8.2737686139748,37.88545246277205,234.23024054982812,9.14068885668051,0.2669705163470505,138.1958762886598,0.1582999728392437,0.3541578964560011,3.4263950906004816,0.0913130412020704,5.222258696110858,0.240495867768595,20.59585975602556,trainval/2836
2842,2842.jpg,trainval,calibration,1,malignant,ground_truth,0.5924198362324403,84.09143047593027,88.72992730753249,3188.5,49.81743147110225,238.40916292849028,0.0747715737583472,3189.0,0.8396053548537692,60.0,120.0,26188512.0,1.944145233383,33.0,2.674831408346656,163.0,18.79283767961776,87.68955785512699,85.0,34.0,129.0,14.03449019352658,90.62085426985506,0.4593208297522914,26188512.0,0.2922104746039738,522.6806717706415,9.694730077120822,30.273367645266383,2.724533654971673,3.3464719660523,0.2098329048843188,0.8819938602007111,0.2059768637532133,0.7456877991241598,0.1674064364827089,0.8976542416452441,0.8973971722365037,0.994344473007712,0.970643591626882,-0.5364271094775104,0.9338124219042948,0.2026028277634961,2.9850578406169666,0.2024344667131462,2.804451743195372,0.88486000664738,0.2982005141388175,5.970115681233933,2.58520631934437,0.8890762177341547,185.2443820224719,0.2601746938517864,1.122678244539831,12.155898876404494,39.74297752808989,321.72752808988764,7.012850733458177,0.138918929463171,97.29775280898876,0.1366541472036359,0.3088181621018213,4.292136518037402,0.0411420035493137,5.311664869418177,0.2232674819692693,19.68214043365736,trainval/2842
2850,2850.jpg,trainval,calibration,1,malignant,ground_truth,0.502001303646219,317.4999050044852,313.3209217399949,33695.0,159.3853662198022,958.808224589216,0.0284555045137028,33696.0,0.6786657176390442,2.0,63.0,44276857.0,1.5691557417358144,37.0,4.510090229327957,185.0,22.34681168882557,23.663194444444443,9.0,0.0,185.0,16.248645378306513,36.24926604686462,1.3777814287690848,44276857.0,0.4442913082161806,754.0625176207858,3.601924341122333,83.01965682381328,12.765676003185137,3.838686059543378,0.1041953026952728,0.947147634877802,0.1038964919619913,0.482387989252328,0.0934008216532646,0.9481015558078846,0.9480816350923325,0.9983974009685794,0.9884592654568152,-0.688663580218437,0.9400123807487348,0.1036350325703699,1.6334936950935277,0.4059192575862059,2.047867341652502,0.9481530507897302,0.6083487718878862,3.2669873901870554,1.942527139999129,0.9857203405596624,943.1966504592112,0.2547802945594844,1.3284376047990178,7.8074014046461375,918.0334954078876,1080.3862776877363,895.4576055674386,0.3099409926270166,465.184224743382,0.1256575431505623,0.26232542271195,2.442647792281317,0.0630693782933356,5.705613214646186,0.1098646723646723,835.1851441290222,trainval/2850
2851,2851.jpg,trainval,calibration,1,malignant,ground_truth,0.976775032636055,299.9761528780951,328.16002194051606,67826.5,293.0092165175396,1004.4894654563486,0.014809690393229,67827.0,0.9190925569415264,1.0,21.0,9300475.0,0.340146330816433,11.0,4.953077784064718,62.0,7.38198478429548,7.264968227991803,2.0,0.0,62.0,5.060016775074602,11.70984807617346,1.5443692418354067,9300475.0,0.8849341328034035,84.34077861333293,1.1796804430557817,0.895484169080074,0.4184742750659087,0.2264210524674441,0.0119796834046586,0.899499610512227,0.0119796834046586,0.0936486020012919,0.0118361705901827,0.9940101582976706,0.9940101582976706,0.998802031659534,0.9970050791488352,-0.7592066862598049,0.6318644466493353,0.0119796834046586,1.061164502228606,0.8754556276291937,0.4164113277264537,0.8996563431676208,0.9341191452814264,2.122329004457212,0.4044316443217957,0.0596001839680256,543.7276018099548,0.4920611781085563,0.2729100550766773,2.448868778280543,11850.458823529412,12011.454298642531,11810.75294117647,0.6508547008547009,28.044343891402715,0.0253794967343011,0.0883188675570826,0.3037313199539823,0.0370064404061845,6.9256535637936825,0.0162914473587214,8082.72112037018,trainval/2851
2857,2857.jpg,trainval,calibration,1,malignant,ground_truth,0.7783730892603573,105.65566061531295,107.91200118615168,6464.5,82.239522950985,355.6467529817271,0.0550153535434646,6465.0,0.8014077794583465,21.0,87.0,24528609.0,2.1018563206301923,29.0,4.887938439017892,184.0,19.563712464463,55.62985305491106,54.0,8.0,176.0,12.88884558624448,61.5959553618365,0.933292387429536,24528609.0,0.2854697762776422,699.3811660263578,8.523644933228592,106.83395767142449,7.4054260718779314,4.852845953389294,0.1545954438334642,0.9382537181886114,0.1530243519245875,0.6225139613984645,0.1311789915515241,0.9237496726891856,0.9236449332285938,0.9976237412603568,0.9830147508073666,-0.6552856031099804,0.9670500180311878,0.1516496465043204,2.7109190887666923,0.2183606834558344,2.8075142469275773,0.948051807092665,0.3814611154752553,5.421838177533385,2.647208728843513,1.2518603493056897,264.2310570626754,0.2471759186741584,1.4600935803724489,11.404115996258184,96.17118802619272,684.2563143124415,33.09023139221389,0.1737408827734399,123.21141253507952,0.115258571127296,0.2730108341098154,3.786827243499358,0.0332328022521133,5.758623303597396,0.1653518948182521,59.59641429835285,trainval/2857
2859,2859.jpg,trainval,calibration,1,malignant,ground_truth,0.7189633155082024,132.84038778739523,140.05713120009278,9481.5,95.507365637021,422.67619023324994,0.0445790423702209,9482.0,0.8166494471975961,1.0,48.0,6636064.0,1.1954740573776073,28.0,3.205867746258563,86.0,15.667859096116617,18.27209449483232,13.0,0.0,86.0,11.784614636175942,26.454850244433235,1.0374857589278943,6636064.0,0.5339027563232076,365.9896642273077,2.373454157782516,13.54987186845138,3.5390700270170004,1.7360529707539063,0.0446695095948827,0.9498299032130668,0.0446695095948827,0.2633065585637935,0.0426741445074354,0.9776652452025586,0.9776652452025586,0.9973723817885364,0.9910660980810234,-0.7746442353437202,0.9159349503357536,0.0446695095948827,1.396641791044776,0.5120152947567979,1.4441784091129442,0.9502122666063332,0.6859275053304904,2.7932835820895523,1.3995088995180625,0.4451806200871973,186.5662188099808,0.3580925504990034,0.5679024170998486,4.506717850287908,1007.7159309021112,1356.362763915547,950.7008423970996,0.422424824056302,25.02687140115163,0.0480362214993313,0.0949142816700378,0.6054919740449151,0.0260572493283999,6.105552178683294,0.0549462138789284,676.4899038833485,trainval/2859
2860,2860.jpg,trainval,calibration,1,malignant,ground_truth,0.6995705270852034,377.3554847314327,388.1855226563711,77741.5,263.9867753520608,1103.3006486383863,0.0141919135678934,77742.0,0.8958545761929947,7.0,76.0,177526429.0,1.98281099790041,33.0,3.891318645313326,177.0,21.10470057485994,39.44201332613002,36.0,0.0,177.0,14.699420652797848,47.7863273729,0.915709676562743,177526429.0,0.2904464112235385,727.8606685713539,5.621493577744787,81.77511409086989,9.84349512025571,4.553554057299834,0.0653714580778416,0.9716940843232036,0.0653714580778415,0.3484084499617553,0.0610980305466185,0.9673142709610792,0.9673142709610792,0.998994285260341,0.9927365046580175,-0.8034501700155557,0.9791148662254004,0.0653714580778415,2.121190214935777,0.2591287515578739,2.372448988127793,0.9726157137147234,0.354521396759827,4.242380429871555,2.3070775300499533,1.154731378844419,1301.4336266616738,0.243668531485054,1.4704261659625382,8.01160831304999,501.5843475004681,1900.4708856019472,296.66819334456926,0.3217947398955838,224.42744804343755,0.0420197431273989,0.0781851554757327,0.735567949103263,0.0221182512332164,7.220442836339579,0.0687016027372591,289.71591067198705,trainval/2860
2861,2861.jpg,trainval,calibration,1,malignant,ground_truth,0.8150805713063064,148.64656522965933,157.165517846632,13953.5,121.15892731011084,466.41630560342776,0.0334264740461839,13954.0,0.8977859109857791,17.0,73.0,31243367.0,1.9103710890823355,30.0,7.336384403194115,243.0,18.007359045299008,41.22681668338828,36.0,0.0,243.0,12.49153943836977,47.3183460268644,1.4886006412966386,31243367.0,0.3093500832779889,539.3754568723717,5.486836395197454,81.81701443721091,8.349450818277703,3.72354645529446,0.1936207145956892,0.9011424806763508,0.1803124547953131,0.6946913518830412,0.1611081332413774,0.9115012777858142,0.9111235438772648,0.9980988714209909,0.9837002888138432,-0.5790085026198452,0.9429734696856972,0.1736025724480447,2.1457760740633587,0.2247002191001136,2.699622289931851,0.9115942491780248,0.3734268768985968,4.291552148126717,2.5076995487486133,0.9792917924725376,667.2844861273935,0.2607598617144953,1.4138072630889515,7.357952325127003,58.11723329425557,254.7881985150449,26.72592180597363,0.3452872205863516,273.1703790543181,0.1067488780986002,0.2316351861873946,2.269863218729673,0.0675358562764658,5.748453908572429,0.183388275763222,28.38299171975913,trainval/2861
2877,2877.jpg,trainval,calibration,1,malignant,ground_truth,0.9528530716098904,85.99117906600533,106.07544484940895,5225.5,81.93695910439929,319.6051224213842,0.0611625916029823,5226.0,0.8017798301012572,6.0,61.0,7426353.0,1.6602691937575518,27.0,3.3344659250753272,118.0,16.435262455422848,31.554726368159205,29.0,0.0,118.0,11.901047782947602,37.696679026727104,0.7823077212781757,7426353.0,0.3549280885161756,425.33885347468544,3.780307452811831,21.12571932708008,3.5447401777354126,2.50865995380949,0.184860867873127,0.8627366334909958,0.184860867873127,0.6905961369531872,0.1506873274023213,0.9075695660634364,0.9075695660634364,0.9928899666202642,0.9691898553544788,-0.5184507705177999,0.9033870899728106,0.184860867873127,1.7886748394629304,0.2573728798252708,2.41958094038148,0.8697880911486454,0.3706946876824284,3.577349678925861,2.2347200725083542,0.6733802054206544,318.75506268081006,0.3073819312254677,0.8610421167059866,5.406943105110897,52.09643201542912,139.97299903567983,36.56673738347798,0.4050366977392049,128.16297010607522,0.123590135107112,0.2528586746631681,1.7964004554916522,0.0797769473266647,5.243896269175862,0.1984309223115193,26.69949756781161,trainval/2877
2878,2878.jpg,trainval,calibration,1,malignant,ground_truth,0.8454840897966407,62.14232257086416,63.69458375717672,2460.5,52.54034503667632,204.75230867899788,0.0832157320377963,2461.0,0.8587916424962643,38.0,117.0,16957241.0,2.3890530724716617,45.0,2.805129645224735,180.0,25.37391449645762,76.88622511174319,76.0,0.0,180.0,18.321356275303643,83.00835155742575,0.0869212775358518,16957241.0,0.2150820578348527,978.8948163475368,14.339166666666666,107.08927364956584,2.577740145688656,6.397449826388888,0.3004166666666666,0.9102948179160804,0.27375,0.9032788435639104,0.2254776041666667,0.8675694444444444,0.8657916666666666,0.9954144042232276,0.9698796296296296,-0.534874321447512,0.9607819462515788,0.2504166666666667,3.5797916666666665,0.1255921006944444,3.513395334025045,0.9126945741054052,0.2091666666666666,7.159583333333334,3.15821028179417,1.674466623263889,147.78425655976676,0.2154289454224005,1.6772688250643866,16.06413994169096,22.05393586005831,284.5816326530612,3.439121135456126,0.1189995756563072,112.55102040816328,0.1640685428690426,0.3687829667636353,6.60780918312474,0.0367026114217892,5.321294694986735,0.2787484762291751,9.184041088322044,trainval/2878
