id,image_name,official_split,analysis_split,label,label_name,mask_source,original_shape2D_MajorAxisLength,original_glszm_HighGrayLevelZoneEmphasis,original_shape2D_Elongation,original_glcm_ClusterShade,original_firstorder_Range,original_glszm_LargeAreaHighGrayLevelEmphasis,original_shape2D_MaximumDiameter,original_firstorder_Maximum
0,0000.jpg,trainval,train,0,benign,ground_truth,0.09348114,0.41154546,-1.1675682,-0.53503084,0.80423486,-0.20248932,0.046096493,0.6618193
2,0002.jpg,trainval,train,0,benign,ground_truth,-0.21493307,1.7738969,-0.3353059,-0.5735104,0.71504146,-0.41938776,-0.22179407,0.9929108
3,0003.jpg,trainval,train,0,benign,ground_truth,1.9714559,0.19543584,-2.4310741,-0.69772995,-0.33298147,0.18225318,1.0908465,-0.52065057
5,0005.jpg,trainval,train,0,benign,ground_truth,-0.82758075,-0.5439181,-1.1507053,-0.5121825,-1.1134241,-0.5463725,-0.8337102,-1.3483795
6,0006.jpg,trainval,train,0,benign,ground_truth,-1.0934483,-0.679671,0.879054,0.12547648,-0.3552798,-0.6649337,-1.1281374,0.09423375
7,0007.jpg,trainval,train,0,benign,ground_truth,0.38353124,1.5238695,-0.43736526,-0.7837578,1.1387103,0.055374715,0.39179152,1.0165602
9,0009.jpg,trainval,train,0,benign,ground_truth,-0.19090655,0.8578614,-0.8080096,0.002519567,0.5589529,-0.31536257,-0.2500553,0.4016759
10,0010.jpg,trainval,train,0,benign,ground_truth,-0.16435589,0.47091067,0.030914785,-0.076729186,0.64814633,-0.31524563,-0.16711733,0.6381699
12,0012.jpg,trainval,train,0,benign,ground_truth,-1.3664274,0.4320969,-0.019205287,-0.11281741,0.26907423,-0.6507181,-1.4161545,0.14153254
15,0015.jpg,trainval,train,0,benign,ground_truth,-0.33267936,1.5675917,-0.8479747,-1.0607847,0.91572666,-0.06042518,-0.31655607,0.78006625
18,0018.jpg,trainval,train,0,benign,ground_truth,0.4655003,0.035528995,0.4400232,-0.48501056,0.9603234,-0.27024204,0.5126054,0.82736504
23,0023.jpg,trainval,train,0,benign,ground_truth,-0.35013753,0.15122463,-0.7729216,-0.33550516,1.0941136,-0.50484985,-0.32570758,1.0165602
24,0024.jpg,trainval,train,0,benign,ground_truth,1.6597598,3.1659143,-0.60846144,-0.029965447,1.0718151,0.80263203,1.6313205,1.0165602
25,0025.jpg,trainval,train,0,benign,ground_truth,0.7535242,-1.2370884,0.046644237,-0.2653007,-0.66745687,0.098124556,0.79575443,-0.89904094
27,0027.jpg,trainval,train,0,benign,ground_truth,-0.0051454375,0.10977071,0.96132535,2.3495777,0.625848,0.16396181,0.071974926,0.4726241
28,0028.jpg,trainval,train,0,benign,ground_truth,0.17946552,-0.7714645,0.38025087,0.11826491,-0.39987653,-0.048019957,0.22480632,-0.61524814
29,0029.jpg,trainval,train,0,benign,ground_truth,-0.842359,0.096886694,0.31002107,0.4521687,-0.3106831,-0.3172035,-0.8590381,-0.16590962
30,0030.jpg,trainval,train,0,benign,ground_truth,-0.8797051,0.72513145,-0.3229352,-0.8449815,0.09068737,-0.25425178,-0.91448486,0.18883134
31,0031.jpg,trainval,train,0,benign,ground_truth,0.1899953,1.6417575,-0.22433725,-0.67483544,-0.065401144,0.7054677,0.26894102,0.07058436
32,0032.jpg,trainval,train,0,benign,ground_truth,-1.0457095,-0.2320439,-0.57237935,0.26819018,0.938025,-0.5793381,-1.054238,0.80371565
33,0033.jpg,trainval,train,0,benign,ground_truth,-0.5903627,-0.88579804,-0.09010913,0.2969142,-0.043102782,-0.4996605,-0.6180995,-0.2368578
36,0036.jpg,trainval,train,0,benign,ground_truth,2.1994588,0.8923801,-0.38424155,-0.46659392,0.7819365,0.32285544,2.2545729,0.6381699
38,0038.jpg,trainval,train,0,benign,ground_truth,0.890624,-0.020510038,0.037825234,-0.82101196,0.9826217,-0.15082715,0.91496766,0.85101444
39,0039.jpg,trainval,train,0,benign,ground_truth,0.8646424,0.22186144,-1.6777209,2.1437733,1.1387103,1.398243,0.81760544,1.0165602
41,0041.jpg,trainval,train,0,benign,ground_truth,0.80168015,2.2086148,-1.0740143,-0.5077866,0.42516276,1.758423,0.8435153,0.945612
42,0042.jpg,trainval,train,0,benign,ground_truth,-0.5780802,1.1391087,0.47163635,-0.051866453,0.49205783,-0.2994185,-0.5364824,0.85101444
43,0043.jpg,trainval,train,0,benign,ground_truth,-0.4474325,0.9862704,0.95092297,0.050197665,0.64814633,0.39351034,-0.46241874,0.4962735
44,0044.jpg,trainval,train,0,benign,ground_truth,-0.095036216,0.38392714,0.96757346,0.57937413,1.0718151,0.25594485,-0.086518504,1.0165602
45,0045.jpg,trainval,train,0,benign,ground_truth,0.79627216,-0.23848566,1.5402598,0.32003582,0.60354966,3.1064794,1.0728921,0.4489747
47,0047.jpg,trainval,train,0,benign,ground_truth,-0.16002484,1.8786943,-0.4633203,-1.0363294,-0.22148965,0.09471832,-0.12804843,-0.071312025
48,0048.jpg,trainval,train,0,benign,ground_truth,0.7525214,-0.58150554,0.5555599,0.09991825,0.71504146,0.018523702,0.7917692,0.5672217
49,0049.jpg,trainval,train,0,benign,ground_truth,-1.0204074,-0.14779535,1.491121,3.9163144,1.1164119,-0.72272974,-1.0266962,0.9929108
51,0051.jpg,trainval,train,0,benign,ground_truth,-0.14586222,-0.87913114,-1.8481643,-0.10276825,0.625848,-0.5064067,-0.124196455,0.4726241
52,0052.jpg,trainval,train,0,benign,ground_truth,1.7408478,0.8924432,-0.5445452,1.6399546,1.1387103,-0.4034216,1.6695646,1.0165602
54,0054.jpg,trainval,train,0,benign,ground_truth,0.93743473,0.43827024,-0.47021636,3.4351442,1.1387103,0.18481262,0.91122806,1.0165602
55,0055.jpg,trainval,train,0,benign,ground_truth,-0.7320836,0.5993743,-1.1774554,2.0803201,0.9826217,-0.3992814,-0.7397319,0.9692614
56,0056.jpg,trainval,train,0,benign,ground_truth,1.2542684,-0.63050115,1.7184868,-0.7178348,-0.22148965,6.2616224,1.683209,-0.3551048
57,0057.jpg,trainval,train,0,benign,ground_truth,0.74178463,0.6154232,-1.0174227,2.0895402,1.0941136,-0.38721755,0.6818624,1.0165602
58,0058.jpg,trainval,train,0,benign,ground_truth,0.98177916,0.3643332,-0.75786906,2.0929086,0.69274306,0.42692363,0.9127517,0.5435723
59,0059.jpg,trainval,train,0,benign,ground_truth,-0.68750083,-0.32499924,1.007486,1.3425965,0.5143562,-0.5325797,-0.65057665,0.35437712
60,0060.jpg,trainval,train,0,benign,ground_truth,1.2625797,-0.08176043,-0.39420068,2.5060563,0.8488316,-0.21676223,1.321978,0.70911807
61,0061.jpg,trainval,train,0,benign,ground_truth,2.489737,-0.18795238,-0.40723327,1.2218918,-0.13229622,6.140334,2.4235673,-0.33145538
62,0062.jpg,trainval,train,0,benign,ground_truth,0.08046689,-0.7886879,-0.71538395,0.0033557564,-0.020804424,-0.43868068,-0.00019468798,-0.2132084
63,0063.jpg,trainval,train,0,benign,ground_truth,0.40246633,0.4889355,-0.86840403,-0.6103239,0.3582677,0.15243271,0.40845186,0.4962735
65,0065.jpg,trainval,train,0,benign,ground_truth,0.57092154,0.70556426,1.3220733,3.8593516,1.0718151,0.21727882,0.72065115,0.945612
66,0066.jpg,trainval,train,0,benign,ground_truth,2.3850253,0.03430102,-2.918259,1.8652799,0.31367096,-0.62544364,1.1039445,0.21248074
67,0067.jpg,trainval,train,0,benign,ground_truth,-1.0311966,1.190145,-1.0306171,0.9716967,0.938025,-0.5929767,-1.0594302,0.87466383
68,0068.jpg,trainval,train,0,benign,ground_truth,0.5998401,1.7610464,-1.3772848,-0.34698576,0.80423486,0.15539093,0.66851664,0.9929108
69,0069.jpg,trainval,train,0,benign,ground_truth,1.2012949,1.0829139,-1.3403192,-0.562559,1.0718151,1.1347116,1.0893232,1.0165602
70,0070.jpg,trainval,train,0,benign,ground_truth,0.16168875,0.076507226,0.94208944,1.2920426,1.1164119,1.4631411,0.23788683,1.0165602
71,0071.jpg,trainval,train,0,benign,ground_truth,2.401433,0.03893777,-1.4970298,1.3540105,0.69274306,1.4738144,2.311913,0.80371565
72,0072.jpg,trainval,train,0,benign,ground_truth,-0.26198032,0.73581696,-1.4202111,1.7389275,0.9826217,0.12645806,-0.2617152,0.9929108
73,0073.jpg,trainval,train,0,benign,ground_truth,1.9439073,3.958098,0.36519545,-1.4726546,1.1387103,0.9966378,1.9385842,1.0165602
74,0074.jpg,trainval,train,0,benign,ground_truth,-1.2690922,-0.4423957,0.42788112,0.12318377,-1.0242306,-0.66802514,-1.3232788,-1.2301325
75,0075.jpg,trainval,train,0,benign,ground_truth,-0.029512677,-0.8135701,0.43672833,0.5523858,0.5143562,-0.40790275,0.0034534307,0.4962735
76,0076.jpg,trainval,train,0,benign,ground_truth,1.0943547,-0.548162,0.26595435,-0.21365309,1.1387103,-0.32038325,1.1605431,1.0165602
77,0077.jpg,trainval,train,0,benign,ground_truth,-1.1105205,1.1115139,0.74512315,2.8023958,0.8488316,-0.6519318,-1.1118045,1.0165602
78,0078.jpg,trainval,train,0,benign,ground_truth,0.79159755,1.6993891,1.0835801,-0.4308412,0.9603234,-0.18383522,0.9257488,0.945612
79,0079.jpg,trainval,train,0,benign,ground_truth,0.015411586,0.6102566,-1.2516128,-0.06719052,0.71504146,-0.5066094,-0.026983475,1.0165602
80,0080.jpg,trainval,train,0,benign,ground_truth,-1.2252978,-0.090976834,1.7162249,-0.054806214,0.09068737,-0.6807507,-1.2625667,0.09423375
81,0081.jpg,trainval,train,0,benign,ground_truth,0.6935576,1.149456,-0.55887884,0.1768369,0.87112993,-0.40227237,0.7173886,1.0165602
82,0082.jpg,trainval,train,0,benign,ground_truth,-0.87189436,1.3260646,0.16001955,-0.5424622,1.0495168,-0.16821241,-0.90078014,0.9219626
83,0083.jpg,trainval,train,0,benign,ground_truth,-1.1122702,1.4154882,-0.917763,2.084894,1.0272185,-0.64450943,-1.12799,0.8983132
84,0084.jpg,trainval,train,0,benign,ground_truth,-0.26282567,1.7644025,-1.4014834,-0.79912585,0.9826217,-0.20610754,-0.511803,0.85101444
85,0085.jpg,trainval,train,0,benign,ground_truth,2.0827582,0.2408238,-0.18972689,-0.25296977,0.75963813,0.27640864,2.4316084,0.6381699
86,0086.jpg,trainval,train,0,benign,ground_truth,1.3063632,0.8174688,1.0053076,-0.7000515,0.64814633,0.53883255,1.8817343,0.4962735
88,0088.jpg,trainval,train,0,benign,ground_truth,1.105882,-1.2854209,0.5391998,-0.47415394,-1.1803191,0.37058714,1.207543,-1.4429771
89,0089.jpg,trainval,train,0,benign,ground_truth,-0.0813827,-0.97785854,0.111404434,-0.04232539,0.7819365,-0.34642932,-0.028888343,0.6381699
90,0090.jpg,trainval,train,0,benign,ground_truth,0.05233712,0.11950723,-0.6908779,-0.70380217,-0.043102782,-0.16030438,0.051803023,-0.2368578
92,0092.jpg,trainval,train,0,benign,ground_truth,0.3714113,0.68900883,0.6890542,0.04616534,0.22447753,2.2434893,0.41042182,0.4726241
94,0094.jpg,trainval,train,0,benign,ground_truth,-0.2281976,1.1985899,-0.3634847,3.2642212,1.0495168,-0.3617278,-0.2500553,0.9219626
96,0096.jpg,trainval,train,0,benign,ground_truth,0.15292737,-0.08693097,-1.052593,-0.68586165,-0.73435193,0.2784092,0.14469126,-0.9699891
97,0097.jpg,trainval,train,0,benign,ground_truth,-0.32111144,-0.35086444,-0.48324046,-0.65619737,-1.6039879,0.0048400704,-0.35877025,-0.9463397
99,0099.jpg,trainval,train,0,benign,ground_truth,0.17093778,1.8219019,-1.3602114,0.47138694,1.0718151,-0.16050962,0.19338712,1.0165602
100,0100.jpg,trainval,train,0,benign,ground_truth,0.96776325,0.050763965,1.8633455,-0.051339295,1.0941136,-0.30948532,1.1271036,0.9692614
101,0101.jpg,trainval,train,0,benign,ground_truth,1.3923969,1.6605852,0.7151961,2.2928355,1.0941136,0.010723111,1.7238111,1.0165602
102,0102.jpg,trainval,train,0,benign,ground_truth,0.09560426,0.036812775,1.1702574,0.3162574,1.1164119,-0.3766513,0.12634498,1.0165602
104,0104.jpg,trainval,train,0,benign,ground_truth,0.24957962,-0.85998,0.5170638,0.1021862,0.17988081,0.38016272,0.34161574,-0.00036383688
105,0105.jpg,trainval,train,0,benign,ground_truth,0.59630007,4.886555,-0.7054845,-1.9928546,0.938025,0.90750295,0.55953556,1.0165602
106,0106.jpg,trainval,train,0,benign,ground_truth,0.38640097,0.08889731,-1.8248032,-0.23249407,0.49205783,-0.51576394,0.32139614,0.33072773
107,0107.jpg,trainval,train,0,benign,ground_truth,0.34231818,-0.32118994,0.8229765,-0.21404745,-0.84584373,-0.056724083,0.39964852,-1.0882361
108,0108.jpg,trainval,train,0,benign,ground_truth,0.5451763,1.4346615,-0.874443,-0.62952375,0.60354966,-0.15256351,0.587049,0.5435723
109,0109.jpg,trainval,train,0,benign,ground_truth,0.04932115,1.3035697,-0.571826,-0.79675597,-0.1991913,0.7705519,0.02510644,-0.11861082
110,0110.jpg,trainval,train,0,benign,ground_truth,-0.22461385,0.79642,-0.10693687,-0.72715545,-0.020804424,0.08557821,-0.24293005,0.07058436
111,0111.jpg,trainval,train,0,benign,ground_truth,1.4007277,1.8539426,-0.024066925,3.877544,1.1387103,1.2687048,1.4204975,1.0165602
113,0113.jpg,trainval,train,0,benign,ground_truth,-0.46979046,0.27133036,-0.83685946,-0.99115425,-0.020804424,-0.23344567,-0.39131913,-0.16590962
114,0114.jpg,trainval,train,0,benign,ground_truth,0.85079306,0.2179008,-1.1385598,1.6073823,0.06838901,0.68699616,0.71797615,-0.11861082
115,0115.jpg,trainval,train,0,benign,ground_truth,1.6602713,1.0353781,-0.8752641,3.7983532,1.1164119,0.49911502,1.557685,0.9929108
117,0117.jpg,trainval,train,0,benign,ground_truth,1.6000625,-0.52477413,-0.6886235,0.79293907,0.09068737,0.9683346,1.6532202,-0.09496143
118,0118.jpg,trainval,train,0,benign,ground_truth,0.32240704,0.1779685,0.48688772,-0.3765286,1.0495168,-0.31314102,0.31768864,0.9219626
120,0120.jpg,trainval,train,0,benign,ground_truth,-1.0075312,0.5129529,-1.3711607,4.728216,0.9603234,-0.66498405,-1.0681643,0.87466383
123,0123.jpg,trainval,train,0,benign,ground_truth,-0.6609789,0.4642629,0.364983,-0.23265575,0.33596933,-0.62102467,-0.64595526,0.16518193
124,0124.jpg,trainval,train,0,benign,ground_truth,-1.0483767,-1.1219676,0.057884563,-0.2648457,-1.0911257,-0.6933669,-1.0897335,-1.3483795
125,0125.jpg,trainval,train,0,benign,ground_truth,0.63824874,-0.5001505,0.017522018,0.39741713,0.71504146,0.4632909,0.61687243,0.5672217
126,0126.jpg,trainval,train,0,benign,ground_truth,-0.6834451,2.3963256,0.18766697,0.002426763,0.71504146,-0.4377424,-0.7124311,1.0165602
128,0128.jpg,trainval,train,0,benign,ground_truth,1.1167338,-0.120361954,0.09415889,1.0787421,1.0941136,0.62681484,1.1800596,1.0165602
129,0129.jpg,trainval,train,0,benign,ground_truth,1.2314777,-0.5702438,-0.03321982,-0.26700446,0.31367096,-0.32077324,1.1751794,0.14153254
131,0131.jpg,trainval,train,0,benign,ground_truth,0.28943425,-0.59719,0.7104858,0.56108266,0.91572666,-0.59662,0.2715163,0.78006625
132,0132.jpg,trainval,train,0,benign,ground_truth,-0.92359936,0.42641944,0.5129791,2.3444006,1.1387103,-0.64074636,-0.9239767,1.0165602
133,0133.jpg,trainval,train,0,benign,ground_truth,-0.97467446,-1.2897295,0.11440601,-0.6735103,-2.3175354,-0.46621883,-1.0077685,-2.6490963
135,0135.jpg,trainval,train,0,benign,ground_truth,-0.396132,-0.7666461,0.90035653,-0.72376734,-1.2249159,-0.37044245,-0.4207987,-1.4193276
136,0136.jpg,trainval,train,0,benign,ground_truth,1.0169647,0.06967717,-0.27247736,-0.2937134,0.91572666,0.2744538,0.9550375,0.78006625
137,0137.jpg,trainval,train,0,benign,ground_truth,0.2011834,2.2699199,0.013016687,1.6885521,1.1387103,-0.0561789,0.149356,1.0165602
138,0138.jpg,trainval,train,0,benign,ground_truth,-0.6801053,-0.26660326,-0.6305411,-0.75314957,-0.82354534,-0.36139834,-0.7525751,-0.2132084
139,0139.jpg,trainval,train,0,benign,ground_truth,1.4254715,-0.17402901,-0.94178206,1.1164485,0.8488316,1.3382747,1.3684773,0.70911807
140,0140.jpg,trainval,train,0,benign,ground_truth,0.33853343,-0.14682269,0.910784,1.2675499,0.64814633,-0.1271925,0.3321068,0.4962735
141,0141.jpg,trainval,train,0,benign,ground_truth,0.29297113,-0.818937,0.898423,0.03948645,0.8488316,-0.44282618,0.37400192,0.70911807
142,0142.jpg,trainval,train,0,benign,ground_truth,0.31922927,-0.49645975,-0.8867147,0.91873264,0.8265332,-0.5451892,0.3627461,0.6854687
144,0144.jpg,trainval,train,0,benign,ground_truth,-0.906771,-0.40221345,-0.18178537,-0.5328066,-0.60056174,-0.5133248,-0.9553286,-0.071312025
145,0145.jpg,trainval,train,0,benign,ground_truth,0.11387014,0.3106711,-0.45295203,-0.5007791,0.17988081,-0.083549164,0.10870831,0.16518193
147,0147.jpg,trainval,train,0,benign,ground_truth,0.86090744,-0.61944854,-0.5145826,0.6651093,0.60354966,-0.47983563,0.8191085,0.4489747
148,0148.jpg,trainval,train,0,benign,ground_truth,-1.1099569,1.2311729,0.76433635,-0.06050101,0.24677588,-0.3879558,-1.1509712,0.33072773
155,0155.jpg,trainval,train,0,benign,ground_truth,0.5745151,0.17498454,1.2273681,1.4898916,0.8265332,1.0501336,0.73722094,0.6854687
156,0156.jpg,trainval,train,0,benign,ground_truth,2.4759035,-0.035833575,0.704552,1.136465,1.1387103,0.13946906,2.558511,1.0165602
158,0158.jpg,trainval,train,0,benign,ground_truth,2.1321278,-0.71798205,1.049899,0.57719517,0.49205783,0.09140892,2.2305849,0.33072773
162,0162.jpg,trainval,train,0,benign,ground_truth,-0.51737905,0.6425793,0.24580933,-0.2704116,0.3582677,-0.42821315,-0.5175135,0.30707833
163,0163.jpg,trainval,train,0,benign,ground_truth,0.99032694,1.0956646,0.76189643,4.886288,1.1387103,1.3086948,1.1053196,1.0165602
164,0164.jpg,trainval,train,0,benign,ground_truth,0.49090183,0.46192515,0.50678927,-0.70994467,1.0495168,-0.29031223,0.58044064,1.0165602
165,0165.jpg,trainval,train,0,benign,ground_truth,0.105231844,0.6465329,1.0747019,-0.59143656,0.7373398,-0.31475955,0.15713234,0.6854687
167,0167.jpg,trainval,train,0,benign,ground_truth,0.82745636,-0.074483685,1.261738,-0.62368643,-0.15459459,0.81562984,0.8629225,-0.2132084
168,0168.jpg,trainval,train,0,benign,ground_truth,0.52934295,1.4274634,-0.07794714,-0.75488144,0.60354966,0.026392965,0.55142343,1.0165602
169,0169.jpg,trainval,train,0,benign,ground_truth,-0.74770266,0.33006117,-0.12683925,-0.00946514,1.1387103,-0.42669997,-0.7475613,1.0165602
170,0170.jpg,trainval,train,0,benign,ground_truth,0.59880835,0.23965558,-1.3464622,-0.8339777,0.53665453,-0.24164693,0.6154912,0.37802652
171,0171.jpg,trainval,train,0,benign,ground_truth,-0.50576264,1.3527973,-1.1711715,-1.4100449,-0.24378802,-0.25362477,-0.54818815,-0.44970238
172,0172.jpg,trainval,train,0,benign,ground_truth,0.27268395,-0.2294236,0.86883855,1.1643391,0.8488316,2.2572908,0.27256152,0.70911807
173,0173.jpg,trainval,train,0,benign,ground_truth,0.66378665,2.375264,-0.4044752,0.9782471,1.1387103,-0.1650795,0.7795993,1.0165602
174,0174.jpg,trainval,train,0,benign,ground_truth,0.26090607,0.9388177,-1.5735171,0.8586204,0.7819365,-0.048248686,0.39763048,0.80371565
175,0175.jpg,trainval,train,0,benign,ground_truth,-0.051015493,0.40616068,-0.17786783,-0.37400013,0.38056603,0.4954895,-0.07000627,0.21248074
176,0176.jpg,trainval,train,0,benign,ground_truth,-0.012611229,0.17048593,0.31525034,0.13261603,1.0718151,-0.5010669,-0.027269064,0.9929108
177,0177.jpg,trainval,train,0,benign,ground_truth,-0.5612841,0.077933855,-0.78933233,1.3950454,1.1387103,-0.5397213,-0.57542145,1.0165602
178,0178.jpg,trainval,train,0,benign,ground_truth,-0.8237543,-0.83068275,0.38010147,1.3776611,1.1387103,-0.6429834,-0.84268546,1.0165602
179,0179.jpg,trainval,train,0,benign,ground_truth,1.1712402,-0.008824046,0.22563669,1.1137918,1.1164119,0.27670276,1.1516584,0.9929108
181,0181.jpg,trainval,train,0,benign,ground_truth,1.8312662,0.44922632,-0.15943655,1.0003988,0.42516276,0.16937181,2.039526,0.25977954
182,0182.jpg,trainval,train,0,benign,ground_truth,-0.06484571,-0.7001528,-0.6324476,-0.5732454,0.33596933,-0.46406344,-0.027459484,0.16518193
183,0183.jpg,trainval,train,0,benign,ground_truth,0.3212786,-0.03123189,-0.281746,-0.4089769,0.38056603,-0.27893624,0.30342135,0.21248074
184,0184.jpg,trainval,train,0,benign,ground_truth,-0.3272472,1.7036569,-1.1829381,0.065005615,0.31367096,1.2960948,-0.31204703,0.25977954
185,0185.jpg,trainval,train,0,benign,ground_truth,-0.19616579,1.1055871,0.2172216,1.5445101,0.71504146,-0.094834246,-0.1778066,0.9692614
188,0188.jpg,trainval,train,0,benign,ground_truth,-0.41163677,-0.5044343,-0.5422444,0.09701309,0.5589529,-0.65888226,-0.42463574,0.4016759
191,0191.jpg,trainval,train,0,benign,ground_truth,-0.48584688,-0.7543224,0.85191876,0.95911306,1.1387103,-0.58561903,-0.4970808,1.0165602
192,0192.jpg,trainval,train,0,benign,ground_truth,0.9027876,-0.6702428,0.5396945,-0.5260644,1.1387103,-0.28438315,1.0823298,1.0165602
193,0193.jpg,trainval,train,0,benign,ground_truth,0.85315925,0.87584615,-1.1068022,1.5401518,0.9603234,0.8690931,0.80091614,0.82736504
194,0194.jpg,trainval,train,0,benign,ground_truth,0.17850317,1.2768241,0.8065609,-1.0115299,1.0495168,0.8870462,0.23262037,0.9219626
195,0195.jpg,trainval,train,0,benign,ground_truth,-0.0019003885,-0.60713905,0.87657225,0.32763144,0.09068737,0.8403164,-0.03818278,-0.09496143
196,0196.jpg,trainval,train,0,benign,ground_truth,2.6098506,-0.95692384,-0.9918857,-0.069209084,-0.020804424,1.4404213,2.5514581,-0.2132084
198,0198.jpg,trainval,train,0,benign,ground_truth,2.1494694,0.974493,-1.6133666,0.29905903,1.0941136,-0.02120181,2.0940654,1.0165602
199,0199.jpg,trainval,train,0,benign,ground_truth,0.29943898,1.1612959,-1.8262019,-0.10141491,0.938025,-0.40774092,0.29289085,0.9219626
203,0203.jpg,trainval,train,0,benign,ground_truth,0.14412542,0.30153787,-0.049999453,0.3023359,0.91572666,-0.42499506,0.2044193,0.78006625
204,0204.jpg,trainval,train,0,benign,ground_truth,-0.16579612,0.5532507,1.1654222,-0.71195084,-0.10999786,-0.4565091,-0.10870922,-0.14226022
208,0208.jpg,trainval,train,0,benign,ground_truth,1.5643271,2.3354816,1.0740275,-0.6859007,0.2913726,1.2352707,1.6222599,1.0165602
209,0209.jpg,trainval,train,0,benign,ground_truth,1.2839619,0.53094125,0.34335527,0.70026726,1.1387103,0.12008574,1.347311,1.0165602
210,0210.jpg,trainval,train,0,benign,ground_truth,0.6118281,-0.30533394,-0.067784995,0.85269,0.7373398,-0.6039901,0.7356825,0.5908711
211,0211.jpg,trainval,train,0,benign,ground_truth,1.1069494,-0.29495907,-0.5756255,1.3826618,1.1387103,-0.52562475,1.0301995,1.0165602
212,0212.jpg,trainval,train,0,benign,ground_truth,-0.8091426,-1.2685736,0.5978507,-0.5999709,-1.5593913,-0.54606795,-0.7917144,-1.8450168
213,0213.jpg,trainval,train,0,benign,ground_truth,-0.5908397,-0.8273108,-1.0189254,-0.57857776,-0.24378802,-0.36552158,-0.6638269,-0.4024036
214,0214.jpg,trainval,train,0,benign,ground_truth,-1.050889,-0.38299415,-0.8783948,-0.74543244,-1.8269715,-0.30663714,-1.1146001,-0.7571445
215,0215.jpg,trainval,train,0,benign,ground_truth,-0.29643446,2.845427,0.329237,-0.9882841,0.15758245,0.73998034,-0.2980101,-0.024013234
218,0218.jpg,trainval,train,0,benign,ground_truth,-0.10873083,-0.9371215,-1.5465758,-0.4896207,-0.9127388,-0.35526562,-0.154928,-1.0882361
220,0220.jpg,trainval,train,0,benign,ground_truth,-1.1651808,0.07632083,0.63419974,-0.7817543,-1.670883,-0.44717064,-1.1914476,-0.426053
221,0221.jpg,trainval,train,0,benign,ground_truth,0.5835116,-0.25420094,-1.4016179,1.2844565,0.80423486,-0.527592,0.45571816,0.6618193
222,0222.jpg,trainval,train,0,benign,ground_truth,-0.24063224,-0.55796266,-1.6014286,0.43860757,0.9603234,0.23888335,-0.3326055,0.82736504
223,0223.jpg,trainval,train,0,benign,ground_truth,0.10018328,0.24650532,-0.6741711,0.81128824,0.87112993,-0.53801817,0.09315503,0.73276746
224,0224.jpg,trainval,train,0,benign,ground_truth,-0.29903576,1.1624209,1.2727516,-0.78847665,0.58125126,-0.47288007,-0.2426008,0.6145205
226,0226.jpg,trainval,train,0,benign,ground_truth,0.80432475,0.7419603,0.07803036,1.8390285,1.1387103,-0.07435756,0.8039418,1.0165602
227,0227.jpg,trainval,train,0,benign,ground_truth,-0.9031046,-0.43854138,1.451646,-0.23111334,-1.2026174,-0.29502085,-0.9132285,-1.4429771
228,0228.jpg,trainval,train,0,benign,ground_truth,1.2445631,0.0858749,-0.2260894,1.9444705,0.938025,0.117927015,1.2278829,0.80371565
231,0231.jpg,trainval,train,0,benign,ground_truth,0.78852654,-0.5792669,0.95543563,0.19079179,1.1387103,1.5072286,0.8435153,1.0165602
232,0232.jpg,trainval,train,0,benign,ground_truth,-0.0004902296,-0.82391006,0.49907562,0.30640686,0.38056603,0.45077437,-0.0063633407,0.21248074
233,0233.jpg,trainval,train,0,benign,ground_truth,0.95880914,-0.4668815,-0.2526002,1.2637967,1.0049201,1.3439093,0.8951824,1.0165602
234,0234.jpg,trainval,train,0,benign,ground_truth,0.98253685,-0.31850404,-0.6543019,0.45478877,0.3582677,0.9886643,0.9920444,0.18883134
235,0235.jpg,trainval,train,0,benign,ground_truth,-0.7002769,-0.8681284,1.370174,-0.12044417,-1.2026174,-0.2195354,-0.72214884,-1.4666264
236,0236.jpg,trainval,train,0,benign,ground_truth,-0.29618275,0.26975617,0.02460177,0.13385972,0.26907423,-0.036479235,-0.31655607,0.21248074
237,0237.jpg,trainval,train,0,benign,ground_truth,-0.77443814,0.27542087,1.2963147,-0.68969923,-0.4667716,0.10558387,-0.8011101,-0.47335178
238,0238.jpg,trainval,train,0,benign,ground_truth,0.5683628,2.2931347,-1.4954972,-0.36899936,1.0718151,0.025088843,0.483826,0.945612
239,0239.jpg,trainval,train,0,benign,ground_truth,0.91035193,-0.022486947,-0.4958917,-0.116443396,0.38056603,-0.17848742,0.92994684,0.21248074
240,0240.jpg,trainval,train,0,benign,ground_truth,0.3663529,-0.7293593,0.87974495,0.17138097,1.0941136,-0.044459753,0.4413565,0.9692614
242,0242.jpg,trainval,train,0,benign,ground_truth,-0.95307446,2.6188633,0.010773142,-1.1922495,0.9826217,0.1615465,-0.9936506,0.85101444
243,0243.jpg,trainval,train,0,benign,ground_truth,-0.24446347,1.9268202,-0.98883915,0.023673465,1.0272185,0.24441418,-0.2546412,0.9929108
244,0244.jpg,trainval,train,0,benign,ground_truth,0.17918506,1.0110897,0.23943762,2.0715442,1.1387103,0.48867342,0.25262454,1.0165602
247,0247.jpg,trainval,train,0,benign,ground_truth,-0.13698861,-1.6764956,-0.8153157,-0.70660025,-2.8303976,0.15254894,-0.12759177,-3.1930325
248,0248.jpg,trainval,train,0,benign,ground_truth,1.1627073,-0.5303765,1.4304585,0.04410116,0.64814633,1.65373,1.2530109,0.5435723
249,0249.jpg,trainval,train,0,benign,ground_truth,-0.63510156,1.3626894,-0.49062806,0.22665581,0.938025,-0.36245358,-0.64192885,1.0165602
250,0250.jpg,trainval,train,0,benign,ground_truth,0.49998772,1.2596048,-1.7162962,-1.2659335,0.046090655,0.7180883,0.5921735,0.04693496
251,0251.jpg,trainval,train,0,benign,ground_truth,0.17575212,-0.003365909,0.89988065,0.42674553,0.9826217,0.54764634,0.285719,1.0165602
254,0254.jpg,trainval,train,0,benign,ground_truth,0.6581587,-1.0101079,-0.41166234,0.25291696,0.9826217,-0.08263181,0.68436354,0.85101444
255,0255.jpg,trainval,train,0,benign,ground_truth,0.7352007,-1.210189,0.4003357,-0.6210982,-1.4478995,-0.09789578,0.91817516,-1.7267698
256,0256.jpg,trainval,train,0,benign,ground_truth,0.73009026,0.25942907,-1.2502694,0.45207274,0.4028644,0.13461319,0.77525294,0.23613013
258,0258.jpg,trainval,train,0,benign,ground_truth,0.3917501,-1.0647233,0.4990593,0.008008484,0.80423486,0.06687994,0.4761706,0.6618193
259,0259.jpg,trainval,train,0,benign,ground_truth,-0.055702753,-0.56070507,-0.18720028,-0.27007583,-0.3106831,1.2043196,-0.06181441,-0.52065057
260,0260.jpg,trainval,train,0,benign,ground_truth,-0.70244366,1.8407743,1.8241448,-0.7565514,0.1352841,0.29357147,-0.6859406,-0.04766263
261,0261.jpg,trainval,train,0,benign,ground_truth,-0.48289,0.84262764,0.75198156,-0.49685997,0.8488316,-0.29618075,-0.45245045,0.70911807
264,0264.jpg,trainval,train,0,benign,ground_truth,-0.031050526,-0.85891217,-1.2330785,0.27426645,0.20217916,0.8452616,-0.040436774,0.07058436
265,0265.jpg,trainval,train,0,benign,ground_truth,0.87923634,-0.15503679,1.0286766,0.22998373,-0.043102782,0.58399975,1.0037218,-0.2368578
266,0266.jpg,trainval,train,0,benign,ground_truth,1.1067481,-0.39969137,0.9029828,0.8844072,1.1164119,0.39031002,1.4214039,0.9929108
267,0267.jpg,trainval,train,0,benign,ground_truth,-1.286792,-0.16325906,-1.6884165,2.510315,1.1387103,-0.69853604,-1.3562598,1.0165602
270,0270.jpg,trainval,train,0,benign,ground_truth,-0.044753455,-0.07594588,1.7143337,1.10239,0.7373398,-0.26483634,0.032078594,0.5908711
271,0271.jpg,trainval,train,0,benign,ground_truth,0.15224083,0.035792105,0.98808575,1.9899734,1.1164119,-0.3773317,0.19640242,0.9929108
272,0272.jpg,trainval,train,0,benign,ground_truth,-0.9261599,-0.23331182,0.12356077,0.43277696,0.4028644,-0.6243661,-0.9658906,0.85101444
273,0273.jpg,trainval,train,0,benign,ground_truth,-0.12842897,0.7609414,-0.21290544,1.2645121,-0.3552798,0.63041383,-0.102083534,1.0165602
274,0274.jpg,trainval,train,0,benign,ground_truth,0.16117944,2.0049975,-0.17878209,2.9052792,0.625848,1.3384055,0.14686391,1.0165602
275,0275.jpg,trainval,train,0,benign,ground_truth,0.79945594,-0.43224055,0.07908608,0.5929775,0.87112993,0.19818677,0.77319646,0.73276746
277,0277.jpg,trainval,train,0,benign,ground_truth,0.597391,2.0023506,0.7150932,2.2830765,1.1164119,0.76356757,0.65822655,0.9929108
278,0278.jpg,trainval,train,0,benign,ground_truth,0.8152699,0.9597259,0.14778529,3.002712,1.1387103,0.72362655,0.86677986,1.0165602
280,0280.jpg,trainval,train,0,benign,ground_truth,0.9138636,-0.41510355,0.63670856,-0.2508298,0.06838901,-0.37116963,1.121433,-0.11861082
281,0281.jpg,trainval,train,0,benign,ground_truth,1.7908533,1.8682916,-1.7445081,0.4095843,1.1164119,0.2198565,1.7549276,0.9929108
282,0282.jpg,trainval,train,0,benign,ground_truth,0.49006373,2.4649959,-0.10882749,0.5627641,1.1387103,-0.10248155,0.7326189,1.0165602
285,0285.jpg,trainval,train,0,benign,ground_truth,-0.51939416,0.7377326,0.5796447,-0.55793643,0.6704447,-0.023836369,-0.5367597,0.6381699
286,0286.jpg,trainval,train,0,benign,ground_truth,0.16328615,0.9801913,-0.978794,-0.46314916,0.38056603,-0.4425203,0.08437993,0.33072773
287,0287.jpg,trainval,train,0,benign,ground_truth,-1.1298108,1.3162751,1.4564706,-0.5278031,-0.60056174,-0.36369655,-1.1644076,-0.2605072
289,0289.jpg,trainval,train,0,benign,ground_truth,-0.28587997,-1.1126518,-0.47730094,-0.355682,0.69274306,-0.30446455,-0.27605653,0.5435723
290,0290.jpg,trainval,train,0,benign,ground_truth,-0.65960264,-0.3682123,0.059849754,0.32723913,0.38056603,-0.56512195,-0.71407807,0.21248074
291,0291.jpg,trainval,train,0,benign,ground_truth,-0.5262238,0.34874302,-0.29170352,-0.7861139,-0.1991913,-0.026611578,-0.54913414,0.4962735
292,0292.jpg,trainval,train,0,benign,ground_truth,-0.65987325,0.018150147,0.53913504,-0.729056,-1.425601,-0.1664596,-0.6949855,-0.7098457
294,0294.jpg,trainval,train,0,benign,ground_truth,0.16762394,-0.5143952,-0.23319636,-0.29141957,0.87112993,-0.09751052,0.1697008,0.73276746
296,0296.jpg,trainval,train,0,benign,ground_truth,-0.95349354,-0.17344752,-0.4378032,1.1474891,1.1387103,-0.5069031,-0.96978724,1.0165602
297,0297.jpg,trainval,train,0,benign,ground_truth,-0.48969814,-0.06243904,-0.4039565,1.7338494,1.1387103,-0.54389435,-0.5083835,1.0165602
298,0298.jpg,trainval,train,0,benign,ground_truth,-1.0085449,1.0400745,-1.7151142,1.3394479,0.69274306,-0.62151647,-1.0545611,0.8983132
299,0299.jpg,trainval,train,0,benign,ground_truth,0.11207976,-0.51040435,-1.3276896,0.41059408,-0.77894866,0.51148885,0.040530674,-1.0172879
300,0300.jpg,trainval,train,0,benign,ground_truth,0.8582528,0.502856,1.2842237,-1.0830628,0.938025,-0.10313024,0.9798008,0.80371565
302,0302.jpg,trainval,train,0,benign,ground_truth,-0.23502158,1.4565717,1.8248421,-1.0131645,0.5143562,-0.12864487,-0.1885739,0.4016759
303,0303.jpg,trainval,train,0,benign,ground_truth,0.096247055,0.8521901,1.0288296,-1.1604402,0.24677588,0.091376536,0.16449225,0.07058436
305,0305.jpg,trainval,train,0,benign,ground_truth,-0.30597466,1.9931889,-0.930031,-0.51360536,1.0495168,0.05398689,-0.29322106,0.9219626
306,0306.jpg,trainval,train,0,benign,ground_truth,0.24129044,-0.23913805,-0.05874877,-0.69647735,-0.77894866,-0.40716496,0.20741671,-1.0172879
307,0307.jpg,trainval,train,0,benign,ground_truth,-0.25105494,-0.9916514,0.65231735,-0.42524576,-0.9127388,0.008087186,-0.24347898,-1.1591843
308,0308.jpg,trainval,train,0,benign,ground_truth,0.79661274,-0.15171698,-1.1231762,-0.07458289,-0.17689294,-0.2192008,0.72325796,-0.33145538
309,0309.jpg,trainval,train,0,benign,ground_truth,-0.31257406,-0.64308536,-0.88293356,0.20898698,-0.73435193,-0.27947208,-0.3499507,-0.9699891
310,0310.jpg,trainval,train,0,benign,ground_truth,-0.67622524,-0.07615254,0.79810655,1.3758472,0.60354966,-0.43792784,-0.69377464,0.4489747
311,0311.jpg,trainval,train,0,benign,ground_truth,-0.47397318,-0.13756788,0.23438103,0.44798297,-0.1991913,0.5755976,-0.36756003,-0.16590962
312,0312.jpg,trainval,train,0,benign,ground_truth,-0.39568067,0.20282345,0.3396024,0.8305059,1.0495168,0.31286135,-0.3424594,0.9219626
314,0314.jpg,trainval,train,0,benign,ground_truth,0.17314449,-0.031808525,-1.5087464,-0.2669044,0.8934283,-0.398931,0.20866422,0.75641686
316,0316.jpg,trainval,train,0,benign,ground_truth,0.67608845,2.0838723,-0.27278516,-1.5161163,1.1164119,0.019563965,0.61310196,1.0165602
318,0318.jpg,trainval,train,0,benign,ground_truth,0.5608642,0.04663502,-0.26891363,-0.40049493,1.1387103,-0.5421361,0.7161476,1.0165602
319,0319.jpg,trainval,train,0,benign,ground_truth,-0.9079405,-0.015059964,-0.5397699,2.0063608,0.7819365,-0.6707125,-0.9385591,0.6381699
321,0321.jpg,trainval,train,0,benign,ground_truth,-0.5218639,-0.45983723,0.10302872,0.9396006,1.1387103,-0.63823175,-0.5454946,1.0165602
322,0322.jpg,trainval,train,0,benign,ground_truth,-0.63489604,-0.3618312,-0.77325225,1.7563461,1.0718151,-0.656632,-0.67967904,0.945612
323,0323.jpg,trainval,train,0,benign,ground_truth,-0.8061125,0.4323426,-1.2841471,3.5866675,0.9826217,-0.61552054,-0.82806224,0.85101444
324,0324.jpg,trainval,train,0,benign,ground_truth,-1.0657943,-0.2371237,1.7686148,0.13192894,-0.13229622,-0.4720661,-1.0841964,-0.14226022
325,0325.jpg,trainval,train,0,benign,ground_truth,-0.69728225,1.2672807,0.39326543,-0.5847397,0.8265332,-0.44501364,-0.74079174,0.82736504
326,0326.jpg,trainval,train,0,benign,ground_truth,0.91430116,0.35877416,0.9105019,-0.602372,1.0272185,-0.19189274,1.0971149,0.8983132
327,0327.jpg,trainval,train,0,benign,ground_truth,0.4110474,0.14123477,1.025723,-0.36134487,0.87112993,-0.30279684,0.5047652,0.78006625
328,0328.jpg,trainval,train,0,benign,ground_truth,0.08875237,-0.92534393,-0.35395595,0.35541025,-0.0876995,-0.45319098,0.075336404,-0.2841566
329,0329.jpg,trainval,train,0,benign,ground_truth,-0.8428913,-0.48103103,0.109580696,0.42287618,0.06838901,-0.39436656,-0.8732,-0.11861082
331,0331.jpg,trainval,train,0,benign,ground_truth,-0.22295406,-0.12646502,0.52615434,1.1582719,1.1387103,-0.12226959,-0.23126094,1.0165602
332,0332.jpg,trainval,train,0,benign,ground_truth,1.4930788,-0.78349626,-1.5617621,-0.028460339,1.0941136,-0.30397522,0.91226906,0.9692614
333,0333.jpg,trainval,train,0,benign,ground_truth,-1.220615,2.6071312,1.5706568,0.9961841,0.8265332,-0.35938552,-1.2576427,1.0165602
334,0334.jpg,trainval,train,0,benign,ground_truth,0.29192206,0.031786487,0.49305514,0.2864836,0.8934283,-0.041381232,0.3288294,0.75641686
336,0336.jpg,trainval,train,0,benign,ground_truth,-0.803566,1.4904727,-0.9256199,-0.046811327,0.49205783,-0.29955503,-0.83257747,0.78006625
338,0338.jpg,trainval,train,0,benign,ground_truth,-0.47927946,-0.20186715,1.622,-0.6846832,0.33596933,-0.14355415,-0.45009995,0.16518193
339,0339.jpg,trainval,train,0,benign,ground_truth,1.0559609,0.449939,-0.960383,0.107850164,0.64814633,0.072331786,1.0167834,0.4962735
341,0341.jpg,trainval,train,0,benign,ground_truth,0.040375244,-0.6363226,0.8935076,0.16498365,0.60354966,-0.38974956,0.041330174,0.4489747
342,0342.jpg,trainval,train,0,benign,ground_truth,0.29598758,-0.84393346,-0.88518584,-0.021011226,1.1387103,-0.6788251,0.23054665,1.0165602
344,0344.jpg,trainval,train,0,benign,ground_truth,0.8196214,-0.44951853,-1.148268,-0.6140097,-1.4478995,0.019454358,0.73338115,-1.4902759
346,0346.jpg,trainval,train,0,benign,ground_truth,0.092879996,0.13364649,0.15566783,-0.75370884,0.31367096,0.0280074,0.149356,0.14153254
347,0347.jpg,trainval,train,0,benign,ground_truth,-0.17712533,-0.82030606,0.86389107,-0.73792344,-0.5336667,-0.15781906,-0.14153087,-0.7571445
348,0348.jpg,trainval,train,0,benign,ground_truth,1.3235934,0.15042837,-0.5298125,-0.18881395,1.0941136,0.17497979,1.4136916,1.0165602
349,0349.jpg,trainval,train,0,benign,ground_truth,0.37065157,1.1629231,1.5847796,-0.55738425,1.1387103,-0.18885306,0.5096553,1.0165602
350,0350.jpg,trainval,train,0,benign,ground_truth,1.4713521,2.0051603,-0.92401123,-0.7322642,1.1387103,0.014606895,1.4571791,1.0165602
351,0351.jpg,trainval,train,0,benign,ground_truth,-0.63358355,0.64825284,1.355815,-0.40722573,-0.22148965,-0.24384719,-0.5964168,0.07058436
352,0352.jpg,trainval,train,0,benign,ground_truth,-0.36094505,-0.944208,0.60798466,0.019525766,-0.3106831,-0.29559505,-0.39254647,-0.52065057
353,0353.jpg,trainval,train,0,benign,ground_truth,-0.7807707,-0.71318793,-1.0667579,-0.6969597,-1.4033027,-0.5272763,-0.7971224,-1.0882361
354,0354.jpg,trainval,train,0,benign,ground_truth,-0.21890122,2.0315883,-0.64689445,0.42300946,0.71504146,-0.37501946,-0.27909482,1.0165602
355,0355.jpg,trainval,train,0,benign,ground_truth,-0.5203767,1.4264671,-1.0437766,-0.9808245,-0.801247,0.27157488,-0.55789715,-0.59159875
357,0357.jpg,trainval,train,0,benign,ground_truth,0.60419357,-0.21797557,-0.094496936,-0.75382245,0.2913726,0.26283726,0.622644,0.14153254
358,0358.jpg,trainval,train,0,benign,ground_truth,0.42436078,0.40667287,-0.105707645,-0.66244036,0.58125126,0.7159937,0.41802132,0.4962735
359,0359.jpg,trainval,train,0,benign,ground_truth,0.68372726,-0.8949051,0.15325245,0.40902403,0.75963813,0.1422459,0.7320187,0.6145205
360,0360.jpg,trainval,train,0,benign,ground_truth,0.6919171,-1.1750691,0.024985934,-0.3177349,-0.24378802,0.44732273,0.66731626,-0.44970238
361,0361.jpg,trainval,train,0,benign,ground_truth,-0.2392561,0.191472,-0.7894142,0.71455264,0.625848,0.8635088,-0.24257337,0.4726241
362,0362.jpg,trainval,train,0,benign,ground_truth,0.057942152,0.26584154,-0.6683392,1.4223355,0.80423486,-0.023703763,0.075336404,0.6618193
363,0363.jpg,trainval,train,0,benign,ground_truth,-1.0031006,1.9213225,0.39613035,-0.81230056,-0.26608637,-0.021950833,-1.0336542,-0.33145538
364,0364.jpg,trainval,train,0,benign,ground_truth,0.5206773,1.2695953,0.18315896,-0.42080894,1.1387103,-0.19642732,0.5583285,1.0165602
365,0365.jpg,trainval,train,0,benign,ground_truth,0.02123601,0.12913822,0.7370336,1.1408044,1.1387103,-0.17701508,0.0769476,1.0165602
366,0366.jpg,trainval,train,0,benign,ground_truth,-0.74813884,-0.04292638,0.6965193,-0.045537658,0.06838901,-0.56599927,-0.7455123,-0.11861082
367,0367.jpg,trainval,train,0,benign,ground_truth,1.0472527,-0.4552722,-1.2062159,0.16869944,0.625848,2.9691505,0.9674706,0.4726241
368,0368.jpg,trainval,train,0,benign,ground_truth,0.12432779,-0.5261718,0.5616363,0.29773423,1.1387103,0.19894014,0.22686581,1.0165602
370,0370.jpg,trainval,train,0,benign,ground_truth,-0.98138016,2.2763827,0.836261,-0.56591225,-0.28838474,0.19655903,-0.9979486,-0.2841566
371,0371.jpg,trainval,train,0,benign,ground_truth,-0.9056726,-1.1213366,0.17237267,-0.45043176,-2.0053585,-0.5860287,-0.92280996,-2.270706
372,0372.jpg,trainval,train,0,benign,ground_truth,-0.7389063,-0.7892307,0.18134908,-0.4306682,-1.1134241,-0.2544858,-0.7839325,-1.3010807
373,0373.jpg,trainval,train,0,benign,ground_truth,0.44035,1.5194421,-1.1475456,-1.2675706,0.938025,-0.3510264,0.40918377,0.80371565
374,0374.jpg,trainval,train,0,benign,ground_truth,-0.57323223,-0.36937925,1.0968603,0.40906122,0.33596933,-0.6128609,-0.59371024,0.16518193
375,0375.jpg,trainval,train,0,benign,ground_truth,-0.35302854,-0.6538263,-1.0133826,0.22087705,-0.28838474,-0.6342789,-0.33674398,-0.49700117
376,0376.jpg,trainval,train,0,benign,ground_truth,-0.38792837,1.076897,-1.128399,-1.5091242,0.42516276,0.0673652,-0.3927,0.25977954
377,0377.jpg,trainval,train,0,benign,ground_truth,0.39502442,-0.8143657,-0.2801764,0.24597049,0.023792295,1.9287925,0.4706569,-0.16590962
380,0380.jpg,trainval,train,0,benign,ground_truth,0.35112262,0.5820851,-1.1555486,-0.6679684,-0.6897552,1.1973292,0.42428952,-0.2132084
381,0381.jpg,trainval,train,0,benign,ground_truth,0.35645497,-0.30106008,-1.7160063,-0.09528821,1.0718151,-0.52080244,0.250166,0.9929108
382,0382.jpg,trainval,train,0,benign,ground_truth,-0.6198305,-1.1720294,0.64791363,-0.61926687,0.4028644,-0.45251328,-0.6382616,0.23613013
383,0383.jpg,trainval,train,0,benign,ground_truth,-0.82703346,-0.91215664,-0.1738501,0.057187073,0.9826217,-0.54716146,-0.8613808,0.85101444
386,0386.jpg,trainval,train,0,benign,ground_truth,-0.8939956,-0.66170293,0.54717666,0.5282516,1.1387103,-0.6457615,-0.90093446,1.0165602
388,0388.jpg,trainval,train,0,benign,ground_truth,0.46247515,-0.9687673,0.9852539,0.09171801,0.3582677,1.2678014,0.50406575,0.18883134
389,0389.jpg,trainval,train,0,benign,ground_truth,0.004013716,2.3318706,-1.4991173,-0.75093603,-0.48906997,-0.40715006,-0.05780702,1.0165602
390,0390.jpg,trainval,train,0,benign,ground_truth,-0.5793271,4.174995,-0.2012077,2.0414395,1.0718151,-0.32580763,-0.60897946,1.0165602
393,0393.jpg,trainval,train,0,benign,ground_truth,0.039490134,-0.2857063,-0.16565266,-0.16386217,-0.84584373,1.8743982,0.03111388,-1.0172879
394,0394.jpg,trainval,train,0,benign,ground_truth,-0.84197146,-0.9321295,0.60858,-0.6150947,-2.0053585,0.24243794,-0.8348444,-1.8450168
395,0395.jpg,trainval,train,0,benign,ground_truth,-1.0579145,0.4718395,1.5857626,0.5648006,-0.26608637,-0.1561446,-1.0691576,0.09423375
398,0398.jpg,trainval,train,0,benign,ground_truth,-1.0434809,0.43029052,-0.55093193,-0.3469276,-0.6897552,-0.34175453,-1.0850815,-0.4024036
404,0404.jpg,trainval,train,0,benign,ground_truth,-1.0856291,0.93106127,1.2294439,-0.74648535,-0.51136833,-0.16293927,-1.1161114,-0.33145538
405,0405.jpg,trainval,train,0,benign,ground_truth,-0.2647161,2.052239,-1.9232625,-0.7135938,1.1387103,0.0044502118,-0.3467476,1.0165602
408,0408.jpg,trainval,train,0,benign,ground_truth,0.34183362,0.26883104,-1.093571,0.25422317,1.0049201,-0.33581,0.27805972,0.945612
409,0409.jpg,trainval,train,0,benign,ground_truth,-0.39056227,-0.62608755,-0.508432,-0.51035154,0.24677588,-0.44817477,-0.41926092,0.117883146
410,0410.jpg,trainval,train,0,benign,ground_truth,-0.5352273,-0.5566122,0.3966713,0.21159193,0.2913726,-0.46985742,-0.53164107,0.14153254
411,0411.jpg,trainval,train,0,benign,ground_truth,0.36748978,2.139348,-1.0233556,-0.20035729,1.0718151,0.050014433,0.51194423,1.0165602
412,0412.jpg,trainval,train,0,benign,ground_truth,-0.15432784,-0.6974731,1.3496846,-0.45356658,-0.64515847,-0.64838856,-0.14514484,-0.87539154
413,0413.jpg,trainval,train,0,benign,ground_truth,0.36105287,-0.9447803,-2.2064843,-0.20271866,-1.0019323,-0.65079623,-0.0004288164,-1.2537819
414,0414.jpg,trainval,train,0,benign,ground_truth,-0.86307,0.008614703,1.5041245,-0.20912047,-0.37757817,-0.4718632,-0.8245519,-0.3551048
415,0415.jpg,trainval,train,0,benign,ground_truth,0.20178868,0.6291132,0.38210326,-0.20742795,0.71504146,-0.4732336,0.27145597,0.6145205
416,0416.jpg,trainval,train,0,benign,ground_truth,-0.5704187,-0.17395529,0.43353844,-0.28696626,1.0941136,-0.31202745,-0.5781179,0.9692614
417,0417.jpg,trainval,train,0,benign,ground_truth,-1.1771516,-0.96912277,-0.39060625,-0.41596127,-1.0465289,-0.6359871,-1.2336127,0.07058436
419,0419.jpg,trainval,train,0,benign,ground_truth,-1.349759,0.77256185,1.045251,0.39182907,-0.84584373,-0.14724654,-1.3997343,0.07058436
420,0420.jpg,trainval,train,0,benign,ground_truth,0.34136656,-0.62618864,0.95678395,-0.46637517,0.38056603,0.35692707,0.4204301,0.21248074
421,0421.jpg,trainval,train,0,benign,ground_truth,0.9328006,0.52294195,-1.0048264,-0.6034284,-0.3552798,0.6074282,0.8124316,-0.44970238
422,0422.jpg,trainval,train,0,benign,ground_truth,-1.2852606,0.8217918,-0.4370116,0.85152066,-0.44447324,-0.551884,-1.3406334,-0.09496143
423,0423.jpg,trainval,train,0,benign,ground_truth,-0.7157455,-0.41129112,0.5840866,-0.28067985,-0.6897552,-0.53656745,-0.73457754,-0.7098457
424,0424.jpg,trainval,train,0,benign,ground_truth,-0.9557791,-0.029174624,-0.035907146,-0.41973728,-0.24378802,-0.48720706,-0.9834019,-0.16590962
425,0425.jpg,trainval,train,0,benign,ground_truth,-1.0272654,0.5869878,1.5532234,-0.88312066,-0.55596507,-0.50695324,-1.0500522,-0.6861963
426,0426.jpg,trainval,train,0,benign,ground_truth,-0.25806978,0.69256955,-0.95816845,1.1704332,0.9603234,-0.5400199,-0.25339654,0.82736504
427,0427.jpg,trainval,train,0,benign,ground_truth,-0.26094654,-0.22817361,-0.74081075,-0.081138626,-0.71205354,0.47675487,-0.1946903,-0.52065057
428,0428.jpg,trainval,train,0,benign,ground_truth,-0.9980561,0.031232784,-0.54822654,1.737135,0.64814633,-0.6722167,-1.0154907,0.4962735
429,0429.jpg,trainval,train,0,benign,ground_truth,0.084293075,-0.5397197,1.8846036,0.17033853,0.0014939348,1.024812,0.1660883,-0.18955901
430,0430.jpg,trainval,train,0,benign,ground_truth,0.57232815,-0.6959566,-0.8214134,-0.61411625,-1.3141092,-0.06901388,0.5312505,-0.3551048
432,0432.jpg,trainval,train,0,benign,ground_truth,0.4501083,0.65391016,-0.42366832,2.1449065,0.80423486,-0.24585634,0.46970922,0.6618193
433,0433.jpg,trainval,train,0,benign,ground_truth,-0.007669479,0.25276175,0.43242374,0.94178015,0.5143562,-0.14232834,-0.03311082,0.4016759
434,0434.jpg,trainval,train,0,benign,ground_truth,0.111276366,1.0704448,1.070059,-0.80217427,0.938025,1.5741472,0.15894844,0.8983132
435,0435.jpg,trainval,train,0,benign,ground_truth,-0.33247632,-0.27557257,0.58645713,-0.7902156,-1.6485846,-0.111580916,-0.3209642,-1.7267698
436,0436.jpg,trainval,train,0,benign,ground_truth,1.1187245,-0.8297464,0.8592233,-0.20480493,-0.37757817,0.6263951,1.1955329,-0.59159875
438,0438.jpg,trainval,train,0,benign,ground_truth,-0.3442869,0.7130613,0.24847764,-0.29819065,-0.15459459,-0.10882975,-0.36852363,-0.3551048
439,0439.jpg,trainval,train,0,benign,ground_truth,0.13513139,1.668192,-0.06515886,-1.2830012,0.625848,0.3018643,0.23460983,0.4726241
440,0440.jpg,trainval,train,0,benign,ground_truth,-0.84984297,0.23464562,-1.0495532,0.36158115,0.11298573,-0.4323266,-0.83446616,0.30707833
442,0442.jpg,trainval,train,0,benign,ground_truth,1.5244365,0.046602804,-1.1333954,0.23421776,0.046090655,0.11706515,1.4133509,-0.14226022
444,0444.jpg,trainval,train,0,benign,ground_truth,-0.01971302,-0.31018794,-0.9865731,0.33951727,1.1387103,-0.47726762,-0.08955971,1.0165602
445,0445.jpg,trainval,train,0,benign,ground_truth,-1.0930525,0.61351746,-0.6088054,1.6424178,0.75963813,-0.664525,-1.1077445,0.6145205
446,0446.jpg,trainval,train,0,benign,ground_truth,-0.011090034,-0.36844814,-1.791858,-0.7693689,-0.82354534,-0.20286536,0.08056731,-0.9936385
447,0447.jpg,trainval,train,0,benign,ground_truth,-0.24014875,0.50107825,1.1201204,-0.78816533,-0.51136833,0.83339155,-0.20256549,-0.44970238
448,0448.jpg,trainval,train,0,benign,ground_truth,0.26946962,0.24417979,0.12362906,2.3015668,1.0941136,-0.11447876,0.2974194,0.9692614
449,0449.jpg,trainval,train,0,benign,ground_truth,0.52147317,0.44083276,-1.6465188,2.7304769,1.1387103,-0.30593166,0.42998168,1.0165602
450,0450.jpg,trainval,train,0,benign,ground_truth,-1.3105788,0.9997392,0.47565025,8.179659,1.0049201,-0.69159424,-1.3580909,0.87466383
451,0451.jpg,trainval,train,0,benign,ground_truth,0.07217983,1.0379286,-2.3749995,-0.6736995,0.1352841,-0.38301876,0.03111388,0.18883134
453,0453.jpg,trainval,train,0,benign,ground_truth,-0.76949495,0.84524614,-0.3222057,4.4447775,1.1387103,-0.39991271,-0.79018825,1.0165602
454,0454.jpg,trainval,train,0,benign,ground_truth,1.1159552,-0.3608898,0.1885619,0.39265266,0.22447753,1.9458847,1.1616431,0.04693496
456,0456.jpg,trainval,train,0,benign,ground_truth,-0.80512893,-0.7944425,-0.15179148,-0.4966898,-1.3141092,-0.5698655,-0.80758446,-1.5848734
457,0457.jpg,trainval,train,0,benign,ground_truth,0.2548562,0.0726462,1.0547088,2.2039428,0.8265332,0.6498447,0.31448555,0.6854687
458,0458.jpg,trainval,train,0,benign,ground_truth,1.32379,-0.3579369,-0.8067349,1.1438764,1.0718151,0.084536545,1.2391968,0.945612
460,0460.jpg,trainval,train,0,benign,ground_truth,-0.73646325,-0.8561154,0.65241313,-0.72194695,-1.9384633,-0.52599883,-0.762253,-2.1288095
461,0461.jpg,trainval,train,0,benign,ground_truth,0.20556451,-0.21410437,-1.3104161,-0.09987043,-0.62286013,-0.2906881,0.20835242,-0.85174215
462,0462.jpg,trainval,train,0,benign,ground_truth,1.0085357,0.41789004,-1.5817096,-0.8894048,-0.13229622,0.71577895,0.98911697,-0.14226022
464,0464.jpg,trainval,train,0,benign,ground_truth,1.4962574,-0.5659632,-1.0030473,-0.060503382,0.7373398,-0.2308654,1.5073847,0.5908711
465,0465.jpg,trainval,train,0,benign,ground_truth,0.061118644,2.8468308,-0.9003044,-1.0186489,1.0495168,-0.067233935,0.027663952,0.945612
467,0467.jpg,trainval,train,0,benign,ground_truth,0.22010282,2.6399784,-2.182106,3.2662842,1.1387103,0.68659574,-0.16545163,1.0165602
468,0468.jpg,trainval,train,0,benign,ground_truth,-1.1852262,0.14367561,0.53787166,-0.26315388,-0.6897552,-0.50025755,-1.2035954,0.6381699
471,0471.jpg,trainval,train,0,benign,ground_truth,-0.15043275,1.037598,0.19476384,-0.9506099,-0.75665027,-0.39070225,-0.05892322,-0.6861963
475,0475.jpg,trainval,train,0,benign,ground_truth,-0.47465155,-0.5710842,0.6046975,0.50670314,-0.26608637,-0.65618896,-0.47983614,-0.47335178
477,0477.jpg,trainval,train,0,benign,ground_truth,-0.5043535,-0.8353468,-0.19767268,0.3619805,-0.13229622,-0.2306569,-0.5623937,-0.33145538
478,0478.jpg,trainval,train,0,benign,ground_truth,-0.30088252,1.2278018,-0.45914355,-0.3882007,1.0049201,-0.09272643,-0.3104897,1.0165602
479,0479.jpg,trainval,train,0,benign,ground_truth,-0.19326188,0.9113049,0.031619124,-0.2512013,0.5143562,0.027249515,-0.17249152,0.8983132
480,0480.jpg,trainval,train,0,benign,ground_truth,0.039536785,0.4237698,-2.7026196,-0.18959785,-0.77894866,-0.38726944,-0.42001387,-0.59159875
481,0481.jpg,trainval,train,0,benign,ground_truth,1.9937971,0.90331316,-1.4023486,-0.7716206,-0.020804424,0.21228613,2.1152062,-0.2132084
482,0482.jpg,trainval,train,0,benign,ground_truth,-0.38867834,-1.0297211,0.67761666,-0.38190988,1.0718151,-0.61327106,-0.41926092,0.945612
483,0483.jpg,trainval,train,0,benign,ground_truth,-1.2709476,0.89685166,0.29793423,1.9147333,1.0941136,-0.6701878,-1.3191969,0.9692614
485,0485.jpg,trainval,train,0,benign,ground_truth,1.2897435,0.44172683,-0.23589143,0.7169262,0.9826217,0.5708654,1.5102484,0.85101444
486,0486.jpg,trainval,train,0,benign,ground_truth,0.21519744,0.31045535,-2.2816646,-0.9371534,0.023792295,-0.009699985,-0.12789619,0.4962735
490,0490.jpg,trainval,train,0,benign,ground_truth,1.2814106,0.3744474,-1.0100023,1.09142,0.22447753,0.087971315,1.2183712,0.04693496
491,0491.jpg,trainval,train,0,benign,ground_truth,-0.25245228,-0.62944806,0.7853666,0.7468797,-0.0876995,-0.21716624,-0.20083247,-0.2841566
493,0493.jpg,trainval,train,0,benign,ground_truth,-0.76439416,1.386077,-0.9824085,7.881504,1.1164119,-0.47089395,-0.7370666,1.0165602
494,0494.jpg,trainval,train,0,benign,ground_truth,1.3029935,-0.31920147,-0.8499292,0.5054069,1.1387103,-0.09432505,1.2572687,1.0165602
495,0495.jpg,trainval,train,0,benign,ground_truth,-0.22912534,-0.63098514,1.3018874,0.0911826,0.15758245,-0.091576286,-0.18200937,-0.00036383688
497,0497.jpg,trainval,train,0,benign,ground_truth,-0.7118429,0.38663858,-0.107196756,0.10300431,1.0718151,-0.5060197,-0.64703166,0.945612
498,0498.jpg,trainval,train,0,benign,ground_truth,0.88373876,0.80687445,-0.2099381,0.73306614,0.4028644,4.956224,0.90790606,1.0165602
499,0499.jpg,trainval,train,0,benign,ground_truth,-0.6952139,0.35544714,0.73443216,-0.75701797,-1.5593913,0.48960325,-0.72936815,-0.7098457
500,0500.jpg,trainval,train,0,benign,ground_truth,-0.20913635,-0.4308843,-0.1698658,-0.78366894,-0.62286013,0.34909093,-0.24845657,-0.16590962
501,0501.jpg,trainval,train,0,benign,ground_truth,0.20295021,0.47388807,-0.54660434,-0.40135863,0.046090655,-0.06776917,0.1660883,-0.14226022
503,0503.jpg,trainval,train,0,benign,ground_truth,0.030850938,1.7683334,0.6431724,-0.62248576,0.69274306,-0.108679935,0.14574564,0.87466383
504,0504.jpg,trainval,train,0,benign,ground_truth,-0.7541022,0.45496768,-0.27139914,-0.51812464,-0.1991913,-0.5209741,-0.70228344,0.04693496
505,0505.jpg,trainval,train,0,benign,ground_truth,0.44607705,0.8066706,-0.32267323,-0.49886805,1.0272185,-0.058716778,0.4784955,0.8983132
506,0506.jpg,trainval,train,0,benign,ground_truth,0.8079926,2.4609044,0.55187786,-0.7817114,0.42516276,0.45164493,0.8590746,0.37802652
507,0507.jpg,trainval,train,0,benign,ground_truth,1.1055943,0.8511843,0.29705375,4.0863843,1.1387103,0.7093255,1.2474397,1.0165602
513,0513.jpg,trainval,train,0,benign,ground_truth,-0.041407272,0.19499412,0.83753747,-0.795476,-0.0876995,-0.35067168,-0.0040151263,-0.2841566
514,0514.jpg,trainval,train,0,benign,ground_truth,-0.3029021,1.7935684,-1.1109203,-0.8981673,0.26907423,0.32061967,-0.2715676,0.8983132
516,0516.jpg,trainval,train,0,benign,ground_truth,-1.1312559,-0.6558058,-0.33996892,-0.7070355,-2.3175354,-0.39353335,-1.1591302,-1.561224
518,0518.jpg,trainval,train,0,benign,ground_truth,-0.72219115,0.35128537,-0.7915428,-0.35694653,0.53665453,-0.18489781,-0.7196581,0.78006625
519,0519.jpg,trainval,train,0,benign,ground_truth,-0.67420393,-0.4887877,-0.88651216,-0.45081505,-0.13229622,-0.41630313,-0.68510073,0.4489747
522,0522.jpg,trainval,train,0,benign,ground_truth,0.009288071,-0.70894873,-0.17180468,-0.59830016,-1.0688273,0.26620632,0.031734116,-1.0882361
523,0523.jpg,trainval,train,0,benign,ground_truth,0.017729519,-0.56426597,-0.092685975,-0.44374245,0.80423486,-0.016583508,0.040507827,0.6618193
525,0525.jpg,trainval,train,0,benign,ground_truth,0.03601865,-1.0417937,-1.0186459,-0.7035905,-1.7154797,0.23235802,0.15295912,-1.3956783
526,0526.jpg,trainval,train,0,benign,ground_truth,-1.0166314,-0.58576,-1.2342119,-0.59466225,-1.5147945,-0.35260722,-1.0935245,-1.0409373
527,0527.jpg,trainval,train,0,benign,ground_truth,-1.0180169,-0.76117307,-1.281321,-0.67297304,-1.8938667,-0.37625864,-1.0644053,-1.3720288
528,0528.jpg,trainval,train,0,benign,ground_truth,-0.088993,-1.053678,-0.047962137,-0.58010095,-1.0019323,0.33593577,-0.06249545,-1.2537819
529,0529.jpg,trainval,train,0,benign,ground_truth,0.69130814,-0.18500942,-2.5960712,-0.52456766,-1.5147945,0.7468781,0.2936861,-1.3010807
530,0530.jpg,trainval,train,0,benign,ground_truth,0.7972098,0.205227,-2.6995928,-0.363607,-0.020804424,0.36256677,0.27571386,0.33072773
531,0531.jpg,trainval,train,0,benign,ground_truth,-0.19947675,0.8260331,0.4517115,3.5722165,0.8934283,-0.36565658,-0.12197079,0.82736504
532,0532.jpg,trainval,train,0,benign,ground_truth,-0.7285675,0.08005101,-0.9588368,-0.20179573,0.938025,-0.20956694,-0.7722129,0.87466383
533,0533.jpg,trainval,train,0,benign,ground_truth,0.17109054,0.9983022,-2.495458,1.8744726,0.64814633,-0.537821,-0.19267516,0.5672217
534,0534.jpg,trainval,train,0,benign,ground_truth,0.67457783,0.49017945,0.22723617,-0.8657126,0.9826217,1.3017849,0.6990346,1.0165602
535,0535.jpg,trainval,train,0,benign,ground_truth,-1.3696665,0.54129004,-0.2419757,2.5478864,0.9826217,-0.73519,-1.4216081,0.85101444
536,0536.jpg,trainval,train,0,benign,ground_truth,-0.2955238,1.1950705,0.14218406,-0.81742704,-0.95733553,0.7492692,-0.27535418,0.4016759
538,0538.jpg,trainval,train,0,benign,ground_truth,-0.4709458,3.016065,-0.24429879,-0.4980942,0.87112993,-0.40142652,-0.4337416,1.0165602
539,0539.jpg,trainval,train,0,benign,ground_truth,-0.6367976,-0.093625985,-0.61203045,1.72426,1.1387103,-0.46946847,-0.68626076,1.0165602
541,0541.jpg,trainval,train,0,benign,ground_truth,-0.43942997,1.1907399,0.88344043,0.25840947,0.44746113,0.07599301,-0.45222488,1.0165602
542,0542.jpg,trainval,train,0,benign,ground_truth,-0.2840239,0.17581202,0.30857253,0.2876007,-0.39987653,0.3119256,-0.27701232,-0.61524814
543,0543.jpg,trainval,train,0,benign,ground_truth,0.21303526,-0.032666713,-0.3958061,-0.23929778,-0.4221749,0.26553532,0.19830538,-0.47335178
544,0544.jpg,trainval,train,0,benign,ground_truth,0.57614386,-0.64707416,-0.1780647,0.2714872,-0.020804424,-0.19203366,0.48339134,-0.2132084
545,0545.jpg,trainval,train,0,benign,ground_truth,-0.9244855,0.727809,-0.9915817,-0.15404099,0.11298573,-0.6409896,-0.9818435,0.6145205
547,0547.jpg,trainval,train,0,benign,ground_truth,-1.1008716,-1.375869,0.5908609,-0.5783245,-2.2060437,-0.46725073,-1.1321335,-2.5308492
548,0548.jpg,trainval,train,0,benign,ground_truth,0.59058493,-0.915062,1.4128258,0.059773806,-0.51136833,1.8542658,0.75979453,-0.63889754
549,0549.jpg,trainval,train,0,benign,ground_truth,0.6450263,-0.80931836,-0.37327895,-0.09088395,0.46975946,-0.09495035,0.9133398,0.4726241
551,0551.jpg,trainval,train,0,benign,ground_truth,-0.20663674,-0.96657324,1.1849365,-0.32211414,-0.9127388,-0.32828522,-0.112020195,-1.1591843
552,0552.jpg,trainval,train,0,benign,ground_truth,-0.6772778,-0.88384134,-1.1276435,-0.74036,-2.1837454,0.21923803,-0.709966,-2.0578613
553,0553.jpg,trainval,train,0,benign,ground_truth,1.0196142,-0.85081697,-0.6380182,0.26881146,0.91572666,0.036578864,0.9908738,0.78006625
554,0554.jpg,trainval,train,0,benign,ground_truth,0.2518278,-0.17532817,0.77055675,0.6149086,-0.17689294,0.02638332,0.27340534,-0.3787542
555,0555.jpg,trainval,train,0,benign,ground_truth,-0.1898008,-0.20170197,-2.0076904,0.19051826,-0.4221749,-0.52352387,-0.19174805,-0.56794935
557,0557.jpg,trainval,train,0,benign,ground_truth,0.388738,-0.57550085,-2.4409554,0.62363213,1.0718151,-0.66920614,-0.07149804,0.945612
558,0558.jpg,trainval,train,0,benign,ground_truth,-0.26894644,0.09745679,-1.2413299,-0.6699972,-0.64515847,-0.09100954,-0.28391927,-0.63889754
560,0560.jpg,trainval,train,0,benign,ground_truth,-0.84568554,-0.11431665,0.83140856,1.0036722,1.1387103,-0.6510518,-0.86830306,1.0165602
561,0561.jpg,trainval,train,0,benign,ground_truth,-0.6178519,0.43709812,-0.03507679,2.0947337,0.87112993,-0.3257469,-0.5934911,0.73276746
566,0566.jpg,trainval,train,0,benign,ground_truth,1.0603697,0.6809403,-2.657725,0.10673817,0.75963813,-0.4424495,0.4788041,0.8983132
567,0567.jpg,trainval,train,0,benign,ground_truth,-1.0159613,-1.0882876,0.41424307,0.107467405,0.80423486,-0.7190157,-1.0289862,0.6618193
568,0568.jpg,trainval,train,0,benign,ground_truth,0.93805104,-0.3319736,-0.46545565,-0.7417349,0.80423486,-0.0036911643,0.9044134,0.6618193
570,0570.jpg,trainval,train,0,benign,ground_truth,-0.5283329,-1.4183484,-0.5453938,-0.5500706,-1.6039879,-0.5256305,-0.57973903,-1.8923156
571,0571.jpg,trainval,train,0,benign,ground_truth,0.46504328,-0.99404943,-1.3271575,-0.46636897,-0.9127388,-0.33485723,0.4718045,-1.1591843
572,0572.jpg,trainval,train,0,benign,ground_truth,1.928845,-0.42392236,-1.795783,-0.37766322,0.11298573,-0.23773904,1.8143598,-0.071312025
573,0573.jpg,trainval,train,0,benign,ground_truth,-1.1927797,-1.1206131,0.05882169,-0.012726224,-0.71205354,-0.5415724,-1.2259332,-0.9463397
575,0575.jpg,trainval,train,0,benign,ground_truth,-1.1977581,-0.5918871,0.75936633,-0.116022505,-0.6897552,-0.5666368,-1.2380648,-0.09496143
576,0576.jpg,trainval,train,0,benign,ground_truth,-0.5140522,-0.2832407,-0.35791725,-0.6590293,-1.0911257,-0.2027349,-0.5423547,-0.4024036
578,0578.jpg,trainval,train,0,benign,ground_truth,1.3497063,-0.9231474,-0.5803937,-0.17254865,1.0495168,1.1360295,1.7289752,0.9219626
579,0579.jpg,trainval,train,0,benign,ground_truth,-1.160546,-0.21292154,-0.37743515,0.5280903,0.7373398,-0.5933885,-1.2075735,1.0165602
581,0581.jpg,trainval,train,0,benign,ground_truth,0.938548,-0.78236526,0.4008384,0.21219943,0.15758245,0.24550384,1.0958765,-0.024013234
582,0582.jpg,trainval,train,0,benign,ground_truth,-0.81984735,0.45216516,-0.65434223,-0.45167792,-0.22148965,-0.54429114,-0.8604527,0.16518193
583,0583.jpg,trainval,train,0,benign,ground_truth,0.18116024,1.1455549,-0.9218398,0.63534415,1.1387103,-0.53657025,0.1473798,1.0165602
584,0584.jpg,trainval,train,0,benign,ground_truth,-0.76677585,0.8248029,1.6834445,-0.5602051,-0.15459459,-0.36505672,-0.64338416,0.02328556
585,0585.jpg,trainval,train,0,benign,ground_truth,-0.07955226,0.78852624,-0.674753,-0.75158715,0.15758245,-0.4297261,0.0068138083,0.07058436
587,0587.jpg,trainval,train,0,benign,ground_truth,0.21014313,-0.065045804,-0.20738159,1.5248355,0.9826217,-0.03970257,0.24007517,0.85101444
588,0588.jpg,trainval,train,0,benign,ground_truth,1.0330176,0.24964033,0.74786484,0.18205048,0.4028644,-0.2532879,1.1640341,0.23613013
589,0589.jpg,trainval,train,0,benign,ground_truth,0.6113393,0.3646922,-1.0014853,0.0126416525,1.1164119,-0.23616393,0.7748067,0.9929108
590,0590.jpg,trainval,train,0,benign,ground_truth,1.8671414,0.4020922,-0.2981869,-0.6923676,0.69274306,-0.10379305,1.8354542,0.5435723
591,0591.jpg,trainval,train,0,benign,ground_truth,-1.2566307,1.2167784,-0.19726606,1.0865432,0.3582677,-0.46556935,-1.2993842,0.35437712
593,0593.jpg,trainval,train,0,benign,ground_truth,1.2795113,-1.1694305,-0.18253049,-0.2525317,-0.17689294,0.13090199,1.2915298,-0.2841566
594,0594.jpg,trainval,train,0,benign,ground_truth,-0.59263617,-0.3300092,-0.62665063,-0.49094594,-0.73435193,-0.46038604,-0.559736,-0.307806
595,0595.jpg,trainval,train,0,benign,ground_truth,0.069191754,0.9695695,-1.4151574,-0.10063272,-0.17689294,-0.2921867,-0.0019514604,-0.00036383688
596,0596.jpg,trainval,train,0,benign,ground_truth,2.0418024,0.66735774,-1.4135514,-0.6838662,0.938025,-0.103733435,2.0774646,0.82736504
597,0597.jpg,trainval,train,0,benign,ground_truth,-0.8699495,-0.19468388,-0.49745297,-0.59423625,-1.2918109,-0.15733151,-0.87762874,-1.1828337
598,0598.jpg,trainval,train,0,benign,ground_truth,0.9334597,-0.77209926,-0.22686957,-0.37933663,0.9826217,-0.15367214,0.9169559,0.85101444
599,0599.jpg,trainval,train,0,benign,ground_truth,0.48419365,0.43722633,-1.8092545,-0.21010357,0.15758245,-0.29370522,0.46914408,-0.024013234
601,0601.jpg,trainval,train,0,benign,ground_truth,1.0918934,1.073798,-1.8913037,-0.87503827,0.26907423,0.028632712,0.9910641,0.6854687
602,0602.jpg,trainval,train,0,benign,ground_truth,-0.92921996,2.0253406,1.2572982,-0.41858384,0.53665453,-0.42524156,-0.9296781,0.80371565
603,0603.jpg,trainval,train,0,benign,ground_truth,-0.43998975,0.4561988,-1.4490796,0.4029505,1.0272185,-0.51926535,-0.44730467,0.9219626
604,0604.jpg,trainval,train,0,benign,ground_truth,-0.0033222102,0.81985146,-0.77883905,-0.5488405,0.38056603,-0.35849953,0.004994449,0.9692614
605,0605.jpg,trainval,train,0,benign,ground_truth,-0.76895183,1.8624889,-0.8640076,0.00021497194,0.58125126,-0.2928883,-0.7960381,0.85101444
607,0607.jpg,trainval,train,0,benign,ground_truth,0.36591893,0.5693041,0.29428607,1.7984496,0.38056603,0.5479916,0.39097765,0.35437712
609,0609.jpg,trainval,train,0,benign,ground_truth,-0.120412774,-1.236181,-0.09095319,-0.5636301,-1.2472142,0.53717905,-0.15221837,-1.5139252
610,0610.jpg,trainval,train,0,benign,ground_truth,-0.5972258,-1.4961215,0.7027387,-0.62286115,-2.3175354,0.020554774,-0.57384264,-2.6490963
611,0611.jpg,trainval,train,0,benign,ground_truth,-1.0046372,-0.46365935,1.1363527,-0.2997318,-0.17689294,-0.635723,-1.012584,0.85101444
613,0613.jpg,trainval,train,0,benign,ground_truth,0.19531752,0.14683494,0.6523594,0.5283685,0.71504146,-0.2029725,0.2600216,0.5672217
614,0614.jpg,trainval,train,0,benign,ground_truth,0.19186655,-0.40821552,0.5123375,0.90183836,0.8265332,0.9323129,0.20581453,0.6854687
615,0615.jpg,trainval,train,0,benign,ground_truth,1.263854,-0.15800896,-1.6077403,1.3764147,0.7373398,1.3991237,1.2677932,0.5908711
616,0616.jpg,trainval,train,0,benign,ground_truth,0.39373648,-0.009507026,-1.3208086,-0.65925294,-0.28838474,-0.15740223,0.3155866,-0.49700117
617,0617.jpg,trainval,train,0,benign,ground_truth,0.4503437,0.2543775,1.0358735,-0.45198336,0.26907423,-0.0627294,0.5201503,0.75641686
618,0618.jpg,trainval,train,0,benign,ground_truth,-0.24383095,0.04524594,1.1282736,-0.8568581,-1.6931814,0.3309215,-0.2029924,-1.1591843
619,0619.jpg,trainval,train,0,benign,ground_truth,0.6614905,1.6798189,-0.3957796,-0.6612033,1.1387103,0.083881326,0.73242426,1.0165602
620,0620.jpg,trainval,train,0,benign,ground_truth,0.11886184,0.46452248,-2.1094027,-0.3681003,0.1352841,0.3015288,0.26547503,0.35437712
621,0621.jpg,trainval,train,0,benign,ground_truth,-1.0626341,-1.1850922,1.0418719,-0.72999376,-1.425601,-0.566934,-1.0661829,-1.7031204
622,0622.jpg,trainval,train,0,benign,ground_truth,-0.83422166,-0.46425483,0.3378865,-0.5385829,-0.66745687,-0.3463031,-0.84211266,-0.071312025
624,0624.jpg,trainval,train,0,benign,ground_truth,-1.2963026,1.8414155,-0.12276045,1.7110413,0.44746113,-0.6410355,-1.3319594,0.85101444
626,0626.jpg,trainval,train,0,benign,ground_truth,0.4683405,-0.009115954,0.9503619,1.025596,0.1352841,-0.11125495,0.48469502,-0.04766263
628,0628.jpg,trainval,train,0,benign,ground_truth,1.1154906,0.5129584,-0.6649282,1.2511902,1.0049201,0.27096432,1.0835743,0.87466383
629,0629.jpg,trainval,train,0,benign,ground_truth,-0.92338115,-0.4617709,1.0411627,0.7631523,0.7819365,-0.679588,-0.95989126,0.6381699
630,0630.jpg,trainval,train,0,benign,ground_truth,-1.3420738,1.7849365,1.7505726,2.0583203,0.4028644,-0.69107467,-1.3735857,0.6618193
631,0631.jpg,trainval,train,0,benign,ground_truth,-0.017307304,0.0656152,-0.90100807,1.416038,0.1352841,-0.21765725,0.061783247,-0.04766263
634,0634.jpg,trainval,train,0,benign,ground_truth,-0.94014424,-0.64391935,1.7404398,1.5888778,1.0941136,-0.64394784,-0.9665667,0.9692614
636,0636.jpg,trainval,train,0,benign,ground_truth,-1.1446525,0.5995949,0.29917333,-0.06752755,0.20217916,-0.56618637,-1.1837986,0.02328556
637,0637.jpg,trainval,train,0,benign,ground_truth,1.5943089,0.9885132,1.3643054,-0.655985,0.9826217,0.06793712,1.7604526,0.85101444
638,0638.jpg,trainval,train,0,benign,ground_truth,-0.17046706,-1.399592,0.8605918,-0.4172267,-1.5370928,1.0252074,-0.116672575,-1.7740686
643,0643.jpg,trainval,train,0,benign,ground_truth,1.9399422,-0.19714522,-2.0593548,-0.26117072,0.8934283,-0.43576068,1.603635,0.75641686
644,0644.jpg,trainval,train,0,benign,ground_truth,-0.7910767,-1.0662615,0.528495,-0.6903002,-1.6485846,-0.48243976,-0.8313051,-1.9396144
649,0649.jpg,trainval,train,0,benign,ground_truth,-0.008214878,-0.32355663,0.90986943,0.8066382,-0.93503714,0.45740917,0.046734028,-1.1828337
650,0650.jpg,trainval,train,0,benign,ground_truth,2.3296332,-1.064861,-0.6407019,0.100218825,-0.3106831,0.22816765,2.598017,-0.52065057
651,0651.jpg,trainval,train,0,benign,ground_truth,2.2112458,-1.0647509,-0.9043462,-0.35811743,1.0941136,0.04272953,2.3996248,0.9692614
652,0652.jpg,trainval,train,0,benign,ground_truth,0.99005383,-1.1902759,-0.14626892,-0.26285416,-0.28838474,-0.50725245,1.0747652,-0.49700117
654,0654.jpg,trainval,train,0,benign,ground_truth,1.201616,-0.5991848,0.16752088,0.55487585,0.5143562,-0.09393939,1.284965,1.0165602
657,0657.jpg,trainval,train,0,benign,ground_truth,-0.44622192,-0.020665852,0.3338549,-0.47767383,-0.75665027,0.15700614,-0.39162585,-0.9936385
660,0660.jpg,trainval,train,0,benign,ground_truth,-0.12645322,-0.5407444,-0.24238943,-0.2171025,1.1387103,-0.48185512,-0.124019295,1.0165602
661,0661.jpg,trainval,train,0,benign,ground_truth,0.49215245,0.21037646,1.6530141,-0.86498356,-0.48906997,0.51378506,0.78620744,-0.7098457
662,0662.jpg,trainval,train,0,benign,ground_truth,0.904559,0.5460738,0.4045286,-0.061479896,0.8265332,0.23686308,0.9163686,0.6854687
664,0664.jpg,trainval,train,0,benign,ground_truth,-0.71104753,0.92424905,0.69961685,-0.6939648,0.1352841,0.07985693,-0.71787715,-0.00036383688
665,0665.jpg,trainval,train,0,benign,ground_truth,-0.045020226,-0.7524039,-0.6586598,0.13798168,1.1387103,-0.082263656,-0.02572273,1.0165602
666,0666.jpg,trainval,train,0,benign,ground_truth,0.7045139,0.5819882,0.9514759,-0.66894406,0.91572666,0.45060873,0.8218305,0.78006625
667,0667.jpg,trainval,train,0,benign,ground_truth,0.15919907,1.4350159,0.0006294899,-0.46262157,-0.043102782,0.00010105693,0.1516088,0.82736504
668,0668.jpg,trainval,train,0,benign,ground_truth,-1.1599152,0.033550262,1.0543529,1.8657414,0.46975946,-0.6596328,-1.2001646,0.945612
669,0669.jpg,trainval,train,0,benign,ground_truth,0.0849849,0.2869487,0.80525976,3.0916972,1.1387103,0.10017077,0.09202452,1.0165602
670,0670.jpg,trainval,train,0,benign,ground_truth,-0.5266553,0.9489403,-1.1177263,-0.6678702,-0.13229622,0.123617545,-0.56616104,0.14153254
671,0671.jpg,trainval,train,0,benign,ground_truth,2.9532518,-0.14348483,-1.2012826,1.4855717,1.0272185,-0.20855524,2.8454125,0.8983132
672,0672.jpg,trainval,train,0,benign,ground_truth,-0.03944346,-0.83613396,-1.8381053,0.84760404,0.9826217,-0.4471412,-0.036913298,0.85101444
673,0673.jpg,trainval,train,0,benign,ground_truth,-0.35855564,-0.88085294,-0.6906938,-0.5084738,-1.358706,-0.2939081,-0.3579334,-1.6085228
674,0674.jpg,trainval,train,0,benign,ground_truth,0.7348309,0.78737646,-0.29723963,-0.38131675,1.0272185,0.04649689,1.0398155,0.8983132
675,0675.jpg,trainval,train,0,benign,ground_truth,-0.072293214,-0.21251386,-0.35612643,-0.31552517,-0.13229622,-0.5445474,-0.038566217,-0.33145538
676,0676.jpg,trainval,train,0,benign,ground_truth,-0.7720086,1.083926,-0.2084607,-0.522314,-0.0876995,-0.32151023,-0.7885305,-0.04766263
677,0677.jpg,trainval,train,0,benign,ground_truth,0.27979466,-0.58313316,2.010238,0.63619494,0.046090655,-0.03913995,0.38263103,-0.14226022
678,0678.jpg,trainval,train,0,benign,ground_truth,-1.0343361,-1.039604,0.1553558,-0.7562196,-2.0499551,-0.479259,-1.0785108,-2.3180046
679,0679.jpg,trainval,train,0,benign,ground_truth,0.93009585,0.11590412,0.57432157,1.9076227,1.1387103,-0.19988315,1.0486097,1.0165602
680,0680.jpg,trainval,train,0,benign,ground_truth,1.6328435,-0.9085093,-1.0817119,-0.06590536,-0.71205354,0.31301552,1.6460029,-0.9463397
682,0682.jpg,trainval,train,0,benign,ground_truth,0.5444761,-0.72975147,0.56818455,0.0017925794,0.91572666,-0.37338012,0.5612138,0.78006625
688,0688.jpg,trainval,train,0,benign,ground_truth,0.5685256,1.2155017,-1.3921258,-0.4033685,0.44746113,0.6740907,0.40942767,0.9692614
691,0691.jpg,trainval,train,0,benign,ground_truth,0.60725826,-0.43998507,0.1993822,0.92132103,0.69274306,-0.47281456,0.6750412,0.5435723
692,0692.jpg,trainval,train,0,benign,ground_truth,0.4605894,-0.2351997,0.5147027,1.5377429,1.1387103,-0.32443973,0.5473298,1.0165602
693,0693.jpg,trainval,train,0,benign,ground_truth,-0.30888802,-0.42668197,-0.55358326,-0.6065374,-1.2026174,-0.26559415,-0.2701958,-0.92269033
694,0694.jpg,trainval,train,0,benign,ground_truth,0.43333426,0.025707684,-1.1435171,-0.55592906,-0.62286013,-0.28265792,0.43871287,-0.4024036
695,0695.jpg,trainval,train,0,benign,ground_truth,0.65622014,0.2789902,-1.8942608,-0.6020796,-0.1991913,0.019192902,0.6591639,0.09423375
700,0700.jpg,trainval,train,1,malignant,ground_truth,0.6790334,0.17232409,0.9292439,1.1169904,0.9826217,0.16612914,0.8013103,0.85101444
701,0701.jpg,trainval,train,1,malignant,ground_truth,-0.07533219,1.6568369,1.23998,-0.48210827,0.8488316,-0.09922975,0.018915419,0.70911807
702,0702.jpg,trainval,train,1,malignant,ground_truth,0.048307057,2.508371,-0.18851715,-0.45505154,0.9826217,0.353291,0.057377405,0.87466383
703,0703.jpg,trainval,train,1,malignant,ground_truth,-0.7487075,-0.13988417,-2.299364,-0.46842307,-1.5816896,-0.09877323,-0.8466585,-0.7334951
705,0705.jpg,trainval,train,1,malignant,ground_truth,-0.943632,-0.21265818,-2.159008,-0.45881262,-1.7823749,-0.42176637,-0.9742191,-1.0882361
707,0707.jpg,trainval,train,1,malignant,ground_truth,-0.08841654,-0.029745705,0.29022968,-0.42656454,-0.5782634,2.209421,-0.01948097,-0.3551048
709,0709.jpg,trainval,train,1,malignant,ground_truth,-1.2195126,-0.3582042,0.836752,0.62334794,0.64814633,-0.7205978,-1.2650522,0.4962735
711,0711.jpg,trainval,train,1,malignant,ground_truth,-0.8146161,1.2135999,-0.34063664,-1.026266,-0.71205354,0.09742518,-0.8575288,-0.2841566
712,0712.jpg,trainval,train,1,malignant,ground_truth,-0.84239143,0.89706254,0.31464466,-0.9283717,0.0014939348,-0.16154048,-0.83106965,0.18883134
713,0713.jpg,trainval,train,1,malignant,ground_truth,-0.4328939,-0.027017493,1.2934905,-0.39612472,-0.97963387,-0.17804609,-0.32585338,-1.0645866
714,0714.jpg,trainval,train,1,malignant,ground_truth,-1.0284562,-1.531919,-1.2793053,-0.6974144,-2.6966076,-0.6338316,-1.0874711,-3.051136
718,0718.jpg,trainval,train,1,malignant,ground_truth,2.3764238,-0.2951503,-0.410459,0.99978226,-0.17689294,7.436941,2.3169649,-0.3787542
719,0719.jpg,trainval,train,1,malignant,ground_truth,0.0542022,-0.8538399,-0.92473567,-0.009836577,0.0014939348,-0.4721391,-0.02289555,-0.18955901
721,0721.jpg,trainval,train,1,malignant,ground_truth,-0.6698044,-1.1896266,-0.44523972,-0.25649107,-0.97963387,-0.13547619,-0.6940974,-1.2301325
722,0722.jpg,trainval,train,1,malignant,ground_truth,-0.2985598,0.7894819,0.9508966,-0.38520923,-0.28838474,0.6124599,-0.2845129,-0.307806
723,0723.jpg,trainval,train,1,malignant,ground_truth,0.9817771,1.4602358,-0.30414686,-1.0059394,0.38056603,1.0010478,1.2793885,0.35437712
725,0725.jpg,trainval,train,1,malignant,ground_truth,0.09053336,-0.07172861,0.45375767,0.5159111,1.1387103,-0.43880463,0.055385407,1.0165602
726,0726.jpg,trainval,train,1,malignant,ground_truth,-0.81887627,-1.4123058,1.1297351,-0.5535652,-1.2026174,-0.62272334,-0.7556745,-1.4429771
727,0727.jpg,trainval,train,1,malignant,ground_truth,-1.2797352,-0.1467216,-1.1921972,-0.1267064,-1.425601,-0.5988791,-1.3421234,-1.2064831
728,0728.jpg,trainval,train,1,malignant,ground_truth,-0.5784981,-1.1342242,1.2429616,-0.52018684,-1.5593913,-0.6074611,-0.5521177,-1.797718
729,0729.jpg,trainval,train,1,malignant,ground_truth,0.98747927,0.37997216,-0.6941672,-0.23709151,0.3582677,0.35415977,1.038752,0.18883134
730,0730.jpg,trainval,train,1,malignant,ground_truth,0.2628946,0.7680343,0.6181644,-0.79704404,-0.37757817,1.5607646,0.33413297,-0.59159875
732,0732.jpg,trainval,train,1,malignant,ground_truth,0.51479095,0.58449477,-0.054591943,-0.8082109,-0.82354534,2.5105088,0.5936207,-0.85174215
733,0733.jpg,trainval,train,1,malignant,ground_truth,-0.4235228,1.0813497,1.2806574,0.17754674,1.0272185,-0.3937437,-0.39171788,0.9929108
734,0734.jpg,trainval,train,1,malignant,ground_truth,0.45345354,-0.043628152,1.071836,-0.29145533,0.91572666,-0.20213309,0.5323663,0.78006625
736,0736.jpg,trainval,train,1,malignant,ground_truth,-0.43465626,0.42080754,-0.713308,-0.66211224,-0.065401144,0.16579156,-0.446663,0.14153254
737,0737.jpg,trainval,train,1,malignant,ground_truth,0.08240178,0.6960711,0.84328073,1.459281,1.1387103,-0.026894355,0.12434319,1.0165602
738,0738.jpg,trainval,train,1,malignant,ground_truth,0.37700278,1.4276915,-0.2373534,-1.0892051,0.15758245,1.7174399,0.39617702,0.14153254
740,0740.jpg,trainval,train,1,malignant,ground_truth,0.1438213,0.8874606,0.25541484,-0.57790184,-0.17689294,1.6362292,0.19531412,0.4726241
741,0741.jpg,trainval,train,1,malignant,ground_truth,0.5012891,-0.5330995,-0.5530458,0.42647424,1.1387103,-0.43254486,0.6039996,1.0165602
742,0742.jpg,trainval,train,1,malignant,ground_truth,1.5820438,-0.047143262,-0.42939767,-0.06360165,0.8934283,-0.33282545,1.6562382,0.75641686
743,0743.jpg,trainval,train,1,malignant,ground_truth,0.07492396,-0.022354167,0.38123885,-0.5539158,-0.24378802,-0.3647072,0.20450263,-0.44970238
744,0744.jpg,trainval,train,1,malignant,ground_truth,-0.93141234,1.3599883,1.4323822,-0.70639074,-0.3552798,-0.22877154,-0.93246514,0.09423375
745,0745.jpg,trainval,train,1,malignant,ground_truth,-0.8020842,0.7643517,0.9323443,-0.4619676,-0.4667716,-0.16002889,-0.83413535,-0.16590962
746,0746.jpg,trainval,train,1,malignant,ground_truth,2.8990276,-0.7280294,-1.7621764,-0.073304795,0.69274306,1.0391603,2.7283764,0.5435723
748,0748.jpg,trainval,train,1,malignant,ground_truth,2.0627084,-0.84458107,1.1152029,-0.08131649,0.49205783,0.06627847,2.1673594,0.33072773
750,0750.jpg,trainval,train,1,malignant,ground_truth,-0.41463175,1.668591,-0.034377083,1.3004167,0.91572666,-0.3170342,-0.42039052,1.0165602
751,0751.jpg,trainval,train,1,malignant,ground_truth,-1.1363462,-1.2710115,0.92113286,-0.7117916,-2.2729387,-0.59699804,-1.1494322,-2.6017976
752,0752.jpg,trainval,train,1,malignant,ground_truth,-0.7473376,-0.8418338,0.8410797,-0.365058,-0.71205354,-0.49698126,-0.7100891,-0.9463397
753,0753.jpg,trainval,train,1,malignant,ground_truth,-0.17968617,-1.2329137,0.36807564,-0.39587083,-1.1134241,0.4444129,-0.18949898,-1.3720288
754,0754.jpg,trainval,train,1,malignant,ground_truth,-0.5199631,0.02061168,0.9098595,-0.3440606,0.53665453,-0.56624573,-0.49895692,0.4726241
756,0756.jpg,trainval,train,1,malignant,ground_truth,0.33245188,-0.80911493,-1.3915629,-0.6647641,-1.7154797,-0.37780666,0.24790788,-1.8450168
757,0757.jpg,trainval,train,1,malignant,ground_truth,-0.71544474,0.23699604,-0.8140988,-0.031974416,0.58125126,-0.61752534,-0.7522314,0.5199229
758,0758.jpg,trainval,train,1,malignant,ground_truth,2.091399,0.7030638,-0.5620373,-0.3171098,0.71504146,1.2283369,2.0498545,0.5672217
759,0759.jpg,trainval,train,1,malignant,ground_truth,1.0666265,0.6905954,0.65312624,-0.12732701,0.11298573,0.97288555,1.2745683,0.5672217
760,0760.jpg,trainval,train,1,malignant,ground_truth,-0.44007897,1.123463,1.4241374,-0.63336504,-0.26608637,0.5234573,-0.3337489,0.33072773
763,0763.jpg,trainval,train,1,malignant,ground_truth,-1.1054482,-0.9966798,0.83284426,-0.65974,-2.0722535,-0.5042026,-1.1351135,-1.797718
764,0764.jpg,trainval,train,1,malignant,ground_truth,-0.7720406,-0.33361235,-0.59872,-0.70885277,-1.4478995,-0.32646093,-0.8397778,-1.3483795
766,0766.jpg,trainval,train,1,malignant,ground_truth,1.2497392,-0.81259596,-1.3518484,-0.7299826,-1.2695125,-0.36404952,1.1537961,-1.5375746
767,0767.jpg,trainval,train,1,malignant,ground_truth,-0.8867779,0.5210705,-0.05524995,-0.11450768,0.33596933,-0.5024298,-0.88807905,0.5199229
768,0768.jpg,trainval,train,1,malignant,ground_truth,-0.9687098,1.1617295,-0.2947876,-0.33612478,-0.44447324,-0.4126003,-0.9936506,-0.14226022
769,0769.jpg,trainval,train,1,malignant,ground_truth,-1.0246831,0.78646016,1.5376705,-0.25932443,-0.33298147,-0.51627797,-0.9907229,-0.09496143
770,0770.jpg,trainval,train,1,malignant,ground_truth,-0.7019872,-0.3805662,0.009386183,-0.3834408,-0.5782634,-0.5540892,-0.6789637,-0.8044433
771,0771.jpg,trainval,train,1,malignant,ground_truth,-0.01746281,-0.79026467,-0.9987054,0.4159694,0.87112993,-0.47671887,0.25213715,0.73276746
773,0773.jpg,trainval,train,1,malignant,ground_truth,-0.29593685,0.22629175,-0.8124733,-0.6965707,-0.55596507,-0.35579967,-0.26617223,-0.14226022
774,0774.jpg,trainval,train,1,malignant,ground_truth,0.41010702,0.100599624,-0.26648387,2.389455,1.0941136,-0.36864966,0.41572195,1.0165602
775,0775.jpg,trainval,train,1,malignant,ground_truth,0.47941867,-0.019506382,-0.30900484,1.7477815,1.1387103,-0.4430374,0.57438606,1.0165602
776,0776.jpg,trainval,train,1,malignant,ground_truth,-0.23065712,0.85846174,0.9295449,-0.8532495,-0.17689294,0.54520696,-0.21583155,-0.09496143
777,0777.jpg,trainval,train,1,malignant,ground_truth,-0.7584222,-0.36475447,-0.91040796,0.93988276,0.023792295,-0.4592759,-0.76892424,-0.04766263
778,0778.jpg,trainval,train,1,malignant,ground_truth,0.68487674,-1.1551267,-0.49346423,-0.09318027,1.0272185,-0.09691866,0.7082294,0.8983132
779,0779.jpg,trainval,train,1,malignant,ground_truth,0.8934911,-1.0059037,0.028714137,-0.30949768,-0.64515847,-0.02099207,0.97141016,-0.87539154
783,0783.jpg,trainval,train,1,malignant,ground_truth,1.0459509,-0.87462854,0.63253444,0.015124721,1.0272185,-0.089032814,1.2060411,0.8983132
784,0784.jpg,trainval,train,1,malignant,ground_truth,-0.8320253,-0.05733078,0.31779453,0.34287214,0.8488316,-0.5103907,-0.8499764,0.70911807
786,0786.jpg,trainval,train,1,malignant,ground_truth,-0.571515,0.60407805,-0.23946717,-0.30442214,0.15758245,-0.31235665,-0.60972095,0.18883134
787,0787.jpg,trainval,train,1,malignant,ground_truth,-0.5986209,1.3218182,-0.77519584,0.1032706,1.0495168,-0.45700362,-0.673734,1.0165602
788,0788.jpg,trainval,train,1,malignant,ground_truth,0.72016084,-0.7982979,0.24366206,-0.3908377,-0.24378802,-0.4058518,0.90790606,-0.44970238
789,0789.jpg,trainval,train,1,malignant,ground_truth,-0.4174118,0.3500945,-0.70681,-0.53576225,0.06838901,-0.46742564,-0.45051822,0.02328556
790,0790.jpg,trainval,train,1,malignant,ground_truth,-0.66841334,-0.7837872,1.4304765,-0.5989314,-1.6262863,-0.12701331,-0.61403215,-1.6085228
791,0791.jpg,trainval,train,1,malignant,ground_truth,-0.13074069,0.40283182,1.3813214,-0.5998622,-0.93503714,1.2682736,-0.024130354,-0.63889754
792,0792.jpg,trainval,train,1,malignant,ground_truth,-0.11394861,-0.087380424,1.6587603,-0.57103384,-1.358706,1.6253517,0.010353508,-1.1355349
793,0793.jpg,trainval,train,1,malignant,ground_truth,-0.7466227,-0.37810495,1.561821,-0.24693285,0.06838901,-0.57976043,-0.7145727,-0.11861082
794,0794.jpg,trainval,train,1,malignant,ground_truth,-0.7557117,-0.24635105,1.4659258,0.32677716,0.46975946,-0.61184084,-0.76099414,0.30707833
795,0795.jpg,trainval,train,1,malignant,ground_truth,-0.61691505,0.77841336,0.17088936,-0.6365972,0.15758245,-0.33071205,-0.5774701,-0.00036383688
797,0797.jpg,trainval,train,1,malignant,ground_truth,0.11075545,0.9762969,-1.2031692,-0.44153985,0.11298573,-0.43171898,-0.0282452,0.35437712
799,0799.jpg,trainval,train,1,malignant,ground_truth,2.0601697,-0.81620616,-0.24688967,-0.57809335,-0.89044046,-0.2226133,2.2219067,-1.1355349
800,0800.jpg,trainval,train,1,malignant,ground_truth,0.13689235,-0.74894637,0.32033595,-0.73523676,-1.5147945,-0.23876403,0.32241496,-1.797718
801,0801.jpg,trainval,train,1,malignant,ground_truth,-0.2831427,-1.045428,-0.14354202,-0.35838693,1.1387103,-0.28873748,-0.27884138,1.0165602
804,0804.jpg,trainval,train,1,malignant,ground_truth,-0.45804054,0.36312282,-0.43655756,0.38667756,0.60354966,-0.42370918,-0.526271,0.6618193
805,0805.jpg,trainval,train,1,malignant,ground_truth,-0.4017265,-0.1897084,-0.21046343,0.24603707,0.1352841,-0.4353396,-0.4256757,0.09423375
806,0806.jpg,trainval,train,1,malignant,ground_truth,-0.89298964,0.59190863,-0.42823434,-0.566122,-0.75665027,-0.43264008,-0.91947913,-0.44970238
807,0807.jpg,trainval,train,1,malignant,ground_truth,-0.5175416,0.6254027,-1.2782769,-0.5261539,-0.84584373,0.265268,-0.5951358,0.6618193
808,0808.jpg,trainval,train,1,malignant,ground_truth,-0.022753868,0.40785015,0.91536504,-0.4891705,0.8934283,-0.5268704,0.07195249,0.75641686
809,0809.jpg,trainval,train,1,malignant,ground_truth,-0.63698375,0.86963254,1.7946221,0.0009744307,0.75963813,-0.4820778,-0.5902093,0.6145205
811,0811.jpg,trainval,train,1,malignant,ground_truth,-1.1872752,0.66081434,0.64725107,0.28208512,-0.39987653,-0.6043079,-1.2044572,-0.11861082
812,0812.jpg,trainval,train,1,malignant,ground_truth,0.0742108,-0.60105866,0.6303048,-0.53756595,-0.73435193,-0.038526185,0.08081281,-0.9699891
814,0814.jpg,trainval,train,1,malignant,ground_truth,-0.61839294,-0.22937249,0.60626835,0.82879925,1.0495168,-0.6211013,-0.5715861,0.9692614
816,0816.jpg,trainval,train,1,malignant,ground_truth,-0.0043443693,0.5992768,0.5317821,0.49364722,0.9826217,-0.12632355,0.16199963,1.0165602
818,0818.jpg,trainval,train,1,malignant,ground_truth,-0.63910574,-0.4796011,0.7666504,-0.34080467,0.42516276,-0.100213744,-0.59806603,0.5908711
819,0819.jpg,trainval,train,1,malignant,ground_truth,-0.40476677,3.7187412,0.14777605,-0.81137574,0.9603234,0.3234603,-0.4036468,0.82736504
821,0821.jpg,trainval,train,1,malignant,ground_truth,-1.2047415,-0.65827394,-0.2954412,-0.23550427,-1.0019323,-0.69344187,-1.238718,-0.04766263
823,0823.jpg,trainval,train,1,malignant,ground_truth,-1.395254,-0.11952925,0.7223328,0.032644212,-0.9127388,-0.6407534,-1.441527,0.16518193
824,0824.jpg,trainval,train,1,malignant,ground_truth,-0.5289867,-0.34857115,-0.28093475,-0.34975386,0.49205783,-0.58491695,-0.54633343,0.4489747
827,0827.jpg,trainval,train,1,malignant,ground_truth,0.6446507,1.1103635,0.37468225,2.5865214,1.1387103,0.2078566,0.6551105,1.0165602
828,0828.jpg,trainval,train,1,malignant,ground_truth,-0.9558371,-0.004549671,-1.0435455,-0.7714403,-0.39987653,-0.47400713,-0.9654402,0.09423375
830,0830.jpg,trainval,train,1,malignant,ground_truth,-0.62863076,0.63386154,-0.44528747,1.9506239,1.0718151,-0.57143354,-0.69171953,0.945612
831,0831.jpg,trainval,train,1,malignant,ground_truth,-0.15894172,-1.0746969,-0.8219201,-0.5814116,-1.3810043,-0.4856471,-0.2034461,-1.6558216
832,0832.jpg,trainval,train,1,malignant,ground_truth,-0.62125325,-0.9055186,0.23515661,-0.37732756,-1.5370928,-0.52897155,-0.65103996,-1.7740686
833,0833.jpg,trainval,train,1,malignant,ground_truth,0.019893274,2.4689558,-2.0621414,-1.2438205,1.0495168,-0.4617296,0.024345346,0.9219626
834,0834.jpg,trainval,train,1,malignant,ground_truth,-0.82403415,0.3865142,-0.27948007,-0.55886286,0.11298573,-0.6427596,-0.8488208,-0.071312025
835,0835.jpg,trainval,train,1,malignant,ground_truth,-0.883575,-0.99337006,-0.22121033,-0.6644724,-1.916165,-0.64066035,-0.8583074,-2.223407
836,0836.jpg,trainval,train,1,malignant,ground_truth,0.89814913,-0.8305134,-1.965667,-0.3819934,-0.10999786,-0.58872646,0.89427114,-0.307806
838,0838.jpg,trainval,train,1,malignant,ground_truth,-1.0520984,-0.17621526,0.5647782,-0.12662381,-0.020804424,-0.6197932,-1.0432242,0.4253253
842,0842.jpg,trainval,train,1,malignant,ground_truth,0.7506136,-0.36392245,0.06375603,-0.06620084,0.75963813,-0.41773507,0.81400055,0.6145205
844,0844.jpg,trainval,train,1,malignant,ground_truth,-1.1388578,-0.22856593,-0.12081703,-0.40774524,-0.77894866,-0.65170807,-1.1814952,-1.0172879
845,0845.jpg,trainval,train,1,malignant,ground_truth,-0.67459613,-0.91061634,0.6256898,-0.2782137,0.69274306,-0.6997734,-0.6620681,0.5435723
846,0846.jpg,trainval,train,1,malignant,ground_truth,1.4704102,1.0194502,-0.83297414,-0.734742,1.1387103,1.0725654,1.5872326,1.0165602
849,0849.jpg,trainval,train,1,malignant,ground_truth,0.27294618,1.5876372,1.6448985,-0.16285129,0.9603234,0.855705,0.33085892,1.0165602
851,0851.jpg,trainval,train,1,malignant,ground_truth,-0.120162144,1.21422,0.42762953,0.10028414,0.8488316,0.0016228424,-0.04103677,1.0165602
853,0853.jpg,trainval,train,1,malignant,ground_truth,2.3446386,3.4414227,-0.24081023,-0.32496893,0.8265332,2.1658528,2.6953008,1.0165602
854,0854.jpg,trainval,train,1,malignant,ground_truth,-0.9832643,0.16252084,1.5795804,-0.47123513,-0.71205354,-0.45819968,-0.9765603,0.4016759
856,0856.jpg,trainval,train,1,malignant,ground_truth,0.24473818,0.20541693,-0.17715532,-0.24518336,1.1387103,-0.5676507,0.29354694,1.0165602
858,0858.jpg,trainval,train,1,malignant,ground_truth,-0.8716214,-1.1550853,1.2530323,-0.39126816,-1.6262863,-0.5808012,-0.8965739,-1.915965
860,0860.jpg,trainval,train,1,malignant,ground_truth,-0.5315447,0.13282157,1.5192139,1.19487,1.1164119,-0.48078173,-0.51986724,0.9929108
862,0862.jpg,trainval,train,1,malignant,ground_truth,-0.22369345,0.105325066,1.3588511,-0.30442455,-0.33298147,0.01851558,-0.16487949,-0.54429996
863,0863.jpg,trainval,train,1,malignant,ground_truth,1.309194,0.57617795,-0.21264558,1.0903323,1.0941136,0.56369275,1.5102484,0.9692614
864,0864.jpg,trainval,train,1,malignant,ground_truth,-0.50104916,-0.10928304,1.5927349,-0.6412935,-0.3106831,-0.41734898,-0.44397163,-0.52065057
865,0865.jpg,trainval,train,1,malignant,ground_truth,-0.6844078,0.5142932,-0.037329793,0.66959125,0.33596933,-0.45721605,-0.6872218,0.4253253
866,0866.jpg,trainval,train,1,malignant,ground_truth,0.18571495,-0.29327565,0.109768435,-0.547382,0.22447753,-0.23832591,0.19397381,0.18883134
867,0867.jpg,trainval,train,1,malignant,ground_truth,1.1565455,0.50294304,-0.5215737,-0.6134586,1.0941136,0.8669083,1.2302995,0.9692614
868,0868.jpg,trainval,train,1,malignant,ground_truth,-1.020891,2.3434775,1.0781231,-0.14018519,0.7373398,-0.12724957,-1.0419565,0.87466383
869,0869.jpg,trainval,train,1,malignant,ground_truth,-0.8890344,0.2987271,-0.68888927,-0.45737857,-1.0465289,-0.192598,-0.91605836,-0.307806
870,0870.jpg,trainval,train,1,malignant,ground_truth,-0.8142271,1.3143034,0.33196118,-1.4219487,-0.3106831,-0.07641461,-0.8315405,0.14153254
872,0872.jpg,trainval,train,1,malignant,ground_truth,-0.33252066,0.85740745,1.3203129,-0.107625686,1.0718151,-0.21139583,-0.27605653,1.0165602
873,0873.jpg,trainval,train,1,malignant,ground_truth,-0.8213481,0.009645215,0.50247467,-0.6228937,-0.55596507,-0.5388836,-0.76936203,-0.00036383688
875,0875.jpg,trainval,train,1,malignant,ground_truth,1.8390088,2.7550485,-0.5026373,-0.559419,1.1387103,0.2945562,1.7680732,1.0165602
876,0876.jpg,trainval,train,1,malignant,ground_truth,-0.22102997,2.3866992,0.22808705,0.5500637,0.42516276,0.07770833,-0.18738535,1.0165602
877,0877.jpg,trainval,train,1,malignant,ground_truth,-0.13801882,1.5511979,0.7647069,1.5451686,1.1387103,0.31482056,-0.12197079,1.0165602
878,0878.jpg,trainval,train,1,malignant,ground_truth,0.031357497,0.5914282,0.25853845,0.5651847,0.91572666,-0.05788531,0.08304311,0.78006625
879,0879.jpg,trainval,train,1,malignant,ground_truth,-0.4316309,0.35591683,-0.024403304,-1.2327884,1.1387103,-0.21434161,-0.38813362,1.0165602
883,0883.jpg,trainval,train,1,malignant,ground_truth,0.66830504,-0.27797455,-0.23865478,-0.27323553,1.1387103,-0.48168346,0.6953466,1.0165602
884,0884.jpg,trainval,train,1,malignant,ground_truth,-0.7882247,0.4146914,1.5358248,-0.25950614,0.69274306,-0.3362997,-0.7757344,1.0165602
885,0885.jpg,trainval,train,1,malignant,ground_truth,-1.1447077,0.8524774,1.0514513,-0.78991145,-1.2249159,-0.21434167,-1.1901919,-0.54429996
886,0886.jpg,trainval,train,1,malignant,ground_truth,0.861443,1.8299333,0.13786435,0.07536285,1.1387103,0.16175455,0.8844543,1.0165602
887,0887.jpg,trainval,train,1,malignant,ground_truth,-1.0313507,1.3129011,-0.565321,-0.52995574,0.20217916,-0.54733276,-1.0715483,0.5435723
888,0888.jpg,trainval,train,1,malignant,ground_truth,-0.5875204,0.28956133,-0.45399597,-0.64585114,0.53665453,-0.61662453,-0.6005264,0.37802652
890,0890.jpg,trainval,train,1,malignant,ground_truth,-0.9148677,0.41979274,0.51472664,-0.43026096,0.0014939348,-0.3273371,-0.9098365,0.70911807
891,0891.jpg,trainval,train,1,malignant,ground_truth,-0.64491713,-0.11051198,0.72325987,-0.30957055,1.0718151,-0.3737239,-0.6645704,0.945612
892,0892.jpg,trainval,train,1,malignant,ground_truth,-0.9200086,0.14857036,0.42513508,-0.36943746,-0.82354534,-0.34165657,-0.96978724,-0.8044433
893,0893.jpg,trainval,train,1,malignant,ground_truth,0.21928999,1.4155365,0.6258616,-0.49205628,0.8934283,-0.23152016,0.32593766,0.9692614
895,0895.jpg,trainval,train,1,malignant,ground_truth,1.6472923,0.56927866,-0.026949968,0.88180876,1.1387103,-0.079997994,1.7369633,1.0165602
896,0896.jpg,trainval,train,1,malignant,ground_truth,-0.044204418,-0.13405739,1.6657903,-0.6809378,-0.4667716,-0.2531751,0.0027524936,-0.6861963
897,0897.jpg,trainval,train,1,malignant,ground_truth,-0.6094204,-0.548617,1.5272136,-0.56296396,0.49205783,-0.54943484,-0.60646224,0.33072773
898,0898.jpg,trainval,train,1,malignant,ground_truth,-0.8372015,-1.3709303,1.5913497,-0.47895908,-1.8938667,-0.5806151,-0.84211266,-2.1997578
899,0899.jpg,trainval,train,1,malignant,ground_truth,-0.59873056,-1.3599768,0.64445525,-0.50610876,-2.0945518,-0.6053711,-0.61772573,-2.4126024
901,0901.jpg,trainval,train,1,malignant,ground_truth,-0.9739381,-1.1448807,1.3228997,-0.23265576,-1.2918109,-0.6937009,-0.95627207,-1.561224
903,0903.jpg,trainval,train,1,malignant,ground_truth,-0.18336631,-0.43341845,-0.26331198,-0.51520544,-1.0019323,0.095674306,-0.18949898,-0.63889754
904,0904.jpg,trainval,train,1,malignant,ground_truth,1.2678189,0.66386265,-1.7515763,-0.4765475,-0.5336667,0.76472276,1.4274518,-0.2605072
905,0905.jpg,trainval,train,1,malignant,ground_truth,-0.34677842,-0.51458836,-0.033711046,-0.6398155,0.26907423,-0.39318073,-0.3788678,0.14153254
906,0906.jpg,trainval,train,1,malignant,ground_truth,-0.041812677,-0.19033462,-1.0418123,-0.3048624,0.44746113,-0.27037382,-0.063274145,0.73276746
907,0907.jpg,trainval,train,1,malignant,ground_truth,-0.9462465,-0.26341295,0.31797323,-0.3335563,0.44746113,-0.39197174,-0.91731954,0.5908711
908,0908.jpg,trainval,train,1,malignant,ground_truth,-0.96899843,0.4435861,1.1143308,-0.40780795,-0.17689294,-0.53971225,-0.96117646,0.21248074
909,0909.jpg,trainval,train,1,malignant,ground_truth,0.39172673,1.6228589,0.70685214,-0.29061753,1.0495168,-0.39476445,0.6025591,0.9692614
910,0910.jpg,trainval,train,1,malignant,ground_truth,0.02674943,1.4992169,0.5188026,-0.15847217,0.9603234,-0.4903474,0.07980824,0.8983132
911,0911.jpg,trainval,train,1,malignant,ground_truth,-0.90244186,-0.7998781,1.4585788,-0.50086194,-1.2472142,-0.52734166,-0.9178457,-1.5139252
915,0915.jpg,trainval,train,1,malignant,ground_truth,-1.2361555,1.0323875,1.7519548,0.45445117,1.1387103,-0.55486816,-1.2723008,1.0165602
918,0918.jpg,trainval,train,1,malignant,ground_truth,-1.0766059,1.3981404,0.39693508,0.5285218,1.1164119,-0.61500794,-1.1135231,0.9929108
920,0920.jpg,trainval,train,1,malignant,ground_truth,-0.16350053,2.0327277,1.2707022,-0.35793936,1.0718151,-0.18404438,-0.15893689,0.945612
921,0921.jpg,trainval,train,1,malignant,ground_truth,0.21399643,3.7126489,0.42250147,-1.4833252,1.0272185,2.134921,0.3650483,1.0165602
922,0922.jpg,trainval,train,1,malignant,ground_truth,-0.16260345,2.2085865,-0.2710115,-0.2761983,0.20217916,0.65531474,-0.14245276,1.0165602
923,0923.jpg,trainval,train,1,malignant,ground_truth,0.24945882,0.45049945,1.3846573,-0.5503499,1.1164119,-0.31124637,0.30541793,0.9929108
924,0924.jpg,trainval,train,1,malignant,ground_truth,0.6280414,1.1091582,0.56179094,-0.4954812,1.0272185,-0.37434354,0.6535005,0.8983132
926,0926.jpg,trainval,train,1,malignant,ground_truth,-0.7269563,1.9945126,-0.6303951,0.3549048,0.71504146,-0.17937812,-0.7610809,0.9692614
928,0928.jpg,trainval,train,1,malignant,ground_truth,-1.2250422,-0.46373683,0.90372,-0.18993524,-1.2026174,-0.63201445,-1.2552036,-0.6861963
929,0929.jpg,trainval,train,1,malignant,ground_truth,0.94964564,0.61541444,-0.27207077,1.223032,1.1387103,-0.1480394,0.90114313,1.0165602
930,0930.jpg,trainval,train,1,malignant,ground_truth,-0.5318484,-1.0591085,-0.2527998,-0.66202164,-2.0722535,-0.332664,-0.4970808,-2.3180046
931,0931.jpg,trainval,train,1,malignant,ground_truth,-0.4076403,0.43157366,0.8467431,-0.05421598,0.3582677,-0.34861892,-0.37009105,0.85101444
932,0932.jpg,trainval,train,1,malignant,ground_truth,0.20825912,-0.27729446,0.79749554,0.11482634,0.91572666,-0.11052397,0.24236305,0.78006625
934,0934.jpg,trainval,train,1,malignant,ground_truth,-1.048523,0.28905162,0.8766798,0.4264824,-0.22148965,-0.48684362,-1.0728807,0.25977954
935,0935.jpg,trainval,train,1,malignant,ground_truth,-0.6606648,0.57012373,0.44944412,0.21009412,0.9603234,-0.5958856,-0.676702,0.87466383
936,0936.jpg,trainval,train,1,malignant,ground_truth,0.03404132,-0.7497406,-0.6475218,0.14430954,0.38056603,-0.6433226,0.08431311,0.21248074
937,0937.jpg,trainval,train,1,malignant,ground_truth,-1.105774,-0.03619515,0.86917245,-0.1907706,0.3582677,-0.60513467,-1.1453761,0.5435723
939,0939.jpg,trainval,train,1,malignant,ground_truth,-1.0208758,-0.39332768,0.025893966,0.3837069,0.7373398,-0.69389236,-1.0547551,0.5908711
940,0940.jpg,trainval,train,1,malignant,ground_truth,0.15852933,2.168397,1.1721922,-0.3160169,1.1387103,-0.0024707527,0.42892256,1.0165602
941,0941.jpg,trainval,train,1,malignant,ground_truth,0.6662017,2.4696898,1.6735622,-1.6457226,0.9603234,0.84779936,0.7874445,0.82736504
943,0943.jpg,trainval,train,0,benign,ground_truth,0.29952142,-0.8223739,-1.1496682,-0.6193359,-0.55596507,-0.55707926,0.21167557,-0.7807939
946,0946.jpg,trainval,train,0,benign,ground_truth,-0.7466546,-0.28460625,0.62577105,-0.5887251,-0.66745687,-0.51627076,-0.7458535,0.4962735
947,0947.jpg,trainval,train,0,benign,ground_truth,-0.6892759,2.041648,-0.9589844,-0.75789523,-0.3552798,-0.3447474,-0.72098565,0.4726241
950,0950.jpg,trainval,train,0,benign,ground_truth,2.0485358,0.016834168,-2.5283942,0.08995802,0.1352841,-0.26359123,1.7207618,-0.04766263
951,0951.jpg,trainval,train,0,benign,ground_truth,-0.060575403,-0.36564523,0.4951278,-0.63591784,-0.62286013,-0.25301668,-0.077749394,-0.52065057
952,0952.jpg,trainval,train,0,benign,ground_truth,-0.92777723,-0.23022325,-0.2241244,-0.5817516,0.1352841,-0.52324927,-0.9658906,-0.04766263
953,0953.jpg,trainval,train,0,benign,ground_truth,0.010741425,0.9110267,-0.564413,-0.53265566,-0.10999786,0.48909467,0.02252193,0.23613013
954,0954.jpg,trainval,train,0,benign,ground_truth,1.1678172,1.9737824,-0.59889096,-1.4125028,0.46975946,1.7103523,1.1522793,0.30707833
956,0956.jpg,trainval,train,0,benign,ground_truth,-0.95125127,0.5029568,1.2211282,1.0854783,0.8488316,-0.54452884,-0.9742191,1.0165602
957,0957.jpg,trainval,train,0,benign,ground_truth,1.0676366,0.038631294,-0.38602585,1.31213,1.0941136,0.5065264,1.0439221,0.9692614
958,0958.jpg,trainval,train,0,benign,ground_truth,1.355898,-0.053142555,-1.965618,-0.59355885,-1.2695125,-0.040845748,1.0042607,-1.1355349
959,0959.jpg,trainval,train,0,benign,ground_truth,-0.42491552,-0.0016116853,1.0398376,-0.4293435,-0.13229622,-0.28194287,-0.39845443,-0.071312025
960,0960.jpg,trainval,train,0,benign,ground_truth,-0.6514848,-0.9422772,1.2435025,-0.6877239,-2.1168501,0.2258257,-0.65894926,-2.341654
961,0961.jpg,trainval,train,0,benign,ground_truth,0.9538891,1.4832771,-1.6603833,-0.6442707,-0.10999786,-0.22253925,0.6447098,-0.071312025
962,0962.jpg,trainval,train,0,benign,ground_truth,0.47859097,0.5917379,0.084087476,-0.7440452,0.24677588,-0.23693784,0.47371575,0.18883134
963,0963.jpg,trainval,train,0,benign,ground_truth,-0.98519313,-0.118836366,0.29125804,0.8107734,0.9603234,-0.6640543,-0.98716855,0.82736504
964,0964.jpg,trainval,train,0,benign,ground_truth,0.8939079,-0.813065,1.8053064,-0.22532363,0.31367096,-0.14555183,1.2247247,0.14153254
966,0966.jpg,trainval,train,0,benign,ground_truth,-0.2965639,1.6934954,0.08182598,-0.89114857,0.7819365,-0.48155835,-0.28626707,0.82736504
967,0967.jpg,trainval,train,0,benign,ground_truth,-0.31355527,-0.47275662,-1.6730288,0.53899115,1.1387103,-0.5642077,-0.30084017,1.0165602
968,0968.jpg,trainval,train,0,benign,ground_truth,1.5193079,-1.3150983,0.8501445,-0.38481274,0.9603234,-0.22962603,1.7774594,0.82736504
969,0969.jpg,trainval,train,0,benign,ground_truth,0.8221071,-0.62443954,-0.49223593,0.19318262,1.0272185,0.17973901,1.1585895,0.8983132
970,0970.jpg,trainval,train,0,benign,ground_truth,-0.7178939,-1.5554684,0.66413516,-0.6531893,-1.916165,-0.17846736,-0.7205291,-2.1051602
973,0973.jpg,trainval,train,0,benign,ground_truth,-0.28899953,0.7289777,-0.39380574,0.012401098,0.64814633,-0.35189667,-0.26575378,0.75641686
974,0974.jpg,trainval,train,0,benign,ground_truth,-0.07501237,0.549195,-2.8304362,1.8001897,0.38056603,-0.69101864,-0.44189316,0.8983132
976,0976.jpg,trainval,train,0,benign,ground_truth,-0.33202982,0.71087044,-0.5471976,-0.7192621,-1.2026174,0.07119626,-0.37562245,-0.307806
977,0977.jpg,trainval,train,0,benign,ground_truth,0.31312668,-0.27832347,-1.0938178,-0.69852155,-1.2472142,-0.13401102,0.5729263,-0.85174215
978,0978.jpg,trainval,train,0,benign,ground_truth,0.6371557,0.52331036,-1.1877922,-0.6127046,-1.1134241,-0.15979524,0.40621698,-0.8044433
979,0979.jpg,trainval,train,0,benign,ground_truth,-0.09746695,-0.20099978,-1.466957,0.9846046,0.87112993,-0.054237004,-0.093921684,0.73276746
980,0980.jpg,trainval,train,0,benign,ground_truth,1.8339418,-1.3950372,-2.899109,-0.565045,-1.5370928,0.45544398,1.5683212,-1.8213674
981,0981.jpg,trainval,train,0,benign,ground_truth,1.1780381,-0.68669707,0.032461997,-0.03638726,0.8934283,3.4745457,1.2367741,0.75641686
982,0982.jpg,trainval,train,0,benign,ground_truth,-0.14902689,-1.1785716,1.8024849,-0.44533095,-0.71205354,-0.055481527,-0.11531313,-0.9463397
983,0983.jpg,trainval,train,0,benign,ground_truth,-0.15248288,-0.41716874,-0.12602752,-0.27485332,0.42516276,0.07889758,-0.12906373,0.6381699
984,0984.jpg,trainval,train,0,benign,ground_truth,0.48244616,-0.45123455,-1.427347,1.6570995,1.1387103,-0.36874795,0.46240517,1.0165602
985,0985.jpg,trainval,train,0,benign,ground_truth,-0.6134418,4.22676,0.0005614417,-1.7280728,1.0495168,0.030506555,-0.6213575,1.0165602
987,0987.jpg,trainval,train,0,benign,ground_truth,0.33837166,-0.5605522,-0.5278246,0.6597017,1.0718151,0.3385236,0.2940041,1.0165602
989,0989.jpg,trainval,train,0,benign,ground_truth,-0.9371178,-1.311339,1.0197443,-0.5206623,-2.2729387,-0.09312205,-0.95007956,-2.6017976
990,0990.jpg,trainval,train,0,benign,ground_truth,0.55337113,-0.4922592,0.8333449,0.39596727,0.31367096,-0.2972903,0.57475084,0.14153254
991,0991.jpg,trainval,train,0,benign,ground_truth,1.1259284,0.46239567,0.6145633,2.7900867,1.1387103,0.498629,1.167617,1.0165602
992,0992.jpg,trainval,train,0,benign,ground_truth,0.59806734,-1.2717518,0.17094338,-0.28115645,-0.4221749,0.050411552,0.5672695,-0.56794935
996,0996.jpg,trainval,train,0,benign,ground_truth,0.9210105,-0.11962558,0.014892303,0.13408262,1.0941136,-0.20184638,0.9716608,1.0165602
998,0998.jpg,trainval,train,0,benign,ground_truth,-0.4938874,1.8148179,1.0978209,4.9892745,1.0941136,-0.2779976,-0.46567318,1.0165602
999,0999.jpg,trainval,train,0,benign,ground_truth,-0.9007052,-1.4505985,1.1047764,-0.5757362,0.69274306,-0.42615658,-0.90645987,0.5435723
1000,1000.jpg,trainval,train,0,benign,ground_truth,-0.19746234,-1.1842161,0.20777881,-0.3193609,1.1387103,-0.47594133,-0.18453678,1.0165602
1001,1001.jpg,trainval,train,0,benign,ground_truth,-0.54006505,0.18273918,0.4740402,-0.40594745,0.1352841,-0.37437212,-0.5452152,0.87466383
1002,1002.jpg,trainval,train,0,benign,ground_truth,0.30965224,-0.65359616,0.49850976,0.5670335,0.87112993,1.6549233,0.28350234,0.9929108
1003,1003.jpg,trainval,train,0,benign,ground_truth,-1.2523721,-0.3006105,-0.24083689,-0.50961024,-1.6931814,-0.5218867,-1.3073522,-0.9463397
1005,1005.jpg,trainval,train,0,benign,ground_truth,1.0663582,-0.32554784,-1.3606542,0.22213899,-0.22148965,0.46089047,1.0037218,-0.426053
1006,1006.jpg,trainval,train,0,benign,ground_truth,-0.118164636,-0.45095104,-0.39319888,0.94906783,0.5143562,-0.080460764,-0.09834567,0.35437712
1008,1008.jpg,trainval,train,0,benign,ground_truth,-0.7107807,2.5127158,0.14497264,-1.2630488,0.5143562,-0.25083745,-0.760864,0.73276746
1010,1010.jpg,trainval,train,0,benign,ground_truth,-0.65312827,1.2954147,0.3848676,-0.52161896,0.8265332,-0.4692021,-0.69883025,0.87466383
1011,1011.jpg,trainval,train,0,benign,ground_truth,-1.2000735,0.41925895,0.7440742,0.4912494,-0.065401144,-0.64692146,-1.2454981,-0.09496143
1013,1013.jpg,trainval,train,0,benign,ground_truth,0.8080756,-0.83718514,-0.90950805,-0.22409277,-0.95733553,3.1844401,0.76978105,-1.2064831
1016,1016.jpg,trainval,train,0,benign,ground_truth,0.9054102,0.375258,-0.62771,-0.1607323,-0.15459459,0.57880867,0.84047556,0.4489747
1017,1017.jpg,trainval,train,0,benign,ground_truth,-1.1231489,-0.6898064,0.44645047,-0.33379743,-0.48906997,-0.6402904,-1.1575657,-0.63889754
1018,1018.jpg,trainval,train,0,benign,ground_truth,0.8674008,2.649168,-1.6753378,0.016725587,1.0718151,-0.5033798,0.7226717,1.0165602
1020,1020.jpg,trainval,train,0,benign,ground_truth,0.25711113,-0.6418235,-0.29583573,0.20977916,1.1387103,-0.43455845,0.33366558,1.0165602
1023,1023.jpg,trainval,train,0,benign,ground_truth,0.2628374,0.022236919,0.5040828,-0.8524994,-0.60056174,0.2754948,0.3250967,-0.66254693
1024,1024.jpg,trainval,train,0,benign,ground_truth,0.6885724,-1.0001363,-0.6975107,-0.8286761,-1.8046732,0.40981865,0.7414101,-2.1051602
1026,1026.jpg,trainval,train,0,benign,ground_truth,-0.81172794,0.3410692,-1.1573926,-0.17108694,0.17988081,-0.65815556,-0.8156323,0.6618193
1027,1027.jpg,trainval,train,0,benign,ground_truth,0.35612878,-0.1539942,-1.7101349,-0.64834636,-1.2026174,-0.23627108,0.064398795,-1.2301325
1028,1028.jpg,trainval,train,0,benign,ground_truth,0.68743604,0.74881226,-1.0883256,-0.5402311,0.87112993,-0.3580465,0.77370673,0.80371565
1029,1029.jpg,trainval,train,0,benign,ground_truth,-0.5199961,0.52189165,-0.2503047,-0.25381947,0.9826217,-0.4491598,-0.54493576,0.85101444
1031,1031.jpg,trainval,train,0,benign,ground_truth,-0.5606904,-0.62462956,0.484237,0.34927714,1.1387103,-0.6192055,-0.53039956,1.0165602
1032,1032.jpg,trainval,train,0,benign,ground_truth,0.4178594,-0.68474483,-1.8956938,-0.62145483,-0.801247,-0.061265428,0.26676545,-0.9936385
1033,1033.jpg,trainval,train,0,benign,ground_truth,-0.50728637,-0.19004558,0.028797502,-0.18392059,-0.10999786,-0.38004154,-0.5308132,-0.16590962
1034,1034.jpg,trainval,train,0,benign,ground_truth,0.22489935,0.449227,1.4038848,0.8421153,0.87112993,-0.34741125,0.33405507,0.73276746
1038,1038.jpg,trainval,train,0,benign,ground_truth,0.6926834,-1.2653913,-0.45254833,-0.4719844,-0.64515847,0.02803801,0.72438127,-0.87539154
1039,1039.jpg,trainval,train,0,benign,ground_truth,0.6508424,-0.61288637,-0.031373415,-0.5257333,-0.64515847,-0.15118898,0.5655435,-0.7571445
1042,1042.jpg,trainval,train,0,benign,ground_truth,-0.75526017,3.6844058,0.58210754,-0.03722887,0.11298573,-0.37388828,-0.8017008,1.0165602
1044,1044.jpg,trainval,train,0,benign,ground_truth,0.3483434,-0.991786,0.2750875,0.24884512,0.4028644,-0.481711,0.35351086,0.23613013
1045,1045.jpg,trainval,train,0,benign,ground_truth,-0.7899078,-0.19058721,-0.53447205,-0.7305741,-1.5147945,-0.51274794,-0.8375446,-0.9936385
1048,1048.jpg,trainval,train,0,benign,ground_truth,0.0794878,-1.4627459,-2.0151534,-0.5810902,-2.607414,-0.37237468,-0.15260516,-2.9565384
1049,1049.jpg,trainval,train,0,benign,ground_truth,1.5758779,0.62580305,-1.2123963,1.5665492,1.0495168,-0.08507719,1.3465242,0.9219626
1052,1052.jpg,trainval,train,0,benign,ground_truth,0.11829995,-0.29248887,-0.10537537,-0.26292413,0.8265332,-0.37480366,0.11028901,0.6854687
1053,1053.jpg,trainval,train,0,benign,ground_truth,-1.1374745,-0.0967579,1.1568003,3.9642966,0.9603234,-0.70432144,-1.1650416,0.82736504
1054,1054.jpg,trainval,train,0,benign,ground_truth,-1.0910728,1.1643275,0.7187874,4.285836,1.1164119,-0.60818815,-1.1381857,1.0165602
1055,1055.jpg,trainval,train,0,benign,ground_truth,-0.7805916,0.3086186,1.1820705,-0.43267083,0.44746113,-0.55766493,-0.8126802,0.37802652
1056,1056.jpg,trainval,train,0,benign,ground_truth,0.7509026,-0.5467067,-0.41124028,-0.5979579,-0.4221749,-0.27445456,0.74833286,-0.54429996
1057,1057.jpg,trainval,train,0,benign,ground_truth,0.041566543,-0.74658793,0.83403116,-0.5770733,-0.6897552,-0.42330393,0.111955985,-0.92269033
1058,1058.jpg,trainval,train,0,benign,ground_truth,-0.85641265,-0.2425939,-0.33034518,2.1358166,1.1164119,-0.68849504,-0.9044412,1.0165602
1059,1059.jpg,trainval,train,0,benign,ground_truth,0.65016526,-0.37356877,-0.9556779,1.2583896,0.5589529,0.6958451,0.61687243,0.4016759
1060,1060.jpg,trainval,train,0,benign,ground_truth,1.2421385,-0.2787157,-3.1823752,0.94272053,0.8265332,-0.5644363,0.5085099,0.6854687
1062,1062.jpg,trainval,train,0,benign,ground_truth,0.64082515,-1.2527002,-1.3692766,-0.47702467,-0.75665027,-0.46352786,0.5085815,-0.9699891
1063,1063.jpg,trainval,train,0,benign,ground_truth,-0.1732772,-0.123514675,-0.63610077,0.7841746,0.7373398,-0.6606502,-0.41828904,0.75641686
1064,1064.jpg,trainval,train,0,benign,ground_truth,-0.97293264,-0.30253074,0.9739602,0.95426893,0.3582677,-0.6087409,-1.0093898,0.28342894
1065,1065.jpg,trainval,train,0,benign,ground_truth,0.32126284,-1.0917717,-2.5534658,-0.2722841,-1.0019323,-0.51489127,-0.00138909,-1.0882361
1066,1066.jpg,trainval,train,0,benign,ground_truth,0.94466203,-0.41389853,0.6058087,0.22220902,1.1387103,-0.6421551,0.96781015,1.0165602
1069,1069.jpg,trainval,train,0,benign,ground_truth,0.54006076,-0.9722026,0.119818725,0.38781616,0.91572666,-0.13959154,0.5764524,0.78006625
1070,1070.jpg,trainval,train,0,benign,ground_truth,-0.067209736,0.09718815,0.8113098,1.0048293,1.0495168,-0.37674388,-0.019860016,0.9219626
1071,1071.jpg,trainval,train,0,benign,ground_truth,1.030475,-1.1382204,0.3244841,-0.10245134,1.0049201,0.3272915,1.1004757,0.87466383
1072,1072.jpg,trainval,train,0,benign,ground_truth,-1.3519828,-1.5256082,-0.14778428,-0.72189987,-3.097978,-0.6805296,-1.3992764,-2.6727457
1074,1074.jpg,trainval,train,0,benign,ground_truth,-0.8708436,1.8628583,0.5022888,-0.15684927,0.80423486,-0.5400926,-0.91051364,0.85101444
1075,1075.jpg,trainval,train,0,benign,ground_truth,0.6110516,0.6417068,1.871909,-0.31307018,1.1387103,-0.36365873,0.74420416,1.0165602
1078,1078.jpg,trainval,train,0,benign,ground_truth,2.5098848,-0.8335915,-3.2250285,0.035173208,0.9603234,-0.548132,1.2539161,0.82736504
1080,1080.jpg,trainval,train,0,benign,ground_truth,0.89054525,-0.53634465,1.1006892,-0.23935278,1.0495168,-0.1575679,0.92375237,1.0165602
1082,1082.jpg,trainval,train,0,benign,ground_truth,-0.82566816,-0.8671747,-0.6588165,-0.41718823,-0.9127388,-0.3646752,-0.8735971,-0.2841566
1084,1084.jpg,trainval,train,0,benign,ground_truth,-0.9641842,0.1391599,0.09798762,-0.43924838,0.49205783,-0.5932321,-1.0022154,0.5199229
1085,1085.jpg,trainval,train,0,benign,ground_truth,-0.92088586,-0.86935306,0.70723367,-0.5447231,-0.24378802,-0.6508159,-0.938505,-0.426053
1087,1087.jpg,trainval,train,0,benign,ground_truth,-0.9877611,-1.298827,1.7627248,-0.7178472,-1.8938667,-0.17186885,-1.0178622,-1.9396144
1088,1088.jpg,trainval,train,0,benign,ground_truth,-1.4115856,0.06282166,1.2187107,0.29561326,0.17988081,-0.6982341,-1.4608922,0.23613013
1089,1089.jpg,trainval,train,0,benign,ground_truth,-0.7975363,-0.8910684,-0.3063259,-0.6157117,-1.7154797,-0.23966543,-0.79857033,-0.14226022
1090,1090.jpg,trainval,train,0,benign,ground_truth,-0.06647925,0.56228,-1.8544095,-0.21326996,-0.22148965,-0.25477144,-0.17194277,0.5199229
1091,1091.jpg,trainval,train,0,benign,ground_truth,-0.3350451,2.226968,-0.9362807,-0.8210575,-0.28838474,-0.30995512,-0.3486448,1.0165602
1092,1092.jpg,trainval,train,0,benign,ground_truth,0.42913198,0.64116687,-0.049067464,-0.8243478,0.0014939348,-0.18164474,0.3916212,-0.16590962
1093,1093.jpg,trainval,train,0,benign,ground_truth,-0.68384063,-0.5984167,0.5023052,1.137509,1.1164119,-0.38673595,-0.6498049,1.0165602
1094,1094.jpg,trainval,train,0,benign,ground_truth,1.0006316,-1.1396749,1.3277531,-0.61463046,-0.51136833,1.0693406,1.237149,-0.7334951
1095,1095.jpg,trainval,train,0,benign,ground_truth,0.09115653,-0.6542135,-1.0048695,-0.56433195,0.64814633,-0.083153106,0.07596316,0.6381699
1096,1096.jpg,trainval,train,0,benign,ground_truth,0.113180086,0.9485521,-0.053725544,2.4477143,1.1387103,-0.5888569,0.12482208,1.0165602
1098,1098.jpg,trainval,train,0,benign,ground_truth,1.4580424,0.39071557,-2.1341236,-0.5681545,1.0495168,-0.27119872,1.1236497,1.0165602
1101,1101.jpg,trainval,train,0,benign,ground_truth,-1.2383275,0.1460192,0.50070655,0.50075674,0.38056603,-0.68276596,-1.2818732,0.4253253
1103,1103.jpg,trainval,train,0,benign,ground_truth,-0.1193492,-0.16920543,-0.20437266,0.2549573,0.9826217,-0.37537777,-0.12759177,0.85101444
1104,1104.jpg,trainval,train,0,benign,ground_truth,-0.0058562327,-0.6617796,-1.4770125,-0.4816475,1.0049201,-0.5280748,-0.13736376,0.87466383
1105,1105.jpg,trainval,train,0,benign,ground_truth,0.42395264,-0.46452186,0.034814093,-0.5205551,-0.4667716,-0.1264361,0.4251276,-0.56794935
1107,1107.jpg,trainval,train,0,benign,ground_truth,-0.24059525,-0.150472,-0.5019676,0.01506855,-0.33298147,-0.21720514,-0.25957534,-0.426053
1108,1108.jpg,trainval,train,0,benign,ground_truth,-0.83658856,1.4605561,0.67517823,-0.012140814,0.49205783,-0.47757077,-0.8748392,0.8983132
1110,1110.jpg,trainval,train,0,benign,ground_truth,-1.3013681,-0.49782556,0.6080501,0.57668465,-1.0911257,-0.64588183,-1.3521163,-0.7334951
1111,1111.jpg,trainval,train,0,benign,ground_truth,0.77059776,-1.1461462,-2.5219436,-0.66472197,-1.8269715,-0.24269728,0.5563678,-1.9869132
1113,1113.jpg,trainval,train,0,benign,ground_truth,-0.11209292,-0.49599984,0.37150782,-0.3510897,0.15758245,-0.5284089,-0.14337522,-0.024013234
1114,1114.jpg,trainval,train,0,benign,ground_truth,0.15631017,-0.44593623,0.055861454,-0.1514405,0.5143562,-0.5645318,0.13703379,0.35437712
1115,1115.jpg,trainval,train,0,benign,ground_truth,1.2796531,-0.008773882,-0.79874223,-0.38230506,-0.24378802,1.0102859,1.1673425,0.02328556
1118,1118.jpg,trainval,train,0,benign,ground_truth,1.3722267,0.261553,-0.5539255,2.2955496,0.9603234,1.7156752,1.3509328,0.945612
1119,1119.jpg,trainval,train,0,benign,ground_truth,0.3154448,1.8285078,0.5511145,-0.9621007,-0.043102782,2.2673182,0.35003668,0.28342894
1120,1120.jpg,trainval,train,0,benign,ground_truth,-0.51497966,0.1339791,-0.5558335,-0.7666791,-1.0465289,0.025501799,-0.53457797,-1.1591843
1121,1121.jpg,trainval,train,0,benign,ground_truth,-0.5372977,-0.48013192,0.33202633,0.18770199,0.11298573,-0.53781724,-0.5423547,0.07058436
1125,1125.jpg,trainval,train,0,benign,ground_truth,-0.37885666,-0.47649902,-0.8399646,-0.48900256,0.046090655,-0.48924786,-0.3730805,-0.14226022
1127,1127.jpg,trainval,train,0,benign,ground_truth,-1.0527947,-0.63114786,0.12864076,0.29837263,-0.4221749,-0.52554196,-1.0918671,-0.63889754
1128,1128.jpg,trainval,train,0,benign,ground_truth,-0.10406442,-0.599204,1.6551689,0.48948878,0.33596933,1.0482229,-0.045748506,0.16518193
1130,1130.jpg,trainval,train,0,benign,ground_truth,1.0107948,-0.07360048,1.5441996,1.1360154,0.44746113,2.4321554,1.3398216,0.28342894
1131,1131.jpg,trainval,train,0,benign,ground_truth,-1.1353666,-0.44465256,0.61333805,-0.4387412,-1.358706,-0.338267,-1.1699028,-1.4902759
1132,1132.jpg,trainval,train,0,benign,ground_truth,0.3401836,2.1545062,1.01548,-1.122293,-0.71205354,5.7306824,0.41689998,-0.6861963
1133,1133.jpg,trainval,train,0,benign,ground_truth,-0.82341796,-0.3895044,0.118385814,-0.7313951,-1.7600764,-0.2842457,-0.8754361,-1.5848734
1134,1134.jpg,trainval,train,0,benign,ground_truth,0.8496352,1.0347539,-0.9349898,7.893923,1.1164119,1.1551218,0.8104218,0.9929108
1135,1135.jpg,trainval,train,0,benign,ground_truth,1.6290491,-0.94875085,-2.6644607,0.0954257,0.023792295,-0.22799212,1.0370551,-0.16590962
1136,1136.jpg,trainval,train,0,benign,ground_truth,-0.97726667,-1.292819,-0.09585264,-0.37016094,1.1164119,-0.43740678,-1.0035844,0.9929108
1138,1138.jpg,trainval,train,0,benign,ground_truth,0.6058115,0.26372445,1.0603291,-0.24907407,1.0272185,-0.057461657,0.60240465,1.0165602
1139,1139.jpg,trainval,train,0,benign,ground_truth,0.73262554,-0.13865413,1.195831,1.734245,0.87112993,0.67938673,0.8747984,0.73276746
1140,1140.jpg,trainval,train,0,benign,ground_truth,0.33140373,-1.0217794,-0.27264452,-0.63321763,-1.4701978,-0.29967943,0.327892,-1.679471
1144,1144.jpg,trainval,train,0,benign,ground_truth,-0.07424812,0.6325548,-1.6897187,-0.6688467,0.4028644,-0.20457159,-0.26675826,1.0165602
1145,1145.jpg,trainval,train,0,benign,ground_truth,-0.30842552,0.8653341,1.5102669,-0.44886443,0.8265332,-0.32097545,-0.29185584,0.9692614
1146,1146.jpg,trainval,train,0,benign,ground_truth,-0.27043846,-1.3290391,1.1171418,-0.52877223,-0.97963387,2.407231,-0.20898229,-1.2064831
1147,1147.jpg,trainval,train,0,benign,ground_truth,0.29575267,-0.22185244,0.7227547,0.9852318,0.8265332,-0.38738683,0.3885341,0.85101444
1149,1149.jpg,trainval,train,0,benign,ground_truth,-0.06486327,0.77724946,-0.91030204,-0.4579522,0.87112993,-0.17319001,-0.068540335,0.78006625
1150,1150.jpg,trainval,train,0,benign,ground_truth,-0.72478294,2.2828615,1.614808,-0.6253857,0.31367096,-0.22590739,-0.7416405,0.5199229
1151,1151.jpg,trainval,train,0,benign,ground_truth,-0.33238402,1.5771918,-0.94146997,-1.1581792,0.53665453,-0.39396214,-0.35220948,0.4726241
1152,1152.jpg,trainval,train,0,benign,ground_truth,0.451803,1.9485952,0.77152205,-0.8951361,0.9826217,0.76575077,0.49883935,1.0165602
1153,1153.jpg,trainval,train,0,benign,ground_truth,0.3705559,-1.0142365,0.6222765,-0.16709228,0.20217916,0.043948874,0.39474142,0.02328556
1154,1154.jpg,trainval,train,0,benign,ground_truth,0.98949754,1.5827096,-0.62116396,-0.8371111,0.0014939348,2.9119873,0.9738418,0.07058436
1155,1155.jpg,trainval,train,0,benign,ground_truth,-0.21776171,1.3530781,-0.7532881,-1.252364,-0.26608637,3.1126642,-0.16904563,-0.47335178
1156,1156.jpg,trainval,train,0,benign,ground_truth,-0.39001063,-1.1512078,1.2280828,-0.6174422,-1.6931814,-0.59220004,-0.38428497,-1.9869132
1158,1158.jpg,trainval,train,0,benign,ground_truth,0.8126952,0.7277056,-0.2137378,-0.77602684,0.17988081,-0.14697713,0.7985971,-0.00036383688
1160,1160.jpg,trainval,train,0,benign,ground_truth,0.26051086,2.2620366,0.39762053,0.95292705,1.0718151,-0.48561928,0.27563363,1.0165602
1161,1161.jpg,trainval,train,0,benign,ground_truth,-1.1630619,-0.56358,-0.5374447,-0.3390916,-0.26608637,-0.64643496,-1.2088784,1.0165602
1162,1162.jpg,trainval,train,0,benign,ground_truth,0.5353554,-0.09181386,0.16289516,-0.74990106,-0.71205354,-0.20298913,0.5238685,-0.14226022
1163,1163.jpg,trainval,train,0,benign,ground_truth,0.20468466,-0.13980721,-0.43278491,-0.54262304,0.938025,-0.19569272,0.13610405,0.80371565
1164,1164.jpg,trainval,train,0,benign,ground_truth,0.8368743,1.9743599,-0.27626845,1.0447128,0.938025,0.108811244,0.7868895,1.0165602
1165,1165.jpg,trainval,train,0,benign,ground_truth,-0.68350834,2.5665138,-0.52038616,-1.6115695,0.71504146,-0.20384209,-0.6970071,0.87466383
1167,1167.jpg,trainval,train,0,benign,ground_truth,-0.3499969,-0.08738527,-1.6840403,2.391925,1.0272185,-0.50456065,-0.42111275,1.0165602
1168,1168.jpg,trainval,train,0,benign,ground_truth,0.21682186,-0.44707924,0.22771618,0.20590098,0.9603234,2.0595825,0.19907856,0.82736504
1169,1169.jpg,trainval,train,0,benign,ground_truth,2.3278768,-0.49334592,0.39250237,-0.2378425,1.1387103,10.250493,2.3330147,1.0165602
1170,1170.jpg,trainval,train,0,benign,ground_truth,-0.8751747,-0.7883522,1.428497,-0.4137696,-1.4478995,-0.5507982,-0.9019641,-1.7267698
1171,1171.jpg,trainval,train,0,benign,ground_truth,-0.7057287,0.1783895,0.5728129,-0.5444421,0.69274306,-0.4480257,-0.73660207,0.5435723
1172,1172.jpg,trainval,train,0,benign,ground_truth,-0.79963326,-0.3657683,0.8851272,0.7240787,1.0941136,-0.49346784,-0.82100976,1.0165602
1176,1176.jpg,trainval,train,0,benign,ground_truth,0.2568472,0.3117422,-0.28986728,2.4165561,0.9826217,-0.36561188,0.17341211,1.0165602
1177,1177.jpg,trainval,train,0,benign,ground_truth,-1.106168,2.8793292,0.07529485,-0.42173696,0.49205783,-0.39950866,-1.132505,1.0165602
1178,1178.jpg,trainval,train,0,benign,ground_truth,-0.77641594,0.5704446,-0.6610137,0.67387515,1.1164119,-0.49238348,-0.81697345,0.9929108
1179,1179.jpg,trainval,train,0,benign,ground_truth,-1.19457,0.0707487,0.5270949,-0.16873242,-0.3552798,-0.66940856,-1.2348138,0.117883146
1180,1180.jpg,trainval,train,0,benign,ground_truth,-0.3227357,-0.8500714,-0.3336548,-0.10798069,0.17988081,-0.6641582,-0.34725127,0.04693496
1182,1182.jpg,trainval,train,0,benign,ground_truth,0.4683769,0.330479,0.34413862,-1.0086471,-0.13229622,0.259466,0.51221234,-0.2368578
1183,1183.jpg,trainval,train,0,benign,ground_truth,0.48466083,-0.6176297,-1.8701031,1.4860281,0.20217916,-0.36010104,0.32681736,0.09423375
1184,1184.jpg,trainval,train,0,benign,ground_truth,-0.684731,0.30623242,-0.013267281,0.31851247,0.9603234,-0.42788678,-0.72032166,0.87466383
1185,1185.jpg,trainval,train,0,benign,ground_truth,-0.011171005,0.7854475,-0.36533904,-0.3253477,0.8265332,-0.32291618,-0.020642074,0.945612
1186,1186.jpg,trainval,train,0,benign,ground_truth,1.2993221,-0.8971575,-0.10209999,0.04362077,-0.60056174,0.22311966,1.2949575,-0.82809275
1187,1187.jpg,trainval,train,0,benign,ground_truth,0.12658386,-0.4038139,-0.49895105,0.6689573,1.1387103,0.09562851,0.1969045,1.0165602
1188,1188.jpg,trainval,train,0,benign,ground_truth,-0.31364143,0.10025318,0.38753653,-0.20444354,0.91572666,-0.15443368,-0.32253376,0.82736504
1189,1189.jpg,trainval,train,0,benign,ground_truth,1.0948601,3.1911507,0.061838288,-0.45380577,1.0941136,1.8200687,1.066881,0.9692614
1190,1190.jpg,trainval,train,0,benign,ground_truth,1.4840776,0.23335788,-0.49058732,-0.51322114,0.8934283,0.01843826,1.4568555,0.82736504
1191,1191.jpg,trainval,train,0,benign,ground_truth,-0.90634054,-0.5685749,1.3974403,1.9526787,1.1387103,-0.7230329,-0.92732817,1.0165602
1192,1192.jpg,trainval,train,0,benign,ground_truth,0.97775555,1.0305068,-1.1674474,-0.65312254,0.91572666,-0.23371898,0.9849398,0.85101444
1193,1193.jpg,trainval,train,0,benign,ground_truth,0.8541906,2.2695262,0.27868295,1.1916369,1.1387103,-0.48992467,0.8843628,1.0165602
1194,1194.jpg,trainval,train,0,benign,ground_truth,0.9121018,0.45464513,0.07166796,-0.51051784,0.6704447,0.02157358,0.86880606,0.78006625
1195,1195.jpg,trainval,train,0,benign,ground_truth,0.9662255,-0.4475482,-1.490791,-0.24814653,0.87112993,-0.5508063,0.7099167,0.78006625
1196,1196.jpg,trainval,train,0,benign,ground_truth,-0.50743574,5.8614073,-0.8226237,-1.307449,0.87112993,0.5770519,-0.5132958,1.0165602
1198,1198.jpg,trainval,train,0,benign,ground_truth,-0.89125806,0.50100464,-0.59499425,-0.9709534,-1.425601,0.61442226,-0.9485399,-1.1828337
1199,1199.jpg,trainval,train,0,benign,ground_truth,-0.14512107,1.7397338,-0.5980747,0.18125135,0.75963813,-0.3961143,-0.17875119,1.0165602
1204,1204.jpg,trainval,train,0,benign,ground_truth,0.33544964,0.3562219,-1.8043282,2.7881336,1.1387103,-0.5034228,0.26341668,1.0165602
1208,1208.jpg,trainval,train,0,benign,ground_truth,0.4945527,0.017436739,0.4364348,-0.23762041,-0.4221749,0.18867259,0.50915426,-0.44970238
1209,1209.jpg,trainval,train,0,benign,ground_truth,0.6277448,0.020794882,0.9503595,1.662664,1.1387103,0.20022976,0.74279946,1.0165602
1210,1210.jpg,trainval,train,0,benign,ground_truth,1.7580327,-0.26701984,0.59520817,1.4085758,0.87112993,2.383735,1.9225929,0.82736504
1211,1211.jpg,trainval,train,0,benign,ground_truth,0.45733875,-1.1213717,-0.76014763,-0.49683714,-1.4033027,-0.17940956,0.35736403,-1.679471
1212,1212.jpg,trainval,train,0,benign,ground_truth,-0.15863584,-1.0808705,-0.77316695,-0.55134004,-2.1168501,-0.39985925,-0.18751737,-2.4362516
1213,1213.jpg,trainval,train,0,benign,ground_truth,1.3538256,-0.6053623,0.18331735,0.6103579,0.8488316,0.9579161,1.3692073,0.70911807
1214,1214.jpg,trainval,train,0,benign,ground_truth,0.48402417,-0.5421712,-0.1892924,-0.10044918,0.9603234,0.006329829,0.42238867,0.9692614
1215,1215.jpg,trainval,train,0,benign,ground_truth,0.60587466,-0.29681835,-2.305029,0.15401866,0.22447753,-0.41690078,0.29114017,0.25977954
1216,1216.jpg,trainval,train,0,benign,ground_truth,0.53091186,0.6079416,0.04934953,-0.17285745,0.91572666,-0.16500509,0.5336584,0.78006625
1219,1219.jpg,trainval,train,0,benign,ground_truth,-0.64637744,-0.8268469,-0.17683685,0.07264629,-1.4033027,-0.19285649,-0.6883443,-1.679471
1220,1220.jpg,trainval,train,0,benign,ground_truth,-0.11688687,-1.1828943,0.25597832,-0.36513284,-0.6897552,-0.23915993,-0.12197079,-0.92269033
1222,1222.jpg,trainval,train,0,benign,ground_truth,0.37612727,-0.93953,-0.51358664,-0.06873105,1.1387103,-0.4343162,0.32546833,1.0165602
1223,1223.jpg,trainval,train,0,benign,ground_truth,0.7783399,-0.04425938,-0.99240065,-0.09522613,0.3582677,0.33972153,0.74812335,0.28342894
1224,1224.jpg,trainval,train,0,benign,ground_truth,0.9164565,-0.7745708,0.39212143,0.3792557,0.6704447,0.12371406,0.9826652,0.6381699
1225,1225.jpg,trainval,train,0,benign,ground_truth,0.09100601,0.3115222,0.9912225,0.17565347,-0.15459459,0.6550431,0.14279611,-0.024013234
1228,1228.jpg,trainval,train,0,benign,ground_truth,-0.7676584,-0.22359784,0.60906297,-0.26263097,-0.71205354,-0.4489616,-0.8002929,-0.87539154
1229,1229.jpg,trainval,train,0,benign,ground_truth,1.0406549,0.2648118,-0.20892645,1.1334553,0.87112993,0.023297736,1.0301995,0.85101444
1230,1230.jpg,trainval,train,0,benign,ground_truth,-0.7091518,-0.7465434,0.12264616,0.3818698,-0.39987653,-0.2168796,-0.7321792,-0.426053
1231,1231.jpg,trainval,train,0,benign,ground_truth,0.60390544,0.84573567,-0.78244156,-0.3780897,0.6704447,-0.045539834,0.5321361,0.5199229
1232,1232.jpg,trainval,train,0,benign,ground_truth,-0.41902924,-0.012699877,0.25136104,-0.715503,-1.1134241,-0.11867995,-0.36969903,-0.87539154
1233,1233.jpg,trainval,train,0,benign,ground_truth,0.29161736,1.4452429,1.3595983,-0.5560352,-0.22148965,0.4963793,0.40136322,0.6381699
1234,1234.jpg,trainval,train,0,benign,ground_truth,-0.8082946,-0.76438296,1.6516539,-0.7185928,-1.670883,-0.16220829,-0.782998,-1.2064831
1235,1235.jpg,trainval,train,0,benign,ground_truth,0.5490604,0.6733974,-0.121338,-0.8962973,-0.33298147,0.046124693,0.6078538,0.25977954
1236,1236.jpg,trainval,train,0,benign,ground_truth,0.32051727,-0.5556176,-1.4863259,-0.20666839,-0.801247,0.36186,0.31206504,-1.0409373
1239,1239.jpg,trainval,train,0,benign,ground_truth,1.0455042,-0.7499163,0.20966819,-0.27602097,-0.44447324,-0.2560211,1.1003631,-0.66254693
1240,1240.jpg,trainval,train,0,benign,ground_truth,0.30827612,-0.529087,1.5678701,-0.18823583,-0.10999786,-0.23586842,0.45083147,-0.2605072
1243,1243.jpg,trainval,train,0,benign,ground_truth,0.60330874,0.32790872,-0.8777688,-0.7126861,-0.5782634,0.14628454,0.6100947,-0.56794935
1244,1244.jpg,trainval,train,0,benign,ground_truth,-0.11224461,-1.0128194,0.07163051,-0.53102815,-1.3810043,-0.3319795,-0.10150981,-0.87539154
1245,1245.jpg,trainval,train,0,benign,ground_truth,0.24800065,-0.97723407,-0.7382371,-0.10250948,-1.0688273,-0.3493432,0.22455904,-1.32473
1246,1246.jpg,trainval,train,0,benign,ground_truth,0.09628917,0.8969354,1.811205,-1.1220105,-0.28838474,1.0547706,0.16404511,-0.49700117
1247,1247.jpg,trainval,train,0,benign,ground_truth,-0.7276654,-0.58703554,-0.29705796,-0.68006325,0.0014939348,0.019774899,-0.79315317,0.4489747
1250,1250.jpg,trainval,train,0,benign,ground_truth,1.4840419,2.0902374,-0.4426673,-0.63674295,0.0014939348,2.1339374,1.4271504,0.07058436
1251,1251.jpg,trainval,train,0,benign,ground_truth,0.6781468,-0.68541163,0.15365534,0.31801367,1.1387103,-0.19517209,0.79884964,1.0165602
1252,1252.jpg,trainval,train,0,benign,ground_truth,1.2286149,0.42938942,0.61510265,-0.5220237,0.60354966,-0.43773815,1.3908951,0.4489747
1253,1253.jpg,trainval,train,0,benign,ground_truth,0.7587697,-0.04936166,0.8495155,-0.35409397,1.0495168,-0.42996824,1.3508685,0.9692614
1255,1255.jpg,trainval,train,0,benign,ground_truth,-0.60307664,2.7783535,1.5789627,0.30266505,0.87112993,-0.46113,-0.5986531,1.0165602
1256,1256.jpg,trainval,train,0,benign,ground_truth,0.5645736,-0.77775097,-1.4707022,0.43415567,0.8265332,-0.3148693,0.4460256,0.6854687
1259,1259.jpg,trainval,train,0,benign,ground_truth,-0.38819048,-0.3780224,-0.58956724,0.5265978,0.5143562,-0.3279949,-0.11752914,0.4726241
1264,1264.jpg,trainval,train,0,benign,ground_truth,-1.068772,0.13332434,1.0702374,-0.5132061,0.023792295,-0.65761924,-1.0721476,0.5908711
1268,1268.jpg,trainval,train,0,benign,ground_truth,1.5292768,-0.3758144,-0.46054235,-0.5300801,-0.26608637,-0.09463013,1.5538865,-0.47335178
1269,1269.jpg,trainval,train,0,benign,ground_truth,0.1322546,-0.33518314,-3.1979818,-0.39252073,-1.3364077,-0.5957212,-0.5402663,-1.2301325
1270,1270.jpg,trainval,train,0,benign,ground_truth,-0.26627004,-0.36195096,-0.8546109,-0.32502085,0.046090655,-0.43102515,-0.26416478,-0.024013234
1272,1272.jpg,trainval,train,0,benign,ground_truth,-1.0250672,0.7356067,-0.69437957,1.3347957,0.24677588,-0.45313352,-1.0681643,0.30707833
1273,1273.jpg,trainval,train,0,benign,ground_truth,0.8237904,-0.714403,-0.07630566,0.1709344,0.49205783,-0.4700204,0.8137025,0.33072773
1275,1275.jpg,trainval,train,0,benign,ground_truth,0.712581,-0.5923722,0.33552098,0.63425606,1.1387103,-0.52876866,0.71968913,1.0165602
1276,1276.jpg,trainval,train,0,benign,ground_truth,0.90882796,0.46282163,-0.02463195,1.4867259,1.1387103,-0.39954132,1.0296948,1.0165602
1277,1277.jpg,trainval,train,0,benign,ground_truth,1.1546209,-1.1844889,-2.0084229,-0.33756796,0.80423486,-0.29162735,1.2706004,0.6618193
1278,1278.jpg,trainval,train,0,benign,ground_truth,-0.79825467,-0.9033166,1.8592597,0.025821028,0.44746113,-0.43426168,-0.8142933,0.28342894
1279,1279.jpg,trainval,train,0,benign,ground_truth,0.5988353,-0.5319897,-1.4274331,0.19588467,-0.17689294,-0.41941503,0.35341445,-0.3787542
1280,1280.jpg,trainval,train,0,benign,ground_truth,-0.6228018,-0.025499454,-0.048058905,-0.08722415,0.20217916,-0.5500616,-0.6428861,0.02328556
1281,1281.jpg,trainval,train,0,benign,ground_truth,0.12470115,-1.0317075,-1.0045638,-0.5587614,0.49205783,-0.5055609,0.06799993,0.9692614
1282,1282.jpg,trainval,train,0,benign,ground_truth,-1.1589547,-0.45372757,-1.3695984,-0.31980598,-1.2918109,-0.68131346,-1.2634597,-0.47335178
1283,1283.jpg,trainval,train,0,benign,ground_truth,0.7517665,-0.9117719,0.5241807,-0.1443349,-0.22148965,0.27804184,0.8279051,-0.426053
1286,1286.jpg,trainval,train,0,benign,ground_truth,-0.013557139,0.61571413,-1.2083005,0.2562664,0.87112993,-0.32316265,-0.028888343,1.0165602
1287,1287.jpg,trainval,train,0,benign,ground_truth,-0.8700201,-0.41704968,1.1663914,-0.7017742,-1.7823749,-0.1728838,-0.868451,-0.56794935
1288,1288.jpg,trainval,train,0,benign,ground_truth,-1.1853474,0.56665075,-1.1000521,-0.8449442,-1.6931814,-0.37206495,-1.2380648,-1.4429771
1289,1289.jpg,trainval,train,0,benign,ground_truth,1.4585751,-0.8027252,0.6597464,0.01944146,0.7819365,0.47193772,1.7067171,0.6381699
1292,1292.jpg,trainval,train,0,benign,ground_truth,-0.7891192,-0.08013639,-0.5756558,-0.4784417,-0.5782634,-0.578339,-0.8168809,-0.7807939
1293,1293.jpg,trainval,train,0,benign,ground_truth,-1.0454593,0.23762481,0.82124966,-0.01650572,-0.26608637,-0.64063287,-1.0681643,-0.3787542
1294,1294.jpg,trainval,train,0,benign,ground_truth,1.3946875,0.5481735,0.020453569,3.1457102,1.0272185,1.1088338,1.3928648,0.8983132
1295,1295.jpg,trainval,train,0,benign,ground_truth,0.24892688,-0.5784627,0.74129343,-0.07614737,0.33596933,-0.0866417,0.24358757,0.16518193
1296,1296.jpg,trainval,train,0,benign,ground_truth,1.1791109,-0.5567588,0.10143775,-0.0764865,1.1387103,2.624702,1.1932228,1.0165602
1298,1298.jpg,trainval,train,0,benign,ground_truth,2.2619638,-0.1919006,-3.0914662,-0.507433,-0.6897552,-0.2611824,1.2165782,-0.2605072
1299,1299.jpg,trainval,train,0,benign,ground_truth,-0.543602,1.025995,0.2097382,-0.59548646,-0.33298147,-0.23996803,-0.55222315,-0.09496143
1300,1300.jpg,trainval,train,0,benign,ground_truth,0.52918446,-1.2326142,-2.7264028,-0.43130302,-1.8492699,0.024733841,0.3261723,-2.152459
1301,1301.jpg,trainval,train,0,benign,ground_truth,-0.5812436,-0.8022696,-0.17406653,-0.20126072,0.42516276,-0.62979835,-0.6005264,0.25977954
1303,1303.jpg,trainval,train,0,benign,ground_truth,0.48700574,1.1655049,0.37153667,-0.7268702,-1.2918109,1.9732182,0.553634,-1.0172879
1304,1304.jpg,trainval,train,0,benign,ground_truth,-0.79977494,-0.8849504,-1.0049458,0.5606369,0.0014939348,-0.5038918,-0.85171294,0.04693496
1307,1307.jpg,trainval,train,0,benign,ground_truth,-0.029225333,-1.467503,0.54286593,-0.63377833,-2.0276568,1.7666835,-0.022705665,-2.1288095
1309,1309.jpg,trainval,train,0,benign,ground_truth,-0.78732973,-0.32331264,0.30972782,1.4538466,0.38056603,-0.27429217,-0.80735564,0.37802652
1311,1311.jpg,trainval,train,0,benign,ground_truth,-0.72448283,0.9218844,-0.23069458,3.4192827,1.0718151,-0.44227505,-0.738631,1.0165602
1313,1313.jpg,trainval,train,0,benign,ground_truth,-0.08804436,1.1142453,-0.29319394,3.1360152,1.1387103,-0.3462799,-0.10400581,1.0165602
1314,1314.jpg,trainval,train,0,benign,ground_truth,0.500282,0.588685,0.3416384,-0.64688796,0.023792295,0.6913191,0.6489497,0.6145205
1319,1319.jpg,trainval,train,0,benign,ground_truth,0.32093325,-0.04735628,-1.5065422,-0.11953628,1.1387103,-0.4302453,0.27452984,1.0165602
1320,1320.jpg,trainval,train,0,benign,ground_truth,-0.6504984,-0.15605585,-2.5895605,-0.6735349,-0.4221749,-0.49028012,-0.8657431,-0.44970238
1321,1321.jpg,trainval,train,0,benign,ground_truth,0.011244957,1.0612696,-0.5967309,2.8491054,0.8488316,-0.6732879,-0.28459772,0.70911807
1324,1324.jpg,trainval,train,0,benign,ground_truth,0.9401955,0.12136829,-0.6655424,-0.70152295,-1.2918109,0.4529268,0.95960313,-0.00036383688
1325,1325.jpg,trainval,train,0,benign,ground_truth,-0.46314874,-0.6928971,-2.073658,-0.5810441,-2.3175354,-0.27553686,-0.5795588,-1.679471
1326,1326.jpg,trainval,train,0,benign,ground_truth,0.11079071,-0.8080164,-2.2377589,-0.6060303,-1.1580207,-0.6503505,-0.2236337,-1.2774312
1329,1329.jpg,trainval,train,0,benign,ground_truth,-0.328056,0.87733006,-0.56539667,-0.16052821,0.023792295,-0.3118329,-0.34482357,0.25977954
1330,1330.jpg,trainval,train,0,benign,ground_truth,0.6676881,0.94136953,-0.6135885,-0.1607505,0.9826217,0.037116975,0.63667977,0.9929108
1331,1331.jpg,trainval,train,0,benign,ground_truth,1.2794255,-0.09521015,-0.26740503,-0.37178418,1.1387103,-0.40631387,1.1898084,1.0165602
1333,1333.jpg,trainval,train,0,benign,ground_truth,-0.7948537,0.8779312,0.9809421,-0.412337,0.6704447,-0.4832791,-0.8024283,0.8983132
1334,1334.jpg,trainval,train,0,benign,ground_truth,-1.1299905,1.092133,0.71991307,0.2977317,0.64814633,-0.53243786,-1.1682237,0.80371565
1335,1335.jpg,trainval,train,0,benign,ground_truth,1.2404169,0.5288861,-0.7530666,-0.6335315,0.9603234,-0.007865189,1.2554731,0.82736504
1336,1336.jpg,trainval,train,0,benign,ground_truth,-0.4326875,0.2613531,-1.566239,0.6711832,1.1164119,-0.67849666,-0.56665957,1.0165602
1337,1337.jpg,trainval,train,0,benign,ground_truth,-0.9465261,2.506959,0.19422232,-0.17066965,-0.22148965,0.7638392,-0.9861814,1.0165602
1339,1339.jpg,trainval,train,0,benign,ground_truth,-1.1439545,-0.10012908,-0.049147617,-0.029364591,-0.48906997,-0.5301739,-1.1776539,-0.4024036
1340,1340.jpg,trainval,train,0,benign,ground_truth,-0.027596384,-0.27991897,0.94052136,-0.58948,0.71504146,-0.28792462,-0.03818278,0.5672217
1342,1342.jpg,trainval,train,0,benign,ground_truth,-0.33571902,1.333907,-2.8812008,6.2009125,1.0718151,-0.72152686,-0.58726436,0.945612
1343,1343.jpg,trainval,train,0,benign,ground_truth,0.33393607,-1.0171947,0.1231911,-0.5044925,-0.13229622,-0.008003045,0.28930825,-0.33145538
1344,1344.jpg,trainval,train,0,benign,ground_truth,-0.2852538,1.7416623,-0.24933697,-0.8026662,-0.55596507,0.11712596,-0.2715676,-0.2841566
1346,1346.jpg,trainval,train,0,benign,ground_truth,-0.92995673,0.50943124,0.92987764,-0.4359337,0.06838901,-0.5267236,-0.96117646,0.28342894
1347,1347.jpg,trainval,train,0,benign,ground_truth,0.96716475,4.8382936,-1.1524997,0.47364384,0.7373398,0.79953283,0.95104337,1.0165602
1348,1348.jpg,trainval,train,0,benign,ground_truth,-0.9570385,3.7192216,0.7584575,-0.8009887,1.0272185,-0.036912873,-0.9853695,0.9929108
1349,1349.jpg,trainval,train,0,benign,ground_truth,-0.26100272,-0.6030061,-0.16627629,0.7508066,-0.13229622,0.22382212,-0.30201396,-0.307806
1351,1351.jpg,trainval,train,0,benign,ground_truth,-0.8963442,1.9516504,-0.81051344,1.1121966,0.60354966,-0.38189554,-0.94002295,0.9929108
1352,1352.jpg,trainval,train,0,benign,ground_truth,-0.6794981,-0.9302368,1.5603658,0.061962448,0.58125126,-0.57579327,-0.67069626,0.4253253
1353,1353.jpg,trainval,train,0,benign,ground_truth,0.01570043,0.38595158,0.08878096,0.8494259,0.46975946,-0.47723517,-0.0060578836,0.37802652
1354,1354.jpg,trainval,train,0,benign,ground_truth,0.7407643,1.7048339,-1.0246005,-0.40779293,0.7819365,-0.2707742,0.71438307,1.0165602
1356,1356.jpg,trainval,train,0,benign,ground_truth,0.04454267,0.46814317,-0.013724405,-0.66967237,-0.55596507,-0.07810132,0.03735179,-0.16590962
1357,1357.jpg,trainval,train,0,benign,ground_truth,0.75019246,0.73082924,0.369361,-0.79387504,1.1164119,0.018013474,0.8022561,0.9929108
1358,1358.jpg,trainval,train,0,benign,ground_truth,0.73594445,-0.93478614,-0.13646431,-0.35387844,1.1387103,-0.51223004,0.77727586,1.0165602
1359,1359.jpg,trainval,train,0,benign,ground_truth,-0.6936992,0.37085265,-0.2053682,3.185726,1.1387103,-0.5697322,-0.72115177,1.0165602
1360,1360.jpg,trainval,train,0,benign,ground_truth,0.4289845,0.36047882,-0.52129984,-0.48143798,-0.6897552,0.9267189,0.39525154,-0.4024036
1362,1362.jpg,trainval,train,0,benign,ground_truth,-0.75715405,0.18595408,1.2044748,4.1293964,0.49205783,0.22280528,-0.7132542,0.4489747
1363,1363.jpg,trainval,train,0,benign,ground_truth,0.3474797,0.005306876,0.70247424,-0.060273167,0.938025,-0.21465139,0.35380012,0.80371565
1364,1364.jpg,trainval,train,0,benign,ground_truth,1.2609694,1.5959481,1.1340244,-1.2758874,1.1387103,-0.09701923,1.4094996,1.0165602
1366,1366.jpg,trainval,train,0,benign,ground_truth,-0.2617215,-0.36404163,0.28861338,-0.32646662,0.64814633,-0.4340963,-0.2498347,0.6381699
1367,1367.jpg,trainval,train,0,benign,ground_truth,0.6041248,0.40857106,-2.4334815,-0.07799713,0.8488316,-0.34728155,0.31943536,0.82736504
1370,1370.jpg,trainval,train,0,benign,ground_truth,-0.77604616,-1.0666889,0.9700323,-0.03663125,-0.13229622,-0.4698577,-0.76333964,-0.33145538
1371,1371.jpg,trainval,train,0,benign,ground_truth,0.12717009,-1.0122544,-1.934848,-0.40512523,-0.84584373,-0.5690792,0.03111388,-1.0409373
1374,1374.jpg,trainval,train,0,benign,ground_truth,-0.40883955,-0.021480361,0.43686146,-0.48423064,1.0718151,-0.42193848,-0.44448382,0.9692614
1377,1377.jpg,trainval,train,0,benign,ground_truth,0.3116799,-0.18326432,-0.21085434,-0.4562829,1.0049201,-0.50160974,0.31707987,0.9929108
1378,1378.jpg,trainval,train,0,benign,ground_truth,0.12302745,0.42392635,-1.2672131,0.32019094,1.1164119,-0.54357505,0.07430625,1.0165602
1379,1379.jpg,trainval,train,0,benign,ground_truth,-0.65780574,1.3817202,0.06451129,-0.6257834,0.09068737,-0.38751453,-0.6777727,0.4253253
1380,1380.jpg,trainval,train,0,benign,ground_truth,-0.9953696,-1.0896442,1.5154297,-0.59358007,-1.5147945,-0.62580925,-0.99747616,-1.7031204
1383,1383.jpg,trainval,train,0,benign,ground_truth,0.7275172,-0.35507596,-0.4998953,0.605297,0.91572666,0.7917817,0.6666491,0.78006625
1384,1384.jpg,trainval,train,0,benign,ground_truth,-0.66065377,-0.38464376,0.59448206,-0.63129526,-1.3810043,0.20685682,-0.6970881,-0.54429996
1386,1386.jpg,trainval,train,0,benign,ground_truth,0.22689606,0.3769803,-0.3504155,-0.0194806,0.71504146,0.108804606,0.20185517,1.0165602
1388,1388.jpg,trainval,train,0,benign,ground_truth,-0.8342061,3.3928266,0.029993558,0.27359247,0.7819365,-0.3146953,-0.84092057,1.0165602
1390,1390.jpg,trainval,train,0,benign,ground_truth,-0.6044616,0.028548105,0.09022058,0.630998,0.9826217,-0.5720556,-0.5712641,0.9692614
1391,1391.jpg,trainval,train,0,benign,ground_truth,-0.12157582,-1.4927992,1.214314,-0.6502337,-2.0945518,1.630923,-0.09849501,-2.2943554
1392,1392.jpg,trainval,train,0,benign,ground_truth,-1.1445425,-0.2977884,0.055170037,-0.64018995,-0.97963387,-0.5964351,-1.1988847,-0.63889754
1394,1394.jpg,trainval,train,1,malignant,ground_truth,-1.1456795,-0.61443233,1.3153286,1.0020028,0.8265332,-0.6636904,-1.1727947,0.75641686
1395,1395.jpg,trainval,train,1,malignant,ground_truth,-0.67752004,-0.9210219,-0.123393,-0.45172623,-0.73435193,-0.47285774,-0.6606634,-0.18955901
1396,1396.jpg,trainval,train,1,malignant,ground_truth,-1.2102273,-0.15647,0.43031007,-0.6431745,-1.3141092,-0.6309609,-1.2262957,-0.7334951
1399,1399.jpg,trainval,train,1,malignant,ground_truth,-0.73355293,-0.75852567,1.2419391,-0.5327752,-1.2918109,-0.47043085,-0.718291,-1.561224
1400,1400.jpg,trainval,train,1,malignant,ground_truth,-0.45959592,-0.8283296,0.60037225,-0.48824906,-1.2026174,-0.0683003,-0.402718,-1.4666264
1401,1401.jpg,trainval,train,1,malignant,ground_truth,-0.81399685,-0.26816276,0.739468,1.0928222,-0.3552798,-0.29932776,-0.82806224,-0.44970238
1402,1402.jpg,trainval,train,1,malignant,ground_truth,-0.8017172,-0.718196,1.3036876,-0.651288,-1.4033027,-0.55580646,-0.77993464,-1.5139252
1403,1403.jpg,trainval,train,1,malignant,ground_truth,0.53479844,0.05972799,-1.910694,-0.10063582,0.64814633,-0.56712586,0.3252532,0.5435723
1405,1405.jpg,trainval,train,1,malignant,ground_truth,-0.49991277,-0.7610222,1.4214665,-0.06370751,-0.6897552,-0.62108386,-0.43542475,-0.87539154
1406,1406.jpg,trainval,train,1,malignant,ground_truth,-0.107413664,0.22729653,0.84789973,0.4075636,1.1387103,-0.53887695,-0.013239372,1.0165602
1407,1407.jpg,trainval,train,1,malignant,ground_truth,-0.15700997,-0.1597439,-0.3183442,0.04792022,0.938025,-0.5369281,-0.13828312,0.8983132
1409,1409.jpg,trainval,train,1,malignant,ground_truth,-0.0055905334,-1.1606686,-0.24172491,-0.22005181,-1.0688273,-0.394907,0.016344503,-1.32473
1410,1410.jpg,trainval,train,1,malignant,ground_truth,-0.2737571,-0.6859138,-0.16971764,0.5840889,0.8488316,-0.519455,-0.29177055,0.70911807
1411,1411.jpg,trainval,train,1,malignant,ground_truth,-0.6867724,-0.17683291,-0.007189652,-0.13778926,-0.4221749,-0.48439616,-0.7354205,-0.00036383688
1412,1412.jpg,trainval,train,1,malignant,ground_truth,0.7887099,-0.6570317,1.1752876,-0.6840461,-1.0242306,0.9318071,0.88741094,-1.1118854
1413,1413.jpg,trainval,train,1,malignant,ground_truth,-1.1263918,0.87941766,1.3728118,-0.1375392,1.0718151,-0.3717937,-1.1492016,1.0165602
1416,1416.jpg,trainval,train,1,malignant,ground_truth,-0.6649743,-0.6036901,1.6968986,-0.73120445,-1.4701978,-0.3484613,-0.63297504,-1.679471
1418,1418.jpg,trainval,train,1,malignant,ground_truth,-0.61209476,-0.7049556,1.3962828,-0.66762716,-0.75665027,0.22519015,-0.53565097,-0.82809275
1419,1419.jpg,trainval,train,1,malignant,ground_truth,-0.1504365,-0.5870238,0.77948755,-0.67748195,-1.2918109,0.36673826,-0.003803951,-0.87539154
1420,1420.jpg,trainval,train,1,malignant,ground_truth,-0.39581946,0.0041472274,0.80540544,-0.6648399,-1.0019323,0.392789,-0.31118163,-0.61524814
1421,1421.jpg,trainval,train,1,malignant,ground_truth,-0.9497188,-0.1795727,1.6599163,-0.55009997,0.33596933,-0.3728204,-0.922651,0.16518193
1422,1422.jpg,trainval,train,1,malignant,ground_truth,-0.85197407,-0.23451087,0.9423615,-0.6153516,-1.6485846,-0.41149032,-0.87171286,-0.2368578
1424,1424.jpg,trainval,train,1,malignant,ground_truth,-0.75371146,0.03649339,1.3673556,0.08576939,0.22447753,-0.49389347,-0.7428301,0.04693496
1425,1425.jpg,trainval,train,1,malignant,ground_truth,-0.48058602,-0.6860458,0.71076864,-0.33460957,0.4028644,-0.57163304,-0.3542636,0.28342894
1427,1427.jpg,trainval,train,1,malignant,ground_truth,-0.8380142,-0.05871412,1.6000745,-0.5431893,-0.84584373,-0.30708203,-0.79018825,-0.59159875
1428,1428.jpg,trainval,train,1,malignant,ground_truth,0.53962076,-0.5889426,-1.1917034,-0.60726607,-0.71205354,-0.07053366,0.6596157,-0.89904094
1430,1430.jpg,trainval,train,1,malignant,ground_truth,-0.85266036,-0.44413635,-0.27948713,-0.60342395,-1.1357224,-0.2813189,-0.85913557,-0.9699891
1432,1432.jpg,trainval,train,1,malignant,ground_truth,-0.8334976,-0.6877817,1.6164109,-0.72403115,-2.1614468,-0.06962319,-0.818966,-1.915965
1433,1433.jpg,trainval,train,1,malignant,ground_truth,-0.9621242,0.009575866,1.148292,-0.43472987,-1.4478995,-0.41505936,-1.0041208,-1.3010807
1435,1435.jpg,trainval,train,1,malignant,ground_truth,-0.23299302,-1.4191097,0.4998195,-0.5758269,-0.801247,-0.574067,-0.1513678,-1.0409373
1436,1436.jpg,trainval,train,1,malignant,ground_truth,0.23641774,-1.0515747,0.019773897,-0.26865605,0.91572666,-0.5400013,0.29239365,0.78006625
1437,1437.jpg,trainval,train,1,malignant,ground_truth,-0.7814454,-0.6330871,0.83115333,0.8263552,0.8488316,-0.6162284,-0.7291587,0.70911807
1439,1439.jpg,trainval,train,1,malignant,ground_truth,-0.56016874,-1.1708169,-0.74838847,-0.05476496,-0.55596507,-0.5470532,-0.46215877,-0.7807939
1443,1443.jpg,trainval,train,1,malignant,ground_truth,-0.8653328,1.1437442,1.6235707,-0.30236936,0.06838901,-0.48922136,-0.87708,0.35437712
1444,1444.jpg,trainval,train,1,malignant,ground_truth,-0.94951797,0.11339639,0.86972976,-0.14674166,-0.51136833,-0.37087673,-0.97359234,-0.307806
1446,1446.jpg,trainval,train,1,malignant,ground_truth,-1.0214291,-0.34138125,0.5131435,-0.07438705,-0.5336667,-0.4897548,-1.0299171,-0.63889754
1449,1449.jpg,trainval,train,1,malignant,ground_truth,-0.90361327,-0.3458675,0.011243335,-0.22377089,-0.4221749,-0.5159608,-0.9361261,-0.56794935
1454,1454.jpg,trainval,train,1,malignant,ground_truth,-0.6221526,-0.73233616,0.3817599,-0.4558915,-0.4221749,-0.4670071,-0.538286,-0.61524814
1456,1456.jpg,trainval,train,1,malignant,ground_truth,0.7407572,-0.3083426,-0.38658231,-0.5825629,1.1387103,0.07582972,0.73389995,1.0165602
1457,1457.jpg,trainval,train,1,malignant,ground_truth,-1.1302919,-1.1946319,0.7586104,-0.6256832,-2.2060437,-0.5373161,-1.1328025,-2.5072
1459,1459.jpg,trainval,train,1,malignant,ground_truth,-1.0719064,-0.6613731,-0.16812974,-0.33416694,0.15758245,-0.6204433,-1.0932479,0.6618193
1461,1461.jpg,trainval,train,1,malignant,ground_truth,0.110622495,-0.18537368,-0.6792382,-0.13935581,0.58125126,-0.5059407,0.12575772,0.5199229
1462,1462.jpg,trainval,train,1,malignant,ground_truth,0.3838372,-0.6837644,-1.7416117,-0.31617805,-0.37757817,-0.5728944,0.08705046,-0.59159875
1463,1463.jpg,trainval,train,1,malignant,ground_truth,-0.7719713,-0.011751507,0.1972551,-0.5284977,-0.1991913,-0.35422596,-0.7908612,0.02328556
1464,1464.jpg,trainval,train,1,malignant,ground_truth,-0.9920246,-0.6228791,-0.53623956,-0.6530099,-1.7377781,-0.5312776,-1.061978,-1.797718
1466,1466.jpg,trainval,train,1,malignant,ground_truth,-1.1380261,-0.13230282,0.26550034,-0.5192779,-0.73435193,-0.621014,-1.1871918,-0.2605072
1467,1467.jpg,trainval,train,1,malignant,ground_truth,-1.0454214,-0.26759404,0.42517233,-0.62493783,-1.4701978,-0.4419809,-1.0381689,-1.4902759
1468,1468.jpg,trainval,train,1,malignant,ground_truth,-1.0555819,0.48553425,1.7452075,-0.5626255,-0.93503714,-0.4365098,-1.0730809,-0.61524814
1469,1469.jpg,trainval,train,1,malignant,ground_truth,-0.978829,-0.15616246,0.9623823,-0.29168144,-1.5593913,-0.21915339,-0.9645404,-1.4193276
1470,1470.jpg,trainval,train,1,malignant,ground_truth,-0.5105903,-0.5033879,-0.86811244,-0.14017135,-0.37757817,-0.45479533,-0.5156068,0.16518193
1472,1472.jpg,trainval,train,1,malignant,ground_truth,1.0084449,0.6770035,0.8781537,-0.97551626,-0.6897552,1.6700244,1.4015167,-0.92269033
1474,1474.jpg,trainval,train,1,malignant,ground_truth,0.25966835,-0.778882,-1.657974,0.4576492,-0.86814207,0.25618383,0.28292277,-1.0409373
1476,1476.jpg,trainval,train,1,malignant,ground_truth,-1.0435838,0.24233629,0.96167576,1.5800668,0.46975946,-0.18550378,-1.0677675,0.5435723
1477,1477.jpg,trainval,train,1,malignant,ground_truth,-0.9523646,-0.7793152,0.6477043,-0.6636931,-1.358706,-0.5835015,-0.9405115,-0.92269033
1479,1479.jpg,trainval,train,1,malignant,ground_truth,-0.9427731,-0.5109445,0.4759726,-0.48498225,-0.97963387,-0.6298033,-0.94377744,-1.1355349
1480,1480.jpg,trainval,train,1,malignant,ground_truth,-0.4215012,-0.05132001,-0.45185068,0.271316,1.1387103,-0.6766607,-0.3084737,1.0165602
1484,1484.jpg,trainval,train,1,malignant,ground_truth,-0.09508684,-0.2852244,-0.19511022,-0.5860488,0.4028644,-0.3604315,-0.036434505,0.28342894
1485,1485.jpg,trainval,train,1,malignant,ground_truth,0.0902923,-0.8466842,-1.0372714,-0.5950201,-1.0911257,-0.45233077,0.041193143,-1.2774312
1486,1486.jpg,trainval,train,1,malignant,ground_truth,0.04260001,-1.2549136,-0.4989107,-0.4969071,-0.5336667,-0.6006366,0.09945915,-0.63889754
1487,1487.jpg,trainval,train,1,malignant,ground_truth,0.32816654,-0.7747903,1.4578315,-0.39357606,-0.6897552,0.41165945,0.43626958,-0.92269033
1489,1489.jpg,trainval,train,1,malignant,ground_truth,-1.2796265,0.50222105,0.7522103,2.572,0.3582677,-0.7006487,-1.3186178,0.87466383
1493,1493.jpg,trainval,train,1,malignant,ground_truth,-0.42141306,0.6716305,0.97489303,5.6478763,1.1387103,-0.3405044,-0.4053824,1.0165602
1494,1494.jpg,trainval,train,1,malignant,ground_truth,-0.43936408,-0.44130376,-0.6008094,0.53018296,0.91572666,-0.27096206,-0.4930708,0.78006625
1495,1495.jpg,trainval,train,1,malignant,ground_truth,-0.96765924,0.0113723,0.77565986,-0.6348041,-1.7377781,-0.44322866,-0.9156909,-1.561224
1496,1496.jpg,trainval,train,1,malignant,ground_truth,-1.0687976,-0.84304166,0.48453453,-0.52990514,-1.3364077,-0.61850697,-1.0747514,-1.4902759
1497,1497.jpg,trainval,train,1,malignant,ground_truth,-1.0661969,-0.9939758,0.37098765,-0.7189093,-2.785801,-0.34900248,-1.1144563,-2.6254468
1498,1498.jpg,trainval,train,1,malignant,ground_truth,-1.080183,-0.60703224,0.65996623,-0.57938385,-1.1357224,-0.5804,-1.1213256,-0.426053
1500,1500.jpg,trainval,train,1,malignant,ground_truth,-1.1629356,-0.65049016,1.4532999,-0.55027854,-1.8046732,-0.5904308,-1.1901919,-1.4666264
1501,1501.jpg,trainval,train,1,malignant,ground_truth,-1.166908,-0.998157,1.788778,-0.4514102,-1.8269715,-0.65796614,-1.1867766,-2.0578613
1502,1502.jpg,trainval,train,1,malignant,ground_truth,-0.84801304,-0.7741172,-0.10788223,-0.488043,-1.1580207,-0.56447285,-0.8455556,-1.3010807
1503,1503.jpg,trainval,train,1,malignant,ground_truth,-0.5141359,-0.7604833,-0.4867354,-0.3801985,-1.1580207,-0.4767722,-0.5147906,-1.3720288
1504,1504.jpg,trainval,train,1,malignant,ground_truth,-0.6359538,-0.6817905,1.8602576,-0.5770066,-1.4924961,-0.40512937,-0.57973903,-1.7740686
1506,1506.jpg,trainval,train,1,malignant,ground_truth,-1.2150944,-1.260478,0.8428967,-0.45910725,-2.0722535,-0.67815673,-1.2471154,-2.388953
1507,1507.jpg,trainval,train,1,malignant,ground_truth,-0.7977892,-0.45329303,0.5176621,-0.71601653,-2.362132,-0.12600794,-0.74845916,-2.1288095
1509,1509.jpg,trainval,train,1,malignant,ground_truth,-0.9343366,-1.231864,2.0145283,-0.7109526,-2.3175354,-0.4465054,-0.91254884,-2.0342119
1510,1510.jpg,trainval,train,1,malignant,ground_truth,-0.543553,-0.4275979,-0.23327222,-0.44544953,-0.37757817,-0.34930667,-0.58799076,-0.47335178
1513,1513.jpg,trainval,train,1,malignant,ground_truth,-1.0058146,0.9027258,1.5133905,-0.67246974,-0.89044046,-0.49972215,-1.0353434,-0.63889754
1515,1515.jpg,trainval,train,1,malignant,ground_truth,-1.2304333,-0.57220864,1.4396303,-0.39467022,-0.64515847,-0.54606485,-1.2623686,0.02328556
1516,1516.jpg,trainval,train,1,malignant,ground_truth,-1.1962842,-0.4510502,1.6663957,-0.7279026,-2.362132,-0.3122607,-1.19897,-2.2470565
1517,1517.jpg,trainval,train,1,malignant,ground_truth,-1.0550945,-1.0229331,1.3204166,-0.5415392,-1.7600764,-0.40427256,-1.0356567,-1.32473
1519,1519.jpg,trainval,train,1,malignant,ground_truth,-0.6477539,-0.20308107,-0.11434171,-0.55440456,-1.2249159,-0.44655162,-0.6201205,-1.2537819
1521,1521.jpg,trainval,train,1,malignant,ground_truth,-1.0562375,-0.5992977,1.5634487,-0.15188494,0.8934283,-0.57937014,-1.0931787,0.75641686
1523,1523.jpg,trainval,train,1,malignant,ground_truth,0.21510471,-0.79842514,0.5877757,-0.44463927,0.60354966,-0.30418283,0.24601385,0.5672217
1524,1524.jpg,trainval,train,1,malignant,ground_truth,-1.0930753,0.09674126,0.9482217,-0.16939904,0.49205783,-0.47503367,-1.1147438,0.8983132
1525,1525.jpg,trainval,train,1,malignant,ground_truth,1.034025,-0.50045455,-1.2358466,-0.2946767,0.023792295,-0.14343178,0.891581,0.02328556
1526,1526.jpg,trainval,train,1,malignant,ground_truth,-0.4135412,0.54050267,-0.9015538,-0.47351965,-0.24378802,-0.16013573,-0.45232156,0.02328556
1527,1527.jpg,trainval,train,1,malignant,ground_truth,1.0616874,0.35243782,-0.53909844,-0.68601114,-0.48906997,1.523261,1.0280355,-0.54429996
1530,1530.jpg,trainval,train,1,malignant,ground_truth,-0.10780176,0.24178004,0.34902638,-0.53588563,0.2913726,-0.47460687,-0.038566217,0.8983132
1532,1532.jpg,trainval,train,1,malignant,ground_truth,-0.8151862,0.9892603,0.39856985,-0.23678584,-0.13229622,-0.42526367,-0.82431835,0.5672217
1533,1533.jpg,trainval,train,1,malignant,ground_truth,-1.0150226,-0.5341832,1.3439193,-0.6325259,-1.8715682,-0.4016582,-1.0235533,-1.6558216
1534,1534.jpg,trainval,train,1,malignant,ground_truth,0.5570428,-1.1079959,-0.653303,-0.53809994,-1.4701978,-0.3920259,0.64223295,-1.6085228
1535,1535.jpg,trainval,train,1,malignant,ground_truth,-0.97116655,-0.78860086,0.19026431,-0.7385546,-1.9384633,-0.31456885,-0.9816129,-2.0578613
1536,1536.jpg,trainval,train,1,malignant,ground_truth,-1.0639874,0.21046802,0.5783299,-0.6568353,-1.3810043,-0.28890306,-1.0887725,-1.0882361
1537,1537.jpg,trainval,train,1,malignant,ground_truth,-0.46095926,1.6901578,0.18849953,0.67395407,0.60354966,-0.39367676,-0.48429728,0.87466383
1538,1538.jpg,trainval,train,1,malignant,ground_truth,-0.17377377,3.232062,-0.008507001,0.50802433,0.80423486,-0.20273183,0.043452725,1.0165602
1539,1539.jpg,trainval,train,1,malignant,ground_truth,-1.345451,0.15183224,0.08118399,0.18232718,-1.0242306,-0.6805082,-1.3681006,-0.024013234
1540,1540.jpg,trainval,train,1,malignant,ground_truth,-0.9855782,1.4028939,0.5597178,-0.028749768,-0.48906997,-0.49690422,-1.0103524,1.0165602
1541,1541.jpg,trainval,train,1,malignant,ground_truth,-0.22179414,0.41721025,-0.6138853,-0.3540166,-0.60056174,-0.27717367,-0.20171206,-0.2605072
1543,1543.jpg,trainval,train,1,malignant,ground_truth,-0.88290375,-0.31115723,0.8041171,-0.25874546,-0.4667716,-0.4402107,-0.885907,-0.47335178
1545,1545.jpg,trainval,train,1,malignant,ground_truth,-0.9713052,-0.6120128,0.05072315,-0.6444274,-1.5147945,-0.5499484,-1.0156728,-1.0645866
1547,1547.jpg,trainval,train,1,malignant,ground_truth,0.26235494,2.142047,0.6487455,1.1947742,1.0049201,-0.22753744,0.28436133,1.0165602
1548,1548.jpg,trainval,train,1,malignant,ground_truth,-0.8649125,3.791694,1.6741016,-0.38308403,0.938025,-0.2979292,-0.78562605,1.0165602
1549,1549.jpg,trainval,train,1,malignant,ground_truth,-0.9670326,-1.5330119,0.6285268,-0.69643956,-2.6966076,-0.4971868,-0.95738363,-2.9565384
1550,1550.jpg,trainval,train,1,malignant,ground_truth,-0.59598154,-0.2714579,0.49742174,0.08026687,0.80423486,-0.5902831,-0.597626,0.6618193
1552,1552.jpg,trainval,train,1,malignant,ground_truth,-0.53847766,1.1614152,0.764201,-0.3990427,0.046090655,0.3434345,-0.40827006,0.37802652
1553,1553.jpg,trainval,train,1,malignant,ground_truth,-1.0351769,-1.0727466,1.2066393,-0.69057226,-2.1837454,-0.4072854,-1.055726,-1.7267698
1555,1555.jpg,trainval,train,1,malignant,ground_truth,-0.69997394,-0.13877805,0.45471284,-0.5283233,0.24677588,-0.24375859,-0.6550643,0.80371565
1556,1556.jpg,trainval,train,1,malignant,ground_truth,-0.8836741,0.46698147,1.8295785,-0.5277135,0.80423486,-0.3180136,-0.80147356,0.6618193
1557,1557.jpg,trainval,train,1,malignant,ground_truth,-0.9773249,-0.41767222,1.7554504,-0.5918496,-1.2918109,-0.43741143,-0.96482146,-0.89904094
1558,1558.jpg,trainval,train,1,malignant,ground_truth,-0.6937945,0.3107213,0.7830251,-0.14844598,-0.24378802,0.09895967,-0.6923638,-0.44970238
1559,1559.jpg,trainval,train,1,malignant,ground_truth,-0.66788137,-0.7321656,1.4228352,-0.5517542,-0.75665027,-0.52283853,-0.62289643,-0.9463397
1560,1560.jpg,trainval,train,1,malignant,ground_truth,-0.6505534,-1.5766468,1.1189255,-0.66559243,-2.7412043,0.037804004,-0.6653536,-2.980188
1562,1562.jpg,trainval,train,1,malignant,ground_truth,-1.1312052,-0.7467082,1.0802056,-0.63870335,-1.3810043,-0.50671023,-1.1596789,-1.3010807
1563,1563.jpg,trainval,train,1,malignant,ground_truth,-0.89739615,0.7712418,1.1294872,-0.5541697,0.20217916,-0.41138688,-0.8432587,0.4489747
1566,1566.jpg,trainval,train,1,malignant,ground_truth,1.4220583,-1.1955254,-1.7215889,-0.43938014,-1.4478995,-0.08634713,1.6268405,-1.7267698
1568,1568.jpg,trainval,train,1,malignant,ground_truth,0.35228902,-1.43205,-0.85936165,-0.6760026,-1.7377781,-0.35579225,0.38944367,-2.0342119
1569,1569.jpg,trainval,train,1,malignant,ground_truth,-0.44647887,-1.0247856,0.9561319,-0.6686204,-1.2918109,-0.3015243,-0.40653044,-1.561224
1570,1570.jpg,trainval,train,1,malignant,ground_truth,-0.57597584,1.0368593,0.46731147,0.9104866,1.1387103,-0.39712194,-0.59371024,1.0165602
1572,1572.jpg,trainval,train,1,malignant,ground_truth,-0.4133611,-0.93350357,0.82298267,0.01267111,0.87112993,-0.6524286,-0.34817022,0.73276746
1573,1573.jpg,trainval,train,1,malignant,ground_truth,-0.7203168,-0.5682819,1.5888671,0.51292956,0.9603234,-0.6433196,-0.6925652,0.82736504
1576,1576.jpg,trainval,train,1,malignant,ground_truth,-1.0006598,-0.060718175,1.1300522,-0.4605854,-1.0688273,-0.47917068,-1.0190207,-0.9936385
1577,1577.jpg,trainval,train,1,malignant,ground_truth,-0.9026726,0.04139604,0.5893001,-0.3388359,-0.71205354,-0.31362492,-0.9121309,-0.56794935
1578,1578.jpg,trainval,train,1,malignant,ground_truth,-0.459937,-0.37056535,-1.0045935,-0.34759086,-0.75665027,-0.42304182,-0.5519771,-0.6861963
1579,1579.jpg,trainval,train,1,malignant,ground_truth,-0.94521296,-0.11791177,0.6206401,-0.39163214,-0.93503714,-0.47687855,-0.97154516,-0.7807939
1580,1580.jpg,trainval,train,1,malignant,ground_truth,0.343679,-0.7039909,-0.16755304,-0.38607702,0.17988081,-0.49784502,0.4237679,-0.00036383688
1581,1581.jpg,trainval,train,1,malignant,ground_truth,0.40263045,-0.76982135,0.35466725,-0.26955003,0.24677588,-0.39595526,0.553634,0.07058436
1582,1582.jpg,trainval,train,1,malignant,ground_truth,0.4429534,-0.5379359,-1.56531,0.35921708,1.1387103,-0.5806178,0.32037678,1.0165602
1583,1583.jpg,trainval,train,1,malignant,ground_truth,-0.46513635,0.49845627,0.68467593,-0.82234645,-0.4221749,-0.34010553,-0.47983614,-0.61524814
1584,1584.jpg,trainval,train,1,malignant,ground_truth,0.2519849,-0.334178,-2.020538,-0.22883625,1.1164119,-0.5564667,0.01381605,1.0165602
1585,1585.jpg,trainval,train,1,malignant,ground_truth,0.8327291,-0.24541327,-0.020903612,-0.5127358,0.1352841,0.49346322,0.99864846,0.04693496
1586,1586.jpg,trainval,train,1,malignant,ground_truth,-0.45212218,-1.1360873,-0.679957,-0.46452436,-0.3552798,-0.4557619,-0.48429728,-0.49700117
1587,1587.jpg,trainval,train,1,malignant,ground_truth,-0.48103762,-0.43160012,-0.22462352,-0.31665587,1.1164119,-0.5747011,-0.3898479,1.0165602
1588,1588.jpg,trainval,train,1,malignant,ground_truth,-0.38934806,2.2329094,0.92033356,-0.50170153,0.5143562,0.19620456,-0.33436498,0.6145205
1589,1589.jpg,trainval,train,1,malignant,ground_truth,-0.42011973,1.5226116,1.3331996,-1.0194,0.0014939348,-0.15533985,-0.32282463,0.18883134
1590,1590.jpg,trainval,train,1,malignant,ground_truth,-0.21925211,-1.6276081,-0.7063257,-0.71804357,-3.0756795,1.889602,-0.26826638,-3.4531758
1591,1591.jpg,trainval,train,1,malignant,ground_truth,-1.1974807,-1.5455372,-0.7693068,-0.53337055,-2.3398337,-0.49626178,-1.2474968,-2.6727457
1592,1592.jpg,trainval,train,1,malignant,ground_truth,-0.20816116,-0.5842299,0.9799361,-0.52161324,-0.065401144,-0.26385024,-0.18889101,-0.2132084
1593,1593.jpg,trainval,train,1,malignant,ground_truth,-0.13358872,-0.18053266,-0.37564343,-0.10728006,0.91572666,-0.509795,-0.09503892,0.8983132
1594,1594.jpg,trainval,train,1,malignant,ground_truth,-0.36662915,-0.16183674,1.3922951,-0.25975683,0.9826217,-0.5118943,-0.21542774,0.85101444
1595,1595.jpg,trainval,train,1,malignant,ground_truth,0.011157135,-0.115125276,-0.119101256,-0.5195343,-0.15459459,-0.31875578,0.12662765,-0.071312025
1598,1598.jpg,trainval,train,1,malignant,ground_truth,-1.0621551,-1.5688459,-0.08672671,-0.66158533,-2.406729,-0.63655037,-1.0904208,-2.6254468
1599,1599.jpg,trainval,train,1,malignant,ground_truth,-0.34473485,0.008391961,0.01571009,-0.034213543,1.1164119,-0.56238586,-0.16995853,1.0165602
1600,1600.jpg,trainval,train,1,malignant,ground_truth,-0.9461329,-0.7648573,1.1031929,-0.7272388,-2.1391485,-0.51921266,-0.96775144,-2.0578613
1603,1603.jpg,trainval,train,1,malignant,ground_truth,0.07077928,0.5712712,-0.46277997,-0.33930945,0.60354966,-0.090582184,0.29509684,0.4962735
1604,1604.jpg,trainval,train,1,malignant,ground_truth,-0.61909854,-0.6466849,0.20721935,-0.4109465,-0.39987653,-0.31754482,-0.6041355,-0.3787542
1605,1605.jpg,trainval,train,1,malignant,ground_truth,-0.8689253,-0.10983796,0.43616146,-0.54420465,-0.5336667,-0.4755713,-0.87807804,0.09423375
1606,1606.jpg,trainval,train,1,malignant,ground_truth,-0.5416726,-1.0382068,0.18980442,0.051225245,-0.26608637,-0.30898035,-0.52421236,-0.47335178
1608,1608.jpg,trainval,train,1,malignant,ground_truth,-0.13257256,0.36510524,0.7394026,2.0526497,0.91572666,-0.2727338,-0.12746495,0.78006625
1609,1609.jpg,trainval,train,1,malignant,ground_truth,0.1363411,2.080889,-0.4243725,1.7558471,0.9826217,-0.26142675,0.13547674,1.0165602
1610,1610.jpg,trainval,train,1,malignant,ground_truth,0.19897027,2.222423,-0.52106935,1.8257039,0.87112993,-0.3924598,0.25528267,1.0165602
1611,1611.jpg,trainval,train,1,malignant,ground_truth,-0.5823032,3.586375,1.5491916,1.0865731,0.7373398,-0.33429447,-0.57384264,1.0165602
1612,1612.jpg,trainval,train,1,malignant,ground_truth,-0.58792627,1.4658827,0.13995133,-0.48428723,1.0049201,-0.21470754,-0.5855593,1.0165602
1613,1613.jpg,trainval,train,1,malignant,ground_truth,-0.37358668,2.7870786,1.0929533,-0.70903224,0.44746113,0.41525912,-0.2597142,0.70911807
1614,1614.jpg,trainval,train,1,malignant,ground_truth,-0.8926657,1.2210639,1.3301959,1.4685711,0.80423486,0.12533726,-0.9060971,1.0165602
1615,1615.jpg,trainval,train,1,malignant,ground_truth,-0.6942258,-0.97550726,0.3367535,-0.6548575,-1.9607617,-0.44649008,-0.68390214,-2.270706
1616,1616.jpg,trainval,train,1,malignant,ground_truth,-0.5380854,-0.5962023,-0.7022191,-0.48933402,-1.2249159,-0.36125842,-0.53471637,-1.2537819
1618,1618.jpg,trainval,train,1,malignant,ground_truth,-0.7229174,-0.9757606,-0.101182565,-0.30891106,-0.51136833,-0.64730155,-0.7339037,-0.7334951
1619,1619.jpg,trainval,train,1,malignant,ground_truth,0.32135534,-0.4117492,-1.2406858,-0.10700207,0.75963813,-0.6105201,0.4761706,0.6381699
1621,1621.jpg,trainval,train,1,malignant,ground_truth,-0.4489589,-0.1716234,-1.4794266,-0.30677554,-1.1357224,-0.49500474,-0.50531137,-1.1355349
1622,1622.jpg,trainval,train,1,malignant,ground_truth,-0.19357024,1.1002533,-0.35723722,-0.3983026,0.60354966,-0.4961916,-0.18177263,0.6381699
1624,1624.jpg,trainval,train,0,benign,ground_truth,0.7097273,-1.065834,-1.5986485,-0.4879461,-0.86814207,-0.5163222,0.34322524,-1.0172879
1626,1626.jpg,trainval,train,0,benign,ground_truth,0.46291247,-0.22368148,0.1630359,0.5496763,0.9826217,0.49130207,0.53293276,1.0165602
1630,1630.jpg,trainval,train,0,benign,ground_truth,-0.12447012,-0.39282468,-0.99157,-0.8151689,-1.5370928,0.79839945,-0.16920209,-1.1355349
1631,1631.jpg,trainval,train,0,benign,ground_truth,-0.034913607,0.93816847,0.9829238,-0.46063545,0.38056603,1.1532876,-0.0004288164,0.33072773
1632,1632.jpg,trainval,train,0,benign,ground_truth,1.8592255,1.183856,-1.2568468,-0.57435495,0.26907423,0.039123006,1.7582301,0.5672217
1634,1634.jpg,trainval,train,0,benign,ground_truth,0.9844001,-0.76190054,-2.243799,-0.06351422,-0.95733553,-0.3064058,0.7971446,-1.2064831
1635,1635.jpg,trainval,train,0,benign,ground_truth,0.60323244,-0.52042055,-1.4846222,-0.66721857,-0.95733553,-0.36387122,0.4001009,-1.2064831
1636,1636.jpg,trainval,train,0,benign,ground_truth,-0.756417,0.7601122,0.12103737,-0.097123995,0.625848,-0.48291314,-0.796806,0.6618193
1638,1638.jpg,trainval,train,0,benign,ground_truth,1.4759251,0.18438637,-0.27743632,-0.61674714,0.938025,-0.090450555,1.4013013,0.80371565
1639,1639.jpg,trainval,train,0,benign,ground_truth,-0.17625715,0.6259031,0.39740136,0.6648154,1.1387103,-0.5841078,-0.16464548,1.0165602
1640,1640.jpg,trainval,train,0,benign,ground_truth,-1.2212452,-0.61932397,0.74954385,-0.5514826,-1.358706,-0.49912542,-1.2655511,-1.6321722
1642,1642.jpg,trainval,train,0,benign,ground_truth,-0.87289965,-1.2894671,-0.07423244,-0.49582756,-1.4033027,-0.5680567,-0.895194,-1.679471
1643,1643.jpg,trainval,train,0,benign,ground_truth,-0.2026752,0.36615852,-0.14253245,0.11183525,0.625848,-0.43937486,-0.25055185,0.4726241
1644,1644.jpg,trainval,train,0,benign,ground_truth,0.8975896,-0.85869414,0.81108683,-0.09059695,0.938025,1.8174574,0.92206997,0.80371565
1645,1645.jpg,trainval,train,0,benign,ground_truth,0.94873595,1.3948811,0.045185056,-1.0114383,0.9603234,2.6406007,0.977919,1.0165602
1647,1647.jpg,trainval,train,0,benign,ground_truth,0.99177927,-0.92770535,0.29846632,-0.3394386,0.31367096,-0.4856322,1.005469,0.14153254
1648,1648.jpg,trainval,train,0,benign,ground_truth,0.004715683,-0.23278336,1.2724876,1.4288169,1.1387103,0.037130114,0.025728896,1.0165602
1649,1649.jpg,trainval,train,0,benign,ground_truth,1.1475296,-1.349476,-1.0654236,-0.5827442,-1.7377781,3.4934144,1.1658055,-2.0342119
1650,1650.jpg,trainval,train,0,benign,ground_truth,-1.0632583,-0.22815485,1.4425483,2.841135,1.0941136,-0.7022584,-1.0812112,0.9929108
1651,1651.jpg,trainval,train,0,benign,ground_truth,1.318278,-0.72652715,-1.4555349,0.19004567,0.69274306,2.6511934,1.4088299,0.5435723
1652,1652.jpg,trainval,train,0,benign,ground_truth,0.78948176,-0.7766214,-0.22850052,-0.4379124,-1.2472142,-0.10488562,0.7647129,-1.5139252
1653,1653.jpg,trainval,train,0,benign,ground_truth,0.45248413,0.60691077,-0.61362916,0.64675456,0.8488316,0.05297834,0.47118524,0.70911807
1654,1654.jpg,trainval,train,0,benign,ground_truth,-0.43968463,-1.3529521,0.79627174,-0.70929915,-2.0276568,-0.10945169,-0.44307587,-2.3180046
1656,1656.jpg,trainval,train,0,benign,ground_truth,0.6088128,-0.25825924,-2.755003,0.28767344,0.8265332,-0.5755787,-0.097823076,0.85101444
1657,1657.jpg,trainval,train,0,benign,ground_truth,1.1806183,-0.89275134,-1.1929036,-0.6693479,0.8265332,-0.16412799,1.0922564,0.6854687
1660,1660.jpg,trainval,train,0,benign,ground_truth,-0.8610613,-0.27474672,0.63166153,-0.79825044,-2.362132,0.30599543,-0.8965739,-1.1118854
1662,1662.jpg,trainval,train,0,benign,ground_truth,2.019009,-0.104010925,-1.588797,0.6902095,1.0049201,-0.45846033,1.5703746,0.87466383
1663,1663.jpg,trainval,train,0,benign,ground_truth,-0.54189163,0.36575696,0.56556386,-0.2580108,-0.24378802,-0.4879547,-0.55567336,-0.3551048
1664,1664.jpg,trainval,train,0,benign,ground_truth,0.40215576,0.010637421,0.7016223,1.3247119,0.938025,-0.24583694,0.51360583,0.80371565
1665,1665.jpg,trainval,train,0,benign,ground_truth,1.8487922,-1.3136046,-2.688501,-0.34964654,-0.77894866,-0.5831915,1.0106456,-1.0172879
1667,1667.jpg,trainval,train,0,benign,ground_truth,-0.43857637,-0.26898146,0.73270595,1.0821038,1.0049201,-0.31554267,-0.44106275,0.9929108
1668,1668.jpg,trainval,train,0,benign,ground_truth,1.3117509,0.25343454,-0.81656104,-0.8423218,0.8265332,-0.34052673,1.2425529,0.6854687
1671,1671.jpg,trainval,train,0,benign,ground_truth,-0.5607636,0.68765646,-1.7979333,0.4515014,-0.4221749,-0.0016325746,-0.68434143,-0.2605072
1672,1672.jpg,trainval,train,0,benign,ground_truth,-0.442139,2.052104,0.0951198,0.9536175,1.1387103,-0.52972025,-0.4870153,1.0165602
1673,1673.jpg,trainval,train,0,benign,ground_truth,-1.0648545,0.6749332,0.017498203,0.59855616,0.53665453,-0.65480185,-1.0982472,1.0165602
1675,1675.jpg,trainval,train,0,benign,ground_truth,-0.78642905,1.8317363,-0.580951,0.31379685,1.0495168,-0.49711782,-0.82045186,1.0165602
1676,1676.jpg,trainval,train,0,benign,ground_truth,-0.6248406,1.4779488,1.0449226,-0.47787607,0.60354966,-0.38432154,-0.64764726,0.9219626
1677,1677.jpg,trainval,train,0,benign,ground_truth,0.8408474,-0.88120973,0.524891,-0.36780095,1.0495168,5.145285,0.8796921,0.9219626
1679,1679.jpg,trainval,train,0,benign,ground_truth,0.4527907,-0.82070184,-0.64796525,-0.25351018,-0.62286013,0.27630717,0.33996612,-0.6861963
1680,1680.jpg,trainval,train,0,benign,ground_truth,1.1068207,0.34515312,-1.4731156,-0.4423541,0.06838901,-0.21879673,1.0036052,-0.04766263
1681,1681.jpg,trainval,train,0,benign,ground_truth,-0.19853647,-0.6723136,-0.31108662,0.4200279,0.1352841,-0.37399164,-0.2048883,-0.04766263
1683,1683.jpg,trainval,train,0,benign,ground_truth,-0.87139255,0.6033616,1.7648605,0.52182907,0.938025,-0.09989515,-0.862408,1.0165602
1684,1684.jpg,trainval,train,0,benign,ground_truth,0.03407853,-0.9460148,-0.54060715,-0.33109176,-0.73435193,-0.5425827,-0.014372439,-0.9699891
1685,1685.jpg,trainval,train,0,benign,ground_truth,0.1832477,-0.9385671,0.17972104,-0.25782454,0.8934283,-0.44320208,0.25351775,0.75641686
1686,1686.jpg,trainval,train,0,benign,ground_truth,1.1349803,-0.96432394,0.98822945,-0.07459714,-0.0876995,0.035540458,1.287111,-0.2841566
1689,1689.jpg,trainval,train,0,benign,ground_truth,-0.17442346,-0.6633582,-0.31384414,-0.17413601,-0.71205354,-0.39872897,-0.18746457,-0.87539154
1691,1691.jpg,trainval,train,0,benign,ground_truth,1.8219507,-0.8661286,0.82066363,-0.20311058,-0.0876995,3.3929327,1.9528954,-0.2841566
1692,1692.jpg,trainval,train,0,benign,ground_truth,0.6963138,0.2773949,0.13552397,-0.7427276,-1.0465289,0.6160326,0.7279268,-0.2605072
1695,1695.jpg,trainval,train,0,benign,ground_truth,-0.15075384,-0.86197764,-0.028514465,-0.3918793,1.1387103,-0.346023,-0.16038792,1.0165602
1696,1696.jpg,trainval,train,0,benign,ground_truth,0.3563464,-0.06687188,-0.36644503,-0.56959486,-0.801247,-0.1985616,0.3699318,-0.7571445
1697,1697.jpg,trainval,train,0,benign,ground_truth,1.0190727,-1.3167706,-0.6112294,-0.5028738,0.8265332,1.9775802,0.9994655,0.6854687
1698,1698.jpg,trainval,train,0,benign,ground_truth,-0.047859166,-0.480038,0.5495826,-0.79189473,-1.7823749,-0.061749578,-0.044713628,-1.8450168
1700,1700.jpg,trainval,train,0,benign,ground_truth,-0.3617716,-0.7904083,1.3922169,-0.47517863,-0.60056174,-0.47428745,-0.28876075,-0.82809275
1701,1701.jpg,trainval,train,0,benign,ground_truth,-0.6008414,-0.77635515,0.5488522,0.48673138,0.69274306,-0.6141748,-0.6276403,0.5435723
1703,1703.jpg,trainval,train,0,benign,ground_truth,-0.68205935,-1.2525401,1.1036288,-0.67866474,-1.5593913,-0.2834035,-0.70976084,-1.7267698
1704,1704.jpg,trainval,train,0,benign,ground_truth,0.9116798,-0.6966248,-0.036340717,-0.2907948,1.0495168,6.9453807,0.9371724,0.9219626
1705,1705.jpg,trainval,train,0,benign,ground_truth,-0.3295441,0.36236703,-1.2564949,-0.9409831,-1.3810043,0.24383606,-0.36620614,-1.4666264
1706,1706.jpg,trainval,train,0,benign,ground_truth,-0.12843938,0.5745255,0.60076076,-0.70627606,0.49205783,-0.29410225,-0.15260516,0.33072773
1707,1707.jpg,trainval,train,0,benign,ground_truth,1.2839342,-1.2329298,1.0689732,-0.39748272,0.938025,-0.5662705,1.526476,0.80371565
1708,1708.jpg,trainval,train,0,benign,ground_truth,-1.0461568,-1.0188226,-0.27051196,-0.74269813,-2.8080993,-0.37658525,-1.0893902,-1.5848734
1709,1709.jpg,trainval,train,0,benign,ground_truth,2.4247901,-0.66569483,0.73554766,0.20396762,0.0014939348,0.7593428,2.7372432,-0.18955901
1710,1710.jpg,trainval,train,0,benign,ground_truth,1.2679852,0.4800676,-2.3541374,-0.8906275,0.9603234,-0.30619648,0.57521975,0.82736504
1711,1711.jpg,trainval,train,0,benign,ground_truth,1.2461917,0.35831657,1.6138945,-0.5609569,0.64814633,1.8027761,1.3485875,0.70911807
1712,1712.jpg,trainval,train,0,benign,ground_truth,0.44331244,0.004403835,1.1244068,0.30393732,0.11298573,0.08445183,0.48052773,-0.071312025
1714,1714.jpg,trainval,train,0,benign,ground_truth,0.053859044,0.08854502,1.5650665,-0.9828811,-0.3106831,0.58534104,0.07123452,-0.52065057
1715,1715.jpg,trainval,train,0,benign,ground_truth,0.2654209,-0.50608784,-1.9806986,-0.30604428,-1.2249159,-0.49958172,-0.1110914,-1.4429771
1717,1717.jpg,trainval,train,0,benign,ground_truth,3.1535177,-1.406931,-0.76971465,-0.14713965,-0.51136833,1.919449,3.2263434,-0.7098457
1719,1719.jpg,trainval,train,0,benign,ground_truth,0.13257068,0.23725799,0.46196416,-0.6446022,0.9826217,-0.16899249,0.28330252,0.85101444
1720,1720.jpg,trainval,train,0,benign,ground_truth,0.9190748,-0.4784691,-1.5837532,-0.06963931,-0.020804424,-0.4393968,0.9552155,-0.071312025
1722,1722.jpg,trainval,train,0,benign,ground_truth,0.6125791,-0.6310085,0.3124784,0.44449675,0.22447753,0.49618852,0.67287946,0.04693496
1724,1724.jpg,trainval,train,0,benign,ground_truth,-0.41435555,-0.5789705,-0.6983735,0.66349345,1.0718151,-0.59550685,-0.39762193,0.9692614
1726,1726.jpg,trainval,train,0,benign,ground_truth,-1.0676204,1.8128027,0.4731933,1.9816163,0.3582677,-0.41025454,-1.1061147,0.9929108
1727,1727.jpg,trainval,train,0,benign,ground_truth,-1.0970013,1.0711925,0.734166,0.66862845,0.80423486,-0.5871262,-1.1366848,0.85101444
1728,1728.jpg,trainval,train,0,benign,ground_truth,0.4460107,0.5163878,-0.105453946,-0.845547,-0.95733553,-0.01010352,1.1315956,-0.9463397
1730,1730.jpg,trainval,train,0,benign,ground_truth,0.48765385,-1.0120453,0.7781189,-0.43407556,0.75963813,-0.4917502,0.54352796,0.6145205
1733,1733.jpg,trainval,train,0,benign,ground_truth,1.198466,-0.22258693,-0.9283382,0.473297,0.938025,-0.29027027,1.1812475,0.80371565
1734,1734.jpg,trainval,train,0,benign,ground_truth,-1.1065706,0.03309218,0.9121261,-0.14965183,0.9826217,-0.53914326,-1.1482042,0.85101444
1736,1736.jpg,trainval,train,0,benign,ground_truth,0.32050467,-0.628139,-1.688977,0.6426327,0.023792295,-0.60912347,0.28436133,-0.16590962
1737,1737.jpg,trainval,train,0,benign,ground_truth,0.74597627,1.2321943,-1.1954347,-0.50157046,-0.48906997,-0.13327691,0.88460684,-0.2132084
1738,1738.jpg,trainval,train,0,benign,ground_truth,-0.5921577,2.7809024,0.14402694,-1.0522151,0.58125126,-0.35928383,-0.63753736,0.75641686
1740,1740.jpg,trainval,train,0,benign,ground_truth,1.4079334,-0.5088834,0.38987815,1.4270424,1.0941136,-0.040093396,1.5530056,0.9692614
1743,1743.jpg,trainval,train,0,benign,ground_truth,0.36114746,-0.31995535,-0.08394256,1.088513,0.46975946,-0.38698566,0.3103906,0.30707833
1744,1744.jpg,trainval,train,0,benign,ground_truth,-0.1826577,-0.6638125,0.5173313,0.71771276,0.9826217,-0.27298445,-0.19864917,0.85101444
1745,1745.jpg,trainval,train,0,benign,ground_truth,0.42526793,-0.15328741,-0.35479018,-0.29443878,-0.15459459,0.19741192,0.41660088,-0.307806
1746,1746.jpg,trainval,train,0,benign,ground_truth,0.45480928,-0.06582381,0.44386473,-0.74784434,0.4028644,0.10395453,0.5394549,0.23613013
1747,1747.jpg,trainval,train,0,benign,ground_truth,0.45859355,-0.6448,0.8298098,-0.25069308,0.938025,-0.1384153,0.5173709,0.85101444
1748,1748.jpg,trainval,train,0,benign,ground_truth,-0.277505,1.0568044,-0.20877475,-0.7687127,-0.6897552,1.3940063,-0.31297073,-0.44970238
1749,1749.jpg,trainval,train,0,benign,ground_truth,1.0275922,-0.6401406,-1.6288316,0.043822285,-0.13229622,-0.17403959,0.24154626,0.33072773
1751,1751.jpg,trainval,train,0,benign,ground_truth,0.2864203,0.5038196,-1.1978996,-0.75303054,-0.065401144,-0.266024,0.2751721,-0.2605072
1753,1753.jpg,trainval,train,0,benign,ground_truth,1.1692873,-0.6126981,-0.85969037,0.1006913,1.1387103,-0.30456868,1.1383824,1.0165602
1755,1755.jpg,trainval,train,0,benign,ground_truth,-0.5024023,0.35706666,1.083797,0.016642218,1.0941136,-0.48179638,-0.50127274,0.9692614
1756,1756.jpg,trainval,train,0,benign,ground_truth,1.5710164,-1.1246611,1.2640517,-0.3351724,0.4028644,1.4572915,1.8517438,0.23613013
1758,1758.jpg,trainval,train,0,benign,ground_truth,-0.54332787,0.16409476,0.009203413,-0.8392451,-0.95733553,-0.27056408,-0.5741295,-1.2064831
1759,1759.jpg,trainval,train,0,benign,ground_truth,1.1093533,-1.090302,0.09656103,-0.4466479,1.1387103,-0.08123146,1.0837299,1.0165602
1760,1760.jpg,trainval,train,0,benign,ground_truth,1.1972914,-1.1123972,0.25472742,-0.35766143,0.6704447,3.7520728,1.158383,0.5199229
1761,1761.jpg,trainval,train,0,benign,ground_truth,1.2120879,-0.37504897,-0.38014403,-0.43116674,0.31367096,0.73848,1.2590364,0.73276746
1762,1762.jpg,trainval,train,0,benign,ground_truth,1.2085508,2.0501437,1.2774113,-0.92914116,1.0495168,0.98367304,1.4841096,1.0165602
1763,1763.jpg,trainval,train,0,benign,ground_truth,-0.62735766,-0.75780874,-0.4012942,-0.6333955,-1.6262863,-0.3573175,-0.65216047,-0.66254693
1764,1764.jpg,trainval,train,0,benign,ground_truth,-0.0920753,-0.08058639,-0.7138169,0.5164321,1.1387103,-0.39963153,-0.07353008,1.0165602
1765,1765.jpg,trainval,train,0,benign,ground_truth,0.5605997,-0.9190721,0.25278333,-0.21880566,0.69274306,1.1462308,0.5761399,0.5435723
1767,1767.jpg,trainval,train,0,benign,ground_truth,-0.19623585,-0.23187211,-0.8559668,-0.49832484,-0.13229622,0.17107779,-0.14977102,-0.33145538
1768,1768.jpg,trainval,train,0,benign,ground_truth,0.13349847,0.9030655,-0.26957768,-0.76972306,0.3582677,0.5910621,0.14469126,0.4253253
1771,1771.jpg,trainval,train,0,benign,ground_truth,3.1368806,-1.2478228,0.1808241,-0.6241662,-1.6262863,3.8577542,3.1904297,-1.679471
1773,1773.jpg,trainval,train,0,benign,ground_truth,-0.9811758,-0.73463106,1.308491,0.9756591,1.0272185,-0.7143967,-1.0016805,0.8983132
1774,1774.jpg,trainval,train,0,benign,ground_truth,0.5419283,0.9194217,-0.32715106,-0.888899,0.20217916,0.1501347,0.53286195,0.117883146
1776,1776.jpg,trainval,train,0,benign,ground_truth,0.6648865,1.2049565,0.23133723,-0.7652751,0.38056603,1.0000435,0.67862856,0.4253253
1777,1777.jpg,trainval,train,0,benign,ground_truth,-0.92658263,-1.1502776,0.8812143,-0.71190864,-2.8972929,0.41717592,-0.95383275,-2.7436938
1778,1778.jpg,trainval,train,0,benign,ground_truth,2.2388222,-0.31387964,-1.2842022,0.0997529,1.1164119,0.7875159,2.0845218,0.9929108
1779,1779.jpg,trainval,train,0,benign,ground_truth,1.178136,-0.36987346,-0.2373832,-0.28748846,1.0941136,-0.3513564,1.1735919,0.9692614
1780,1780.jpg,trainval,train,0,benign,ground_truth,-0.5833827,0.4851938,0.72190744,-0.035132498,0.625848,-0.17958353,-0.5986531,0.9219626
1782,1782.jpg,trainval,train,0,benign,ground_truth,-1.0573076,0.44848257,0.21962929,2.584725,0.9826217,-0.72566533,-1.0681643,0.85101444
1784,1784.jpg,trainval,train,0,benign,ground_truth,1.8819042,-1.2916602,0.5961349,-0.5021953,-1.6262863,3.9708934,1.9623476,-1.915965
1785,1785.jpg,trainval,train,0,benign,ground_truth,-0.53330296,-0.2388341,1.5591122,-0.55696255,-0.1991913,-0.4641738,-0.46450055,-0.4024036
1788,1788.jpg,trainval,train,0,benign,ground_truth,0.94552904,0.11275153,0.85017604,-0.07452273,1.1164119,-0.52881753,1.0409648,0.9929108
1789,1789.jpg,trainval,train,0,benign,ground_truth,0.42486873,1.2358255,0.4336906,0.6129602,1.1387103,-0.31221047,0.4313002,1.0165602
1790,1790.jpg,trainval,train,0,benign,ground_truth,3.2163138,-0.053097628,-0.16822655,1.225822,0.938025,5.140383,3.3336108,0.80371565
1791,1791.jpg,trainval,train,0,benign,ground_truth,-0.49619523,-0.40018982,-0.11822318,-0.60041237,-0.86814207,-0.09465363,-0.5073698,-0.7098457
1792,1792.jpg,trainval,train,0,benign,ground_truth,-0.46656507,-0.41074303,-1.2251544,1.7545085,1.1387103,-0.662418,-0.54329574,1.0165602
1793,1793.jpg,trainval,train,0,benign,ground_truth,-0.86690015,-0.5748098,1.5023988,-0.6134608,-0.77894866,-0.5038751,-0.8721092,-0.9936385
1794,1794.jpg,trainval,train,0,benign,ground_truth,1.3243515,-0.13057502,-2.014,-0.5048536,0.91572666,0.0006991565,1.0905645,0.78006625
1795,1795.jpg,trainval,train,0,benign,ground_truth,1.4640242,0.13698104,0.546388,-0.6047449,1.0718151,0.08502377,1.6869415,0.945612
1797,1797.jpg,trainval,train,0,benign,ground_truth,0.7358444,-0.058955107,-2.3993983,-0.0129958885,0.91572666,-0.58592725,0.094594814,0.80371565
1798,1798.jpg,trainval,train,0,benign,ground_truth,-0.0933791,0.94269353,0.8276146,-0.6468185,1.0049201,-0.39724708,-0.05792831,1.0165602
1799,1799.jpg,trainval,train,0,benign,ground_truth,-0.5914925,-1.1617824,-0.5525875,-0.43100727,0.31367096,-0.65847695,-0.61362255,0.14153254
1800,1800.jpg,trainval,train,0,benign,ground_truth,1.7432367,-0.022179527,-0.11807257,0.91609544,0.8265332,0.31826848,1.7317543,0.6854687
1801,1801.jpg,trainval,train,0,benign,ground_truth,0.22193079,0.7537223,-1.4695525,-0.19866222,0.53665453,-0.4135072,0.027779063,1.0165602
1803,1803.jpg,trainval,train,0,benign,ground_truth,-0.040223688,1.1161736,0.106870845,-1.5342102,-0.5336667,1.5272498,-0.029341076,-0.61524814
1804,1804.jpg,trainval,train,0,benign,ground_truth,0.26791614,0.63150644,1.3682917,4.0412364,1.0272185,-0.56034017,0.26855847,0.8983132
1805,1805.jpg,trainval,train,0,benign,ground_truth,0.25658956,0.31928137,1.2555398,-0.40269473,0.80423486,0.1480387,0.4163017,1.0165602
1806,1806.jpg,trainval,train,0,benign,ground_truth,0.29854608,2.3603675,-1.1300597,0.062760726,1.1387103,-0.5256753,0.31849352,1.0165602
1808,1808.jpg,trainval,train,0,benign,ground_truth,-0.54750514,-0.25239006,-0.5061286,0.5776504,0.09068737,-0.35741058,-0.5417626,-0.09496143
1809,1809.jpg,trainval,train,0,benign,ground_truth,1.5384153,-0.50862145,-0.27959782,0.44204345,1.0272185,0.12943487,2.2282627,0.8983132
1810,1810.jpg,trainval,train,0,benign,ground_truth,0.94419307,-0.97192043,-1.388921,-0.33583462,-1.1134241,-0.2553222,0.6283501,-1.3720288
1811,1811.jpg,trainval,train,0,benign,ground_truth,0.8494699,-0.28584468,-1.6834809,-0.03098576,0.75963813,0.3040515,0.6951488,0.6854687
1813,1813.jpg,trainval,train,0,benign,ground_truth,1.0216027,-0.28730893,-0.78414446,0.89760464,0.8488316,0.71734715,0.9718377,0.70911807
1814,1814.jpg,trainval,train,0,benign,ground_truth,-0.30547208,0.6551499,-2.278106,0.98681605,-0.10999786,-0.33445093,-0.5774701,-0.16590962
1815,1815.jpg,trainval,train,0,benign,ground_truth,0.37010768,2.1750283,0.5388632,-0.28004116,1.1387103,-0.51238555,0.363034,1.0165602
1816,1816.jpg,trainval,train,0,benign,ground_truth,0.95815295,-0.57164556,-0.51961297,-0.2796586,-1.0019323,0.6249139,0.9063342,-0.024013234
1817,1817.jpg,trainval,train,0,benign,ground_truth,-1.3355254,-1.0719188,1.3927273,-0.57091564,-1.8269715,-0.60237044,-1.376929,-2.0578613
1818,1818.jpg,trainval,train,0,benign,ground_truth,0.67596984,-0.03214133,1.4198246,0.58725256,1.0049201,-0.099968106,0.7496699,0.87466383
1819,1819.jpg,trainval,train,0,benign,ground_truth,1.7366067,-0.75763637,-0.009154447,0.051412825,1.1387103,0.009457618,1.8015136,1.0165602
1820,1820.jpg,trainval,train,0,benign,ground_truth,0.83425796,-0.9782472,0.59980655,0.16192622,0.38056603,1.1644375,0.8800129,0.21248074
1822,1822.jpg,trainval,train,0,benign,ground_truth,0.73998356,-0.98687464,-0.4251591,0.016929276,-0.73435193,1.3383585,0.73179156,-0.9699891
1825,1825.jpg,trainval,train,0,benign,ground_truth,1.2696707,0.570394,-0.39232767,-0.8508508,1.0718151,0.62801397,1.2857025,0.945612
1826,1826.jpg,trainval,train,0,benign,ground_truth,1.6783912,0.70833683,-0.42763346,-0.7708039,-1.1134241,0.44868946,1.3744649,-0.92269033
1827,1827.jpg,trainval,train,0,benign,ground_truth,0.32142654,0.27101824,0.44355232,1.0530381,0.9826217,2.7364821,0.33124897,0.85101444
1828,1828.jpg,trainval,train,0,benign,ground_truth,-0.08144846,0.5978766,0.6307808,-0.4729315,0.046090655,-0.016629936,-0.10540533,0.4016759
1830,1830.jpg,trainval,train,0,benign,ground_truth,0.7968667,-1.1646394,-0.7582947,-0.3454378,1.1387103,-0.26187095,0.730412,1.0165602
1831,1831.jpg,trainval,train,0,benign,ground_truth,-0.71006566,0.3390367,-0.2630376,2.097103,0.33596933,-0.42046526,-0.7629483,0.21248074
1832,1832.jpg,trainval,train,0,benign,ground_truth,-0.67855006,0.6326541,-0.38969973,-0.31276432,0.24677588,-0.47741953,-0.7002913,0.07058436
1833,1833.jpg,trainval,train,0,benign,ground_truth,0.8044798,-0.7865596,0.5838036,-0.16951802,0.60354966,-0.19906102,0.8478668,0.4962735
1834,1834.jpg,trainval,train,0,benign,ground_truth,-0.5580534,0.53772175,-0.27614927,-0.5731207,-0.1991913,-0.47732186,-0.5780459,0.85101444
1835,1835.jpg,trainval,train,0,benign,ground_truth,0.75521135,-0.50866044,-0.2862284,0.34919786,0.53665453,0.80564845,0.73080164,0.37802652
1836,1836.jpg,trainval,train,0,benign,ground_truth,-1.2018104,0.17602481,1.3061184,0.8741622,0.15758245,-0.66569453,-1.2259332,0.23613013
1837,1837.jpg,trainval,train,0,benign,ground_truth,0.028342275,-0.15990743,-0.8097495,-0.63465613,-0.15459459,-0.30890965,0.022337168,1.0165602
1839,1839.jpg,trainval,train,0,benign,ground_truth,-0.92050475,0.77398014,-0.98853755,-0.36498547,0.33596933,-0.5750119,-0.95355606,0.4962735
1841,1841.jpg,trainval,train,0,benign,ground_truth,0.5467262,-0.7007874,0.7087181,0.048635278,-0.5336667,-0.07013038,0.6019414,-0.7571445
1843,1843.jpg,trainval,train,0,benign,ground_truth,1.4760002,-0.43480495,-0.53483295,-0.50286597,0.58125126,-0.16207868,1.4383233,0.4489747
1845,1845.jpg,trainval,train,0,benign,ground_truth,0.17647679,1.8091959,-0.9232135,-1.329023,1.0049201,-0.24895024,0.12956052,1.0165602
1849,1849.jpg,trainval,train,0,benign,ground_truth,-0.79572123,-0.88458234,-0.101853356,-0.482925,0.31367096,-0.67440003,-0.82834375,0.14153254
1850,1850.jpg,trainval,train,0,benign,ground_truth,-1.238401,1.2748543,-0.3627497,0.2271783,0.49205783,-0.62849075,-1.2751573,0.82736504
1851,1851.jpg,trainval,train,0,benign,ground_truth,0.59397924,0.16644838,0.40546203,-0.8252053,-0.9127388,-0.11678348,0.6375415,-1.1591843
1853,1853.jpg,trainval,train,0,benign,ground_truth,-1.3463087,-0.076331265,1.0629818,1.1079447,0.1352841,-0.7137649,-1.3905808,-0.04766263
1854,1854.jpg,trainval,train,0,benign,ground_truth,0.8451016,0.5660328,0.3262938,1.3281918,1.0049201,0.52813387,0.85137653,0.87466383
1855,1855.jpg,trainval,train,0,benign,ground_truth,0.11028149,-0.9250632,1.431077,0.14761177,-0.5336667,0.68225616,0.17781347,-0.7571445
1856,1856.jpg,trainval,train,0,benign,ground_truth,0.48556963,-1.0554682,0.23135197,0.06897163,-0.51136833,0.64942366,0.48344567,-0.7334951
1858,1858.jpg,trainval,train,0,benign,ground_truth,0.5547579,-0.18674788,-1.755178,-0.27732855,-0.75665027,-0.058064025,0.98084414,-0.89904094
1859,1859.jpg,trainval,train,0,benign,ground_truth,-0.2985793,-0.4042778,-1.4117477,-0.81285226,-0.73435193,-0.26020235,-0.3368322,-0.9699891
1860,1860.jpg,trainval,train,0,benign,ground_truth,1.6810632,1.7364858,-3.0743492,-0.9456947,0.09068737,0.89907134,0.7902493,0.04693496
1861,1861.jpg,trainval,train,0,benign,ground_truth,-0.31924233,2.2890244,-1.2250675,-0.75418794,-0.71205354,2.0200093,-0.3784427,-0.47335178
1862,1862.jpg,trainval,train,0,benign,ground_truth,-1.0903797,1.6560707,0.13962981,-0.9254827,0.9603234,-0.30434066,-1.1322078,0.87466383
1864,1864.jpg,trainval,train,0,benign,ground_truth,-0.967382,-1.0202311,-0.74533296,-0.45698163,-0.82354534,-0.5192178,-0.9885065,-1.0409373
1866,1866.jpg,trainval,train,0,benign,ground_truth,1.0418102,-0.5467753,-1.8645048,0.16966847,-0.043102782,1.8012344,0.8504648,-0.2368578
1867,1867.jpg,trainval,train,0,benign,ground_truth,1.2652321,0.83130866,-0.97421664,-0.42602208,-0.28838474,0.07473664,1.2907674,-0.11861082
1868,1868.jpg,trainval,train,0,benign,ground_truth,1.972213,-1.0698189,0.10134512,-0.47808915,1.1387103,-0.36343825,2.1969414,1.0165602
1869,1869.jpg,trainval,train,0,benign,ground_truth,-0.44455677,0.09989461,-0.6501867,-0.19815305,0.8265332,-0.14569607,-0.40764847,0.87466383
1870,1870.jpg,trainval,train,0,benign,ground_truth,0.46975777,0.11644128,-1.8119906,-0.5700525,-0.71205354,-0.17300877,0.41850704,0.37802652
1874,1874.jpg,trainval,train,0,benign,ground_truth,0.06515515,0.67208064,-0.25182962,-0.5459609,1.0272185,-0.10569231,0.11799656,0.8983132
1876,1876.jpg,trainval,train,0,benign,ground_truth,0.69931024,-0.13952349,-1.4983017,-0.62449574,-0.84584373,0.08855697,0.7274717,-0.9463397
1877,1877.jpg,trainval,train,0,benign,ground_truth,0.8990218,0.7598473,-0.93556195,-0.6656798,0.046090655,-0.35848594,0.8391717,0.21248074
1878,1878.jpg,trainval,train,0,benign,ground_truth,-0.32858995,0.9093864,1.172738,-0.522445,0.8265332,-0.53822094,-0.2914295,0.78006625
1879,1879.jpg,trainval,train,0,benign,ground_truth,1.1926415,0.85482913,0.23878644,1.359475,1.1387103,-0.30786583,1.2023033,1.0165602
1880,1880.jpg,trainval,train,0,benign,ground_truth,2.5017836,2.0967534,-0.95991826,-1.2225935,0.60354966,2.920545,2.4703784,0.4489747
1881,1881.jpg,trainval,train,0,benign,ground_truth,-0.10731885,1.0031395,-0.56397307,0.32424816,0.22447753,-0.08320912,-0.09531214,0.75641686
1882,1882.jpg,trainval,train,0,benign,ground_truth,0.26448593,-0.22598308,-0.22823285,-0.23530789,0.58125126,0.34230775,0.32593766,0.9929108
1887,1887.jpg,trainval,train,0,benign,ground_truth,0.42911994,0.03961537,0.9382411,1.1923621,1.1387103,0.64184326,0.5753587,1.0165602
1889,1889.jpg,trainval,train,0,benign,ground_truth,0.07022301,-0.5746396,-0.720575,0.3316891,0.69274306,-0.18991482,0.01900799,0.5435723
1892,1892.jpg,trainval,train,0,benign,ground_truth,1.3208551,0.0077264304,0.5201558,-0.7104403,0.8265332,1.3550354,1.4771329,0.6854687
1893,1893.jpg,trainval,train,0,benign,ground_truth,0.33658797,-0.5833246,0.0040756287,-0.73993576,-0.10999786,0.39358914,0.2945009,-0.307806
1894,1894.jpg,trainval,train,0,benign,ground_truth,-0.1352704,-1.3666235,1.0904987,-0.623649,-1.5816896,1.9917783,-0.14789313,-1.8213674
1895,1895.jpg,trainval,train,0,benign,ground_truth,0.31757772,-0.93566585,-0.12719887,-0.07831412,0.46975946,0.08519346,0.28434137,0.30707833
1896,1896.jpg,trainval,train,0,benign,ground_truth,1.9231789,-1.0018663,0.62291646,-0.22401935,0.17988081,1.4514171,1.9964572,0.02328556
1897,1897.jpg,trainval,train,0,benign,ground_truth,-0.19296472,0.8650428,0.918998,-0.93820876,-0.4221749,0.79234576,-0.19514145,-0.3787542
1898,1898.jpg,trainval,train,0,benign,ground_truth,-0.7130713,0.96074116,-0.13698317,4.473522,1.1387103,-0.5126426,-0.7346618,1.0165602
1899,1899.jpg,trainval,train,0,benign,ground_truth,0.06999495,-1.2719804,0.32145315,-0.6344774,-1.8492699,-0.4770886,0.12575772,-2.0342119
1900,1900.jpg,trainval,train,0,benign,ground_truth,1.1248789,0.15464555,0.2249456,-0.31570417,0.9826217,-0.28277957,1.1390477,0.85101444
1902,1902.jpg,trainval,train,0,benign,ground_truth,1.2718844,0.6962547,-0.7707861,-0.93446195,-0.37757817,-0.16741388,1.1711129,-0.59159875
1903,1903.jpg,trainval,train,0,benign,ground_truth,-1.1473622,1.5213321,-0.6456937,-0.03164368,0.7819365,-0.5920374,-1.1627474,0.78006625
1904,1904.jpg,trainval,train,0,benign,ground_truth,0.08624068,-0.91027737,1.1371357,-0.22955884,1.1387103,-0.44737932,0.13645005,1.0165602
1906,1906.jpg,trainval,train,0,benign,ground_truth,-0.32500628,1.4378449,0.5912745,-1.1430236,0.023792295,0.43430242,-0.29823858,0.4253253
1907,1907.jpg,trainval,train,0,benign,ground_truth,-0.93061155,0.016166998,-0.13275151,0.11186613,-0.4667716,-0.36368242,-0.97473234,0.28342894
1908,1908.jpg,trainval,train,0,benign,ground_truth,0.7244195,0.3505659,0.27362847,0.41071883,1.0272185,-0.34671977,0.7020597,0.8983132
1910,1910.jpg,trainval,train,0,benign,ground_truth,-0.21988341,0.2786438,0.65164983,-0.8485745,-0.39987653,-0.28149468,-0.24238133,-0.3787542
1911,1911.jpg,trainval,train,0,benign,ground_truth,0.84394526,-0.25129074,0.71117246,-0.234237,0.42516276,0.23912363,0.9097337,0.35437712
1915,1915.jpg,trainval,train,0,benign,ground_truth,-1.0383664,-0.9204325,0.77007544,0.07525926,1.0049201,-0.5205603,-1.075756,0.87466383
1916,1916.jpg,trainval,train,0,benign,ground_truth,1.5339001,0.9145583,-0.69258827,-1.2272128,1.1387103,0.5079572,1.518458,1.0165602
1917,1917.jpg,trainval,train,0,benign,ground_truth,-0.97739947,-0.12217898,1.070826,-0.6419634,-1.2026174,-0.22431047,-0.98693615,-1.0172879
1919,1919.jpg,trainval,train,0,benign,ground_truth,0.14864968,-0.0009296279,0.77143764,1.0451156,1.1387103,-0.45547152,0.16432193,1.0165602
1921,1921.jpg,trainval,train,0,benign,ground_truth,0.1148939,-0.32790124,-0.19791877,-0.45483944,-0.28838474,-0.5044766,0.102723934,-0.47335178
1922,1922.jpg,trainval,train,0,benign,ground_truth,-0.46415415,0.4743588,-1.2222064,-0.27091286,-0.13229622,-0.40722084,-0.47841874,0.25977954
1923,1923.jpg,trainval,train,0,benign,ground_truth,-0.6251148,0.536889,-0.64410245,-0.37131128,-0.3552798,-0.118810795,-0.63297504,-0.2132084
1924,1924.jpg,trainval,train,0,benign,ground_truth,0.6192481,0.5887636,-0.3378146,3.4784412,1.1164119,0.15159214,0.5882406,0.9929108
1925,1925.jpg,trainval,train,0,benign,ground_truth,1.1489007,-0.562264,-0.008974277,0.065099925,0.625848,-0.007080322,1.1903391,0.4726241
1927,1927.jpg,trainval,train,0,benign,ground_truth,-0.7994229,-0.96087307,1.074594,-0.7541681,-2.1391485,-0.08358299,-0.79825336,-0.56794935
1928,1928.jpg,trainval,train,0,benign,ground_truth,0.1452174,-0.5863113,0.16218726,0.21502642,-0.17689294,-0.218655,0.15636262,-0.3787542
1929,1929.jpg,trainval,train,0,benign,ground_truth,0.7341648,1.4698819,0.13775566,-0.20433907,1.1387103,1.6041894,0.77257437,1.0165602
1930,1930.jpg,trainval,train,0,benign,ground_truth,0.0015322412,-0.08724348,1.4949805,-0.74333894,-1.2249159,0.096396714,0.044843495,-0.7098457
1931,1931.jpg,trainval,train,0,benign,ground_truth,0.09524575,-0.38463446,-0.4116755,0.6047882,0.5143562,-0.13122715,0.11283271,0.4489747
1932,1932.jpg,trainval,train,0,benign,ground_truth,-0.41084883,-0.6979462,-0.57246786,-0.5183765,-0.71205354,-0.41177335,-0.38254774,-0.87539154
1933,1933.jpg,trainval,train,0,benign,ground_truth,-0.89719903,1.2138357,-0.9785451,-0.7878272,0.71504146,-0.48963553,-0.93504745,0.9219626
1935,1935.jpg,trainval,train,0,benign,ground_truth,0.27870083,-0.36847955,0.74156797,0.23686486,1.0495168,-0.25543886,0.37232134,0.9929108
1936,1936.jpg,trainval,train,0,benign,ground_truth,1.6838796,-0.55551773,-1.9841765,-0.6325956,0.8488316,-0.20738822,1.306695,0.70911807
1938,1938.jpg,trainval,train,0,benign,ground_truth,-0.9743962,1.224309,1.0781004,-0.3210596,0.49205783,-0.40140313,-0.9699572,0.8983132
1939,1939.jpg,trainval,train,0,benign,ground_truth,0.2000801,2.6509066,1.1830347,-0.4635509,1.0272185,-0.0056643966,0.32593766,1.0165602
1940,1940.jpg,trainval,train,0,benign,ground_truth,-0.76137775,1.6147662,0.14220926,0.7453486,0.5589529,-0.09645916,-0.7760432,0.8983132
1941,1941.jpg,trainval,train,0,benign,ground_truth,0.066130936,1.4844819,-0.029655436,5.3025475,1.0941136,-0.4314768,0.020858351,0.9692614
1942,1942.jpg,trainval,train,0,benign,ground_truth,0.13599123,-0.917146,0.4385497,-0.33455026,-0.5782634,0.0020161762,0.15173744,0.37802652
1943,1943.jpg,trainval,train,0,benign,ground_truth,5.571612,-1.0417305,-2.1823528,-0.28308627,0.06838901,0.37123296,5.3922806,-0.11861082
1944,1944.jpg,trainval,train,0,benign,ground_truth,-0.73549974,-0.5960777,-0.5460953,0.7059535,0.75963813,-0.64441097,-0.7453844,0.6145205
1945,1945.jpg,trainval,train,0,benign,ground_truth,1.1765041,0.26298186,0.7085482,-0.8284917,-0.13229622,0.5199665,1.1882834,-0.33145538
1946,1946.jpg,trainval,train,0,benign,ground_truth,-0.3994003,0.5373547,-0.56941205,-0.42979795,0.9826217,-0.5902672,-0.40132612,0.9219626
1947,1947.jpg,trainval,train,0,benign,ground_truth,-0.7715279,-0.7765871,0.68437594,-0.5243755,-1.2249159,-0.5244721,-0.77028203,-0.8044433
1948,1948.jpg,trainval,train,0,benign,ground_truth,0.7512019,-0.57513326,-0.92174214,0.0057491097,-0.4667716,-0.16921556,0.809982,-0.6861963
1949,1949.jpg,trainval,train,0,benign,ground_truth,0.37050185,1.3890281,-0.16290444,-0.63951206,0.046090655,-0.012128907,0.34585968,0.25977954
1950,1950.jpg,trainval,train,0,benign,ground_truth,1.358936,0.68090516,-0.87984705,-0.96166575,0.9826217,-0.35238266,1.278742,0.85101444
1951,1951.jpg,trainval,train,0,benign,ground_truth,1.5079217,-0.49400663,-1.2096705,0.19636321,0.8488316,-0.45549202,1.4858607,0.70911807
1952,1952.jpg,trainval,train,0,benign,ground_truth,1.2966129,-0.76248324,-0.22804102,0.46744713,0.53665453,0.18469061,1.185054,0.37802652
1955,1955.jpg,trainval,train,0,benign,ground_truth,-0.47997382,0.6614689,-0.34320647,-0.8557627,-0.97963387,-0.25996688,-0.50723475,0.23613013
1956,1956.jpg,trainval,train,0,benign,ground_truth,0.55715215,-0.7591569,-1.2509309,-0.114408806,0.87112993,-0.5079755,0.4794393,0.73276746
1958,1958.jpg,trainval,train,0,benign,ground_truth,-0.19348885,-0.8730603,0.37911242,-0.15025166,1.0272185,0.017343735,-0.1275664,0.8983132
1961,1961.jpg,trainval,train,0,benign,ground_truth,-0.40098733,-0.25745922,-0.39991325,-0.050453126,0.9603234,-0.6148503,-0.4101055,1.0165602
1963,1963.jpg,trainval,train,0,benign,ground_truth,-0.7609254,-0.14751092,-0.42635903,-0.61827534,-1.0019323,-0.39225408,-0.80808806,0.80371565
1964,1964.jpg,trainval,train,0,benign,ground_truth,-0.8431821,-0.7716498,-0.59003395,-0.6943125,-2.3175354,-0.39811224,-0.8748392,-0.44970238
1965,1965.jpg,trainval,train,0,benign,ground_truth,0.24543315,0.08380512,0.66003656,1.1768123,0.64814633,0.26167834,0.35341445,0.4962735
1967,1967.jpg,trainval,train,0,benign,ground_truth,-0.4408754,-0.3696459,1.5885978,1.4677787,1.0495168,-0.56786454,-0.43985012,0.9219626
1968,1968.jpg,trainval,train,0,benign,ground_truth,0.65855247,0.094115056,-0.61568475,1.0923434,1.0272185,-0.5407768,0.64834446,0.8983132
1969,1969.jpg,trainval,train,0,benign,ground_truth,1.1819761,-0.50845236,-0.24112196,0.38227987,-0.3106831,3.793262,1.1915092,-0.52065057
1972,1972.jpg,trainval,train,0,benign,ground_truth,-0.5909528,-0.17109753,1.0152031,-0.7226547,0.8934283,0.598838,-0.59444106,0.85101444
1973,1973.jpg,trainval,train,0,benign,ground_truth,-0.5994449,5.7783237,1.5106833,-2.136595,0.6704447,0.907746,-0.5774701,0.9692614
1976,1976.jpg,trainval,train,0,benign,ground_truth,-1.0722132,0.6711499,-0.54002875,1.5308117,0.7819365,-0.62116,-1.1118045,0.9692614
1977,1977.jpg,trainval,train,0,benign,ground_truth,1.7344669,-1.1387308,-0.68492293,-0.4704044,0.9603234,4.7845993,1.8559257,0.82736504
1978,1978.jpg,trainval,train,0,benign,ground_truth,-1.2350664,0.62168574,-0.32068944,6.5667653,0.9603234,-0.6948948,-1.2797939,0.82736504
1981,1981.jpg,trainval,train,0,benign,ground_truth,0.31665456,-0.83219576,-0.46203065,-0.21019478,0.75963813,0.16024901,0.34423295,0.6145205
1982,1982.jpg,trainval,train,0,benign,ground_truth,2.408013,0.7876621,-1.9317925,-0.648442,0.69274306,-0.14197242,1.9165925,0.78006625
1984,1984.jpg,trainval,train,0,benign,ground_truth,2.3043113,5.9286866,-0.5769123,-1.7113398,0.42516276,3.5230722,2.3654902,1.0165602
1985,1985.jpg,trainval,train,0,benign,ground_truth,0.50113344,1.8275094,-2.435858,-2.294022,0.91572666,1.0261875,0.11701309,0.78006625
1986,1986.jpg,trainval,train,0,benign,ground_truth,0.11639042,3.4477608,0.57996744,-1.3286691,0.7819365,-0.38586542,0.1534947,1.0165602
1987,1987.jpg,trainval,train,0,benign,ground_truth,2.8746884,1.7056249,-0.43295786,7.3851905,1.1387103,2.0409977,2.9694188,1.0165602
1989,1989.jpg,trainval,train,0,benign,ground_truth,1.056934,-0.8873371,0.9163082,0.27882218,0.8934283,-0.29004088,1.1300527,0.75641686
1990,1990.jpg,trainval,train,1,malignant,ground_truth,-0.59906715,-0.80268955,0.27394304,-0.32249534,-0.5782634,-0.40676573,-0.49654534,-0.8044433
1991,1991.jpg,trainval,train,1,malignant,ground_truth,-0.92459637,-0.25672698,1.3291658,-0.3811499,-0.60056174,-0.41909483,-0.928342,-0.7098457
1993,1993.jpg,trainval,train,1,malignant,ground_truth,-0.39807013,0.61872727,1.392674,-0.052912313,-0.10999786,0.09624517,-0.28400406,0.14153254
1994,1994.jpg,trainval,train,1,malignant,ground_truth,0.8512918,-0.20568016,0.8187608,-0.7361294,-0.043102782,0.09623067,0.9113035,-0.2368578
1995,1995.jpg,trainval,train,1,malignant,ground_truth,1.1334833,0.2994887,1.192128,-0.9271205,0.023792295,0.027572203,1.3306537,-0.14226022
1997,1997.jpg,trainval,train,1,malignant,ground_truth,-0.6171944,-0.7599377,0.20961773,-0.53414524,-1.3141092,-0.46602297,-0.6395207,-1.32473
1998,1998.jpg,trainval,train,1,malignant,ground_truth,-0.7517079,-1.0017505,0.9843927,-0.61778843,-1.2695125,-0.207104,-0.7475613,-1.2537819
2000,2000.jpg,trainval,train,1,malignant,ground_truth,-0.74795884,-1.0709842,0.41421592,-0.69161254,-1.8715682,-0.26987097,-0.76892424,-1.9396144
2001,2001.jpg,trainval,train,1,malignant,ground_truth,-0.93047136,-0.96222174,-0.196533,-0.6598396,-2.0945518,-0.5332777,-0.97154516,-1.561224
2002,2002.jpg,trainval,train,1,malignant,ground_truth,-0.6324642,-0.41790274,-0.38682702,-0.48559523,0.64814633,-0.49267468,-0.63161033,0.4962735
2005,2005.jpg,trainval,train,1,malignant,ground_truth,-1.1659685,-0.20265456,1.2111295,-0.5761955,-1.4033027,-0.5872139,-1.1885228,-0.8044433
2006,2006.jpg,trainval,train,1,malignant,ground_truth,-0.9914748,-1.0883529,0.67674303,-0.31355026,-0.82354534,-0.6285579,-1.0332171,-0.9463397
2007,2007.jpg,trainval,train,1,malignant,ground_truth,1.7652963,-0.86300826,-2.6374261,-0.276185,0.8934283,-0.5544972,0.72325796,0.75641686
2010,2010.jpg,trainval,train,1,malignant,ground_truth,-0.8513677,0.15996902,0.23478836,0.81846416,0.9603234,-0.659231,-0.86766225,0.82736504
2013,2013.jpg,trainval,train,1,malignant,ground_truth,-0.73048127,-1.2014934,-0.943673,-0.5879049,-1.8938667,-0.6369142,-0.71949226,-2.1997578
2014,2014.jpg,trainval,train,1,malignant,ground_truth,-0.3939412,-1.068408,-0.51828444,-0.49017864,-0.64515847,-0.47984996,-0.43593332,-0.85174215
2015,2015.jpg,trainval,train,1,malignant,ground_truth,-0.35017613,-0.647108,-0.5387398,1.038856,1.1387103,-0.6269577,-0.35235822,1.0165602
2017,2017.jpg,trainval,train,1,malignant,ground_truth,0.0976435,-0.76284003,-1.5833243,-0.28547528,-0.5782634,-0.5490221,0.08882854,-0.6861963
2019,2019.jpg,trainval,train,1,malignant,ground_truth,0.030191286,-1.635433,0.23894754,-0.69279754,-2.9195912,1.2647544,0.043931644,-3.28763
2020,2020.jpg,trainval,train,1,malignant,ground_truth,0.41853797,-1.4181166,-0.90403104,-0.41377023,-1.1803191,0.9641789,0.451328,-1.4429771
2021,2021.jpg,trainval,train,1,malignant,ground_truth,0.30392346,-1.4853987,-0.59753567,-0.5644896,-1.7823749,1.1802323,0.3271105,-2.0815108
2022,2022.jpg,trainval,train,1,malignant,ground_truth,0.44525063,-1.2906872,-0.4882133,-0.4197821,-1.1803191,0.69531405,0.49505982,-1.4429771
2023,2023.jpg,trainval,train,1,malignant,ground_truth,0.33120558,-1.634995,-1.21644,-0.67864937,-2.3844304,0.923218,0.30881333,-2.7200444
2024,2024.jpg,trainval,train,1,malignant,ground_truth,0.033359893,-1.3140646,0.47781768,-0.4944551,-2.1837454,0.6525039,0.10375945,-2.5072
2028,2028.jpg,trainval,train,1,malignant,ground_truth,-0.3756051,1.4221259,0.82452023,-0.22345905,0.80423486,-0.26696602,-0.2779406,1.0165602
2029,2029.jpg,trainval,train,1,malignant,ground_truth,3.4869566,-0.48001334,-0.13596563,0.9305962,1.1164119,0.61632043,4.5067344,0.9929108
2032,2032.jpg,trainval,train,1,malignant,ground_truth,-0.32527018,-0.2946045,-0.8373455,-0.14172633,-0.60056174,-0.54405797,-0.34938663,-0.7571445
2033,2033.jpg,trainval,train,1,malignant,ground_truth,-0.36110476,0.642053,0.39018476,-0.057191685,1.0495168,-0.49953127,-0.26773557,1.0165602
2035,2035.jpg,trainval,train,1,malignant,ground_truth,-0.8381953,-0.6408842,1.3358757,-0.5465984,-0.73435193,-0.6631353,-0.82590747,-0.9699891
2036,2036.jpg,trainval,train,1,malignant,ground_truth,-0.80968523,-0.35090193,1.071292,0.18345575,1.0718151,-0.67034477,-0.7547694,0.945612
2037,2037.jpg,trainval,train,1,malignant,ground_truth,-1.0816177,1.5490868,0.3964372,-0.025297742,0.91572666,-0.66426194,-1.1351135,0.78006625
2038,2038.jpg,trainval,train,1,malignant,ground_truth,-1.0139422,0.76931536,0.4981955,0.74133456,0.91572666,-0.6722956,-1.0164018,0.78006625
2039,2039.jpg,trainval,train,1,malignant,ground_truth,-0.67606884,1.1869694,-0.57743543,1.1287419,1.0495168,-0.56266016,-0.6606634,1.0165602
2041,2041.jpg,trainval,train,1,malignant,ground_truth,-0.90696853,-1.27607,0.59881914,-0.5125479,-1.8046732,-0.38125482,-0.84001577,-2.1051602
2042,2042.jpg,trainval,train,1,malignant,ground_truth,-0.81195694,-0.8904344,0.7591321,-0.15414108,0.46975946,-0.585925,-0.8231052,0.30707833
2043,2043.jpg,trainval,train,1,malignant,ground_truth,-0.79736406,-1.2683845,0.5643149,-0.49512893,-1.7377781,-0.4882275,-0.7748527,-2.0342119
2045,2045.jpg,trainval,train,1,malignant,ground_truth,-0.8689153,0.5621267,1.6450992,-0.76693726,-0.86814207,-0.22752543,-0.886866,-0.85174215
2047,2047.jpg,trainval,train,1,malignant,ground_truth,-1.237792,1.5267723,0.75956196,2.3305638,0.9826217,-0.68204534,-1.2547176,0.85101444
2048,2048.jpg,trainval,train,1,malignant,ground_truth,-1.1059811,0.4352588,0.4809492,-0.26223955,0.22447753,-0.62647337,-1.1333234,0.07058436
2049,2049.jpg,trainval,train,1,malignant,ground_truth,-0.0884908,-1.2510166,0.9681256,-0.37251434,-0.75665027,-0.5673622,-0.023180423,-0.9699891
2050,2050.jpg,trainval,train,1,malignant,ground_truth,-0.72632587,0.0055087185,-1.4530654,0.42265922,0.0014939348,-0.41281408,-0.7995672,0.5908711
2051,2051.jpg,trainval,train,1,malignant,ground_truth,-0.9253018,-0.21116005,0.8614757,-0.7076787,-1.0019323,-0.29345995,-0.8694874,-0.92269033
2054,2054.jpg,trainval,train,1,malignant,ground_truth,-0.5809699,-0.22795631,0.4076494,-0.48304084,-0.48906997,-0.34851155,-0.58726436,-0.426053
2055,2055.jpg,trainval,train,1,malignant,ground_truth,1.506851,1.1717315,-2.6296408,-1.5290756,0.58125126,-0.21772136,0.79124683,0.4253253
2056,2056.jpg,trainval,train,1,malignant,ground_truth,-0.96129894,0.6530078,1.3476446,0.753634,0.91572666,-0.599514,-0.91974294,0.9219626
2057,2057.jpg,trainval,train,1,malignant,ground_truth,-0.7654241,0.056796316,0.17570762,-0.47707006,-0.82354534,-0.33139738,-0.7259393,-0.66254693
2058,2058.jpg,trainval,train,1,malignant,ground_truth,-0.761695,-0.0354005,0.24800915,-0.43020657,0.15758245,-0.40996227,-0.6883443,0.117883146
2059,2059.jpg,trainval,train,1,malignant,ground_truth,1.7366463,-0.7341926,1.0898935,0.25754032,1.1387103,2.71401,1.9675027,1.0165602
2060,2060.jpg,trainval,train,1,malignant,ground_truth,0.8172773,-1.3154503,1.3283232,-0.3859508,-0.95733553,3.4656198,1.0495405,-1.2064831
2061,2061.jpg,trainval,train,1,malignant,ground_truth,0.5725632,-0.35623136,0.7253362,1.0874392,0.8934283,0.7487624,0.7362008,0.75641686
2062,2062.jpg,trainval,train,1,malignant,ground_truth,0.8415764,-0.6963097,1.018861,0.67492795,-0.13229622,1.1202468,0.9820779,-0.33145538
2063,2063.jpg,trainval,train,1,malignant,ground_truth,-0.5018581,-0.26983455,-0.89540523,0.04774355,-0.4667716,-0.42733353,-0.50494057,0.18883134
2064,2064.jpg,trainval,train,1,malignant,ground_truth,-0.45913795,-0.71399647,-0.9826774,-0.19997483,-0.3552798,-0.47382525,-0.48446283,0.14153254
2065,2065.jpg,trainval,train,1,malignant,ground_truth,-0.2709251,2.1507182,0.8902782,-0.1067557,0.87112993,-0.5012146,-0.18823044,1.0165602
2068,2068.jpg,trainval,train,1,malignant,ground_truth,-0.5224763,-0.59346175,1.1688807,-0.2897693,0.938025,-0.46868443,-0.4263064,0.80371565
2069,2069.jpg,trainval,train,1,malignant,ground_truth,-0.7603828,0.63834774,1.1098475,-0.21431096,-0.15459459,0.075695716,-0.713213,-0.2132084
2071,2071.jpg,trainval,train,1,malignant,ground_truth,-0.86769783,0.7263424,-0.22478366,0.10703877,-0.043102782,-0.18438949,-0.8575288,-0.071312025
2072,2072.jpg,trainval,train,1,malignant,ground_truth,-0.9431894,-1.3032016,1.5996246,-0.61686087,-2.295237,-0.49126214,-0.9421426,-2.6254468
2073,2073.jpg,trainval,train,1,malignant,ground_truth,-0.9618704,-0.692967,0.91718704,-0.38006303,-0.75665027,-0.494873,-0.9906645,-0.9936385
2074,2074.jpg,trainval,train,1,malignant,ground_truth,-0.41588518,-0.84159434,0.055151694,-0.036350023,1.0941136,-0.5841074,-0.4036468,0.9692614
2075,2075.jpg,trainval,train,1,malignant,ground_truth,-0.7531742,-1.2384311,1.349891,-0.64808494,-2.1837454,-0.31602988,-0.7331883,-1.7267698
2077,2077.jpg,trainval,train,1,malignant,ground_truth,-0.2859238,-1.0052879,-0.19857915,-0.66374683,-1.0688273,-0.26907617,-0.2675121,-0.66254693
2079,2079.jpg,trainval,train,1,malignant,ground_truth,-0.2434543,-1.3816602,-0.021193007,-0.5880764,-1.5816896,0.6130988,-0.27142757,-1.8686662
2080,2080.jpg,trainval,train,1,malignant,ground_truth,0.2595065,-0.25028238,-0.013248862,0.56724566,1.1387103,1.1510845,0.33286685,1.0165602
2081,2081.jpg,trainval,train,1,malignant,ground_truth,-0.80820084,1.7952965,0.04483933,-0.4452086,0.20217916,-0.47800756,-0.8247387,0.9692614
2082,2082.jpg,trainval,train,1,malignant,ground_truth,-0.843494,0.32907435,0.72966933,-0.041749578,0.625848,-0.6141073,-0.8266095,0.6145205
2083,2083.jpg,trainval,train,1,malignant,ground_truth,-0.11467825,-0.18409617,1.2869996,-0.70373267,-0.3552798,-0.33095846,-0.03770361,-0.47335178
2084,2084.jpg,trainval,train,1,malignant,ground_truth,1.4736704,0.049049154,-1.587603,-0.3884233,0.58125126,-0.42925683,1.7204176,0.4726241
2085,2085.jpg,trainval,train,1,malignant,ground_truth,1.261837,0.19547234,-1.043006,-0.13644874,1.0495168,-0.43252856,1.6412961,1.0165602
2086,2086.jpg,trainval,train,1,malignant,ground_truth,0.19278228,-0.99880415,0.5052823,-0.36144504,-0.89044046,1.2613857,0.191542,-1.1355349
2087,2087.jpg,trainval,train,1,malignant,ground_truth,0.6323856,-0.9098064,0.1898724,-0.32011327,-0.93503714,0.7031064,0.6928407,-1.1828337
2088,2088.jpg,trainval,train,1,malignant,ground_truth,-0.53900206,-0.49724168,0.90352046,-0.49581096,-0.44447324,-0.4488671,-0.49494043,-0.61524814
2091,2091.jpg,trainval,train,1,malignant,ground_truth,-0.8779972,0.9344019,0.81967837,-0.44434413,-0.62286013,-0.40385443,-0.83564883,-0.4024036
2093,2093.jpg,trainval,train,1,malignant,ground_truth,-0.8281457,2.524307,-0.22439718,-0.25342646,0.625848,-0.51576155,-0.82441175,0.9219626
2094,2094.jpg,trainval,train,1,malignant,ground_truth,0.25669575,0.36155337,-0.49723122,-0.13628358,1.0718151,-0.5668296,0.16917,0.945612
2095,2095.jpg,trainval,train,1,malignant,ground_truth,-0.46672288,-1.1216629,-0.54165983,-0.3848675,0.8934283,0.71291155,-0.52479523,0.75641686
2096,2096.jpg,trainval,train,1,malignant,ground_truth,-1.0967039,-1.6170138,0.56972706,-0.70085984,-3.0087845,-0.40418103,-1.1195818,-3.3822277
2097,2097.jpg,trainval,train,1,malignant,ground_truth,-1.3360807,-0.877566,1.2858218,-0.7649641,-3.0756795,-0.39562744,-1.3776307,-2.3180046
2098,2098.jpg,trainval,train,1,malignant,ground_truth,-0.7439848,0.17845213,-0.47317114,-0.5642927,0.06838901,-0.42070132,-0.6645704,-0.11861082
2100,2100.jpg,trainval,train,1,malignant,ground_truth,-0.81871694,-0.9783351,0.117991135,0.083852604,1.1387103,-0.6978465,-0.809509,1.0165602
2101,2101.jpg,trainval,train,1,malignant,ground_truth,-1.0306293,-1.1208833,0.60567594,-0.28095165,-0.28838474,-0.6095958,-1.0550139,-0.49700117
2104,2104.jpg,trainval,train,1,malignant,ground_truth,-0.20870931,-1.0179849,-1.1276954,-0.3698845,-0.62286013,-0.1858514,-0.14081423,-0.85174215
2105,2105.jpg,trainval,train,1,malignant,ground_truth,-1.0769156,-0.26580492,-0.763801,-0.03378071,-0.75665027,-0.65585047,-1.0976895,-0.87539154
2107,2107.jpg,trainval,train,1,malignant,ground_truth,2.1262183,0.26576218,-2.0184135,-0.2172192,0.625848,2.1087122,2.1133883,0.6381699
2109,2109.jpg,trainval,train,1,malignant,ground_truth,0.29897708,-1.2120583,0.2045957,-0.5390596,-0.77894866,-0.18061967,0.39549714,-1.0172879
2110,2110.jpg,trainval,train,1,malignant,ground_truth,2.459957,0.029470276,1.4310619,-0.123367086,1.1387103,0.66953266,2.8845356,1.0165602
2111,2111.jpg,trainval,train,1,malignant,ground_truth,1.5121591,-0.66924906,-1.3097497,-0.12035049,0.1352841,0.41379377,1.7497803,-0.04766263
2112,2112.jpg,trainval,train,1,malignant,ground_truth,1.4830198,-0.84729797,-1.2700016,-0.13716607,-0.28838474,0.25556695,1.5298939,-0.49700117
2114,2114.jpg,trainval,train,1,malignant,ground_truth,-0.2627623,-0.6437049,-0.1306304,0.6907687,0.9603234,-0.6774108,-0.1884682,0.85101444
2117,2117.jpg,trainval,train,1,malignant,ground_truth,1.3320515,-0.35901776,-1.1481063,-0.24443232,0.09068737,-0.41460818,1.4355682,-0.09496143
2118,2118.jpg,trainval,train,1,malignant,ground_truth,-0.2356165,-0.30207807,-0.026554596,0.40591896,0.9603234,-0.5896149,-0.13884522,0.82736504
2120,2120.jpg,trainval,train,1,malignant,ground_truth,-0.057809588,0.35092658,1.1396816,-0.6162286,0.80423486,-0.42372712,0.07947325,0.6618193
2121,2121.jpg,trainval,train,1,malignant,ground_truth,-0.8422123,2.3396049,0.61300325,2.626519,1.0272185,-0.47805658,-0.88787675,0.8983132
2123,2123.jpg,trainval,train,1,malignant,ground_truth,-0.96544945,0.9095789,0.6636256,2.6582856,1.1387103,-0.5844729,-0.96291244,1.0165602
2125,2125.jpg,trainval,train,1,malignant,ground_truth,-0.3639078,0.39979362,0.5040442,1.7793657,0.7373398,0.27186653,-0.32457113,0.5908711
2126,2126.jpg,trainval,train,1,malignant,ground_truth,-0.45513552,0.761599,0.9786738,-0.7466247,-0.62286013,-0.06965008,-0.35865068,0.25977954
2127,2127.jpg,trainval,train,1,malignant,ground_truth,-0.49771145,0.094837345,0.536764,-0.7350021,-1.2695125,-0.2573314,-0.5511691,-0.7098457
2129,2129.jpg,trainval,train,1,malignant,ground_truth,-0.7703852,-0.105626255,1.4306713,-0.78783876,-1.2249159,-0.11955259,-0.7745443,-0.6861963
2130,2130.jpg,trainval,train,1,malignant,ground_truth,-0.7001968,0.034529343,-0.7675536,-0.44308093,-1.4924961,-0.138294,-0.70481014,-1.3720288
2132,2132.jpg,trainval,train,1,malignant,ground_truth,-1.1646681,-0.9977372,1.0769894,-0.6703494,-2.5628173,-0.30792776,-1.193464,-2.5308492
2135,2135.jpg,trainval,train,1,malignant,ground_truth,-0.337923,0.22089724,0.10572826,-0.2610789,0.75963813,-0.6220449,-0.3209642,0.6854687
2138,2138.jpg,trainval,train,1,malignant,ground_truth,1.0235023,-1.1868104,-0.8049199,-0.7195054,-1.2249159,-0.44843152,1.3654279,-1.4902759
2139,2139.jpg,trainval,train,1,malignant,ground_truth,-0.55412656,-1.3425176,1.7220433,-0.5821015,-0.73435193,-0.6397349,-0.48403242,-0.9699891
2140,2140.jpg,trainval,train,1,malignant,ground_truth,0.10535062,-1.1209881,1.1344534,0.01202938,1.0049201,-0.5763713,0.2381733,0.87466383
2141,2141.jpg,trainval,train,1,malignant,ground_truth,-0.33765006,-0.36511806,-0.95368385,1.0442173,1.1387103,-0.5482097,-0.35217974,1.0165602
2142,2142.jpg,trainval,train,1,malignant,ground_truth,-0.8772121,0.8283759,1.2202978,-0.56796837,-0.3552798,-0.4000082,-0.8564108,0.4962735
2145,2145.jpg,trainval,train,1,malignant,ground_truth,-1.1669943,-0.06327667,0.14087994,-0.50091875,-0.6897552,-0.5377288,-1.1955738,-0.8044433
2147,2147.jpg,trainval,train,1,malignant,ground_truth,-0.98378503,0.22224277,1.1832211,1.0339438,0.31367096,-0.63659084,-0.97839326,0.8983132
2148,2148.jpg,trainval,train,1,malignant,ground_truth,-0.7199532,-0.027093904,0.40788072,0.10500709,0.33596933,-0.5920022,-0.62877303,0.82736504
2149,2149.jpg,trainval,train,1,malignant,ground_truth,0.8875695,1.1883482,-2.0120008,-0.088303566,0.69274306,-0.20857759,1.0466611,0.8983132
2150,2150.jpg,trainval,train,1,malignant,ground_truth,0.85715777,-0.92063695,1.2339664,-0.32670617,0.938025,-0.47568467,1.0099627,0.80371565
2153,2153.jpg,trainval,train,1,malignant,ground_truth,0.36914888,0.030830834,1.5600141,-0.062138755,0.53665453,-0.40893573,0.5946539,0.5199229
2154,2154.jpg,trainval,train,1,malignant,ground_truth,1.3664391,0.300404,0.0022860237,-0.31691343,1.0718151,-0.40972665,1.5700985,0.9929108
2159,2159.jpg,trainval,train,1,malignant,ground_truth,-1.1956291,-1.693089,-1.0882089,-0.5715347,-2.5851157,-0.5918636,-1.2540381,-2.8855903
2160,2160.jpg,trainval,train,1,malignant,ground_truth,-0.83201873,-0.21355307,0.2886678,-0.63132983,-1.1580207,-0.22890688,-0.8588919,-1.1591843
2161,2161.jpg,trainval,train,1,malignant,ground_truth,-0.9460615,-0.73525184,0.44833106,0.2771107,0.9826217,-0.63644177,-0.9316601,0.85101444
2163,2163.jpg,trainval,train,1,malignant,ground_truth,-0.12940677,-0.21985382,-0.017134778,0.1346786,1.0718151,-0.52882093,-0.056206882,0.945612
2164,2164.jpg,trainval,train,1,malignant,ground_truth,0.17039095,-0.5888682,-0.8683134,0.18933785,1.1387103,-0.56543034,0.16225544,1.0165602
2165,2165.jpg,trainval,train,1,malignant,ground_truth,-0.3947788,0.006995653,1.4819545,-0.6055911,-1.0019323,-0.060798883,-0.3787767,-0.9699891
2166,2166.jpg,trainval,train,1,malignant,ground_truth,-0.38538507,0.012383628,1.3674736,-0.76254624,-1.6262863,0.33995005,-0.34523773,-1.5139252
2167,2167.jpg,trainval,train,1,malignant,ground_truth,-0.56405,-0.08482394,0.7861562,-0.48841348,-0.82354534,-0.0945926,-0.6053167,-0.66254693
2170,2170.jpg,trainval,train,1,malignant,ground_truth,0.11658012,0.2975186,0.7515379,-0.76224357,0.7819365,0.469482,0.50140923,0.82736504
2171,2171.jpg,trainval,train,1,malignant,ground_truth,1.0359305,-0.0071756286,-0.8143074,-0.7299627,-0.51136833,0.2193238,1.203157,-0.7098457
2172,2172.jpg,trainval,train,1,malignant,ground_truth,-0.60560775,-0.64881045,0.6030569,-0.56448036,-1.1357224,-0.24883245,-0.59678304,-1.3956783
2173,2173.jpg,trainval,train,1,malignant,ground_truth,-0.42754686,-0.8872724,0.60388744,-0.63233984,-1.5147945,-0.3533324,-0.3578139,-1.6558216
2174,2174.jpg,trainval,train,1,malignant,ground_truth,1.8214566,-0.77770936,-1.437141,-0.60405844,-0.5782634,-0.17307493,1.8043351,-0.8044433
2175,2175.jpg,trainval,train,1,malignant,ground_truth,-0.42077512,-0.5327995,1.0032916,0.8386245,0.7373398,0.12547834,-0.32058662,0.5908711
2176,2176.jpg,trainval,train,1,malignant,ground_truth,-0.84453577,-0.76348525,0.33988005,0.8001709,0.75963813,-0.36334714,-0.83413535,0.6145205
2177,2177.jpg,trainval,train,1,malignant,ground_truth,1.1188247,-1.5280145,-1.0980396,-0.60044897,-2.1168501,0.35896015,1.4154071,-2.4362516
2178,2178.jpg,trainval,train,1,malignant,ground_truth,0.91848814,-1.4199057,-0.6917142,-0.6096804,-1.670883,0.27801973,1.0673362,-1.9632638
2180,2180.jpg,trainval,train,1,malignant,ground_truth,-0.31098634,-1.6544476,0.20280214,-0.6940494,-2.718906,1.444702,-0.2587425,-3.0747855
2181,2181.jpg,trainval,train,1,malignant,ground_truth,3.0968888,-0.7649909,-1.1471033,1.2141082,0.46975946,1.5531559,3.4320636,0.30707833
2182,2182.jpg,trainval,train,1,malignant,ground_truth,-0.6649163,1.3546886,0.024501871,-0.37740365,-0.17689294,-0.06256808,-0.6954299,0.117883146
2184,2184.jpg,trainval,train,1,malignant,ground_truth,1.2883284,0.056785535,-0.3566107,-0.34351462,0.7819365,-0.40053084,1.2607368,0.6381699
2185,2185.jpg,trainval,train,1,malignant,ground_truth,-0.011002856,0.120505966,1.783053,-0.17040756,0.9826217,-0.39793313,0.053549808,0.85101444
2186,2186.jpg,trainval,train,1,malignant,ground_truth,-1.1162505,-1.0362831,0.7014821,-0.372051,-0.95733553,-0.68969756,-1.1600713,-1.1591843
2187,2187.jpg,trainval,train,1,malignant,ground_truth,-1.0945889,-1.0264535,0.2768647,-0.5360886,-1.4478995,-0.68595797,-1.1328025,-1.6321722
2188,2188.jpg,trainval,train,1,malignant,ground_truth,-0.84832585,-0.99723524,-0.20001563,-0.49702692,-1.0688273,-0.078046076,-0.8432587,-1.3010807
2189,2189.jpg,trainval,train,1,malignant,ground_truth,-0.52573895,-0.6187817,1.2241596,-0.19567323,1.0049201,-0.40645066,-0.49577603,0.87466383
2191,2191.jpg,trainval,train,1,malignant,ground_truth,-0.8217887,-0.6579719,0.6043671,-0.46383375,-0.5782634,-0.43404353,-0.827734,-0.8044433
2192,2192.jpg,trainval,train,1,malignant,ground_truth,-0.6599829,-0.4675418,0.48282024,-0.65698034,-1.6485846,-0.20887956,-0.70583093,-1.6321722
2193,2193.jpg,trainval,train,1,malignant,ground_truth,-0.8712925,-0.15719363,1.5559571,-0.69698244,0.6704447,-0.4665252,-0.8627996,0.5435723
2194,2194.jpg,trainval,train,1,malignant,ground_truth,-0.37886417,-0.1882067,-0.27768502,-0.5533962,0.8488316,-0.38353267,-0.39762193,0.73276746
2196,2196.jpg,trainval,train,1,malignant,ground_truth,-0.9646646,-1.2622956,0.40457797,-0.39708096,-1.8492699,-0.36339137,-1.0127653,-1.9869132
2198,2198.jpg,trainval,train,1,malignant,ground_truth,-0.22241558,-1.3467007,0.99968433,-0.49687368,1.0049201,-0.10232621,-0.100512534,0.87466383
2199,2199.jpg,trainval,train,1,malignant,ground_truth,-0.30205998,-1.4105425,-0.09381562,-0.4563258,-1.4701978,-0.559374,-0.33471715,-1.7504193
2200,2200.jpg,trainval,train,1,malignant,ground_truth,0.029420612,-0.79191726,0.14051306,-0.4865978,-0.66745687,0.0027523055,0.07430625,-0.7807939
2204,2204.jpg,trainval,train,1,malignant,ground_truth,-1.1879001,-1.102917,1.2011989,-0.6250521,-2.0276568,-0.52174926,-1.208443,-2.3180046
2206,2206.jpg,trainval,train,1,malignant,ground_truth,3.6078897,-1.1424836,0.10497299,-0.31444132,-0.66745687,2.8144403,4.1045775,-0.89904094
2208,2208.jpg,trainval,train,1,malignant,ground_truth,1.8160264,-0.9749077,1.5829169,-0.4312086,0.7373398,0.3636685,2.0721085,0.5908711
2209,2209.jpg,trainval,train,1,malignant,ground_truth,-0.95325285,0.45815712,-0.1505313,0.7353715,-0.065401144,-0.3940984,-0.9659469,0.28342894
2210,2210.jpg,trainval,train,1,malignant,ground_truth,0.07539191,-1.5131047,1.0905228,-0.49899602,0.91572666,3.3419304,0.12227376,0.78006625
2211,2211.jpg,trainval,train,1,malignant,ground_truth,0.5038295,-1.5904372,1.3683075,-0.6762921,-2.2060437,3.3746302,0.6929232,-2.5308492
2212,2212.jpg,trainval,train,1,malignant,ground_truth,0.5959766,-1.5262178,1.073245,-0.6459762,-1.8046732,3.7476637,0.70161605,-2.1051602
2213,2213.jpg,trainval,train,1,malignant,ground_truth,0.54136145,-1.7033061,0.37669748,-0.7096369,-2.6743093,7.007277,0.6561161,-3.0274866
2214,2214.jpg,trainval,train,1,malignant,ground_truth,-0.31067047,-0.83038104,1.7013502,-0.4361125,-0.60056174,-0.3029172,-0.17194277,-0.82809275
2215,2215.jpg,trainval,train,1,malignant,ground_truth,-0.59924936,-0.46356654,0.31436044,0.1477003,0.6704447,-0.5837629,-0.5609046,0.6145205
2216,2216.jpg,trainval,train,1,malignant,ground_truth,-0.2705571,-1.0085249,1.4413074,-0.4052943,-0.24378802,-0.46654895,-0.14112131,-0.4024036
2217,2217.jpg,trainval,train,1,malignant,ground_truth,-0.32226592,-0.5569371,-2.1405118,-0.27430275,-0.28838474,-0.336498,-0.57298243,-0.47335178
2219,2219.jpg,trainval,train,1,malignant,ground_truth,-1.0304759,0.11588451,0.25076896,0.24021533,-0.26608637,-0.11480267,-1.0726807,-0.2368578
2220,2220.jpg,trainval,train,1,malignant,ground_truth,-1.0412222,-0.26818815,-0.16603471,0.099868566,-0.5336667,-0.33420676,-1.0893902,-0.54429996
2222,2222.jpg,trainval,train,1,malignant,ground_truth,-1.1363789,0.51841724,0.061361436,1.0044739,-0.3552798,-0.40752777,-1.1837986,0.25977954
2223,2223.jpg,trainval,train,1,malignant,ground_truth,-1.1091316,1.4358852,0.91168374,1.7785928,0.17988081,-0.3122284,-1.1423362,0.37802652
2224,2224.jpg,trainval,train,1,malignant,ground_truth,-1.0891786,1.1282891,0.8595116,1.1661494,-0.17689294,-0.33222795,-1.1292443,-0.024013234
2226,2226.jpg,trainval,train,1,malignant,ground_truth,-1.092021,-0.85546625,0.9252918,-0.7617009,-1.98306,-0.5313747,-1.1195818,-1.0882361
2227,2227.jpg,trainval,train,1,malignant,ground_truth,-0.8685646,-1.1866755,0.10061403,-0.7328529,-2.1168501,-0.52168196,-0.8501692,-1.1591843
2228,2228.jpg,trainval,train,1,malignant,ground_truth,-0.8561366,-0.9156055,-1.0915849,-0.7407846,-2.3398337,-0.45628116,-0.96978724,-1.8686662
2229,2229.jpg,trainval,train,1,malignant,ground_truth,0.10530669,-0.4320885,-1.8879759,-0.669722,-1.6931814,-0.43466136,-0.1700629,-1.2774312
2230,2230.jpg,trainval,train,1,malignant,ground_truth,-1.1713214,-0.48466897,0.69693977,-0.708867,-1.8269715,-0.36371145,-1.1958276,-1.561224
2231,2231.jpg,trainval,train,1,malignant,ground_truth,-1.019274,-0.5501526,-0.0453239,-0.5827424,-0.44447324,-0.61144555,-1.0108944,-0.071312025
2232,2232.jpg,trainval,train,1,malignant,ground_truth,-0.7691224,-0.01616961,-0.7484149,-0.2587469,0.8265332,-0.5504403,-0.8136477,0.80371565
2234,2234.jpg,trainval,train,1,malignant,ground_truth,-1.2701516,-0.51771396,1.5068711,-0.36537436,-0.93503714,-0.6323018,-1.2885005,-0.426053
2235,2235.jpg,trainval,train,1,malignant,ground_truth,-0.8439926,-0.19350286,-0.35843143,-0.695168,-2.0499551,-0.46048635,-0.8621633,-1.8450168
2236,2236.jpg,trainval,train,1,malignant,ground_truth,0.75099766,-0.14001231,-0.7921943,-0.50529814,-0.020804424,-0.46615076,0.68484354,-0.071312025
2237,2237.jpg,trainval,train,1,malignant,ground_truth,0.095860496,-0.11835796,0.8104387,-0.52378607,-0.065401144,-0.3260457,0.1359094,-0.2368578
2238,2238.jpg,trainval,train,1,malignant,ground_truth,0.8799355,-0.06289857,-0.45039642,-0.44594583,1.0272185,-0.34847182,0.99526083,0.8983132
2240,2240.jpg,trainval,train,1,malignant,ground_truth,-0.14207415,-0.63671625,0.109527186,-0.5861887,-0.801247,-0.3258469,-0.12108648,-1.0172879
2241,2241.jpg,trainval,train,1,malignant,ground_truth,-1.0065091,2.18259,-0.014827642,0.7946084,0.6704447,-0.5114471,-1.0070493,0.945612
2242,2242.jpg,trainval,train,1,malignant,ground_truth,-0.9663398,-0.660841,-0.33752853,0.73972696,-0.22148965,-0.4731103,-1.0015024,-0.426053
2244,2244.jpg,trainval,train,1,malignant,ground_truth,-1.2481786,-0.6140056,1.5845667,-0.7231278,-2.1168501,-0.50166947,-1.2846988,-1.9396144
2245,2245.jpg,trainval,train,1,malignant,ground_truth,-0.37068212,-0.6985231,-0.6034148,-0.1551666,1.0272185,-0.41323784,-0.3600864,1.0165602
2247,2247.jpg,trainval,train,1,malignant,ground_truth,-1.0945795,0.51891714,0.013028709,0.38589352,-0.3106831,-0.5178064,-1.1299096,-0.14226022
2248,2248.jpg,trainval,train,1,malignant,ground_truth,-1.1011876,0.24421057,0.012252353,0.6456803,0.64814633,-0.6608272,-1.1138101,0.73276746
2249,2249.jpg,trainval,train,1,malignant,ground_truth,-0.92685735,-0.611897,1.6546144,-0.073412925,0.3582677,-0.63436455,-0.94656533,0.25977954
2250,2250.jpg,trainval,train,1,malignant,ground_truth,-0.8689022,-0.99326694,0.86109185,-0.67955464,-1.425601,-0.5335063,-0.8629465,-1.7031204
2252,2252.jpg,trainval,train,1,malignant,ground_truth,-0.6133676,-1.6308799,0.1766815,-0.7387288,-3.0087845,-0.2071038,-0.544447,-3.3822277
2253,2253.jpg,trainval,train,1,malignant,ground_truth,-0.7134374,-0.9038867,0.8057601,-0.548961,-1.7377781,0.014415292,-0.72648203,-2.0342119
2255,2255.jpg,trainval,train,1,malignant,ground_truth,-0.7414548,0.10093122,0.79556024,-0.5221373,-1.2918109,0.53209066,-0.75296193,-1.32473
2256,2256.jpg,trainval,train,1,malignant,ground_truth,-1.0113804,-0.42706573,0.5305877,-0.09548097,0.046090655,-0.5292018,-1.0404387,0.25977954
2259,2259.jpg,trainval,train,1,malignant,ground_truth,-0.6939062,-0.30783287,0.21859582,-0.4684251,-0.15459459,-0.52996063,-0.6960362,-0.2368578
2261,2261.jpg,trainval,train,1,malignant,ground_truth,-1.1473452,-0.1292006,0.6801489,-0.5504036,-1.2249159,-0.5194066,-1.1729559,-0.9463397
2262,2262.jpg,trainval,train,1,malignant,ground_truth,-1.231329,-0.7384716,1.3595792,0.7797471,0.80423486,-0.665939,-1.2674532,0.6618193
2263,2263.jpg,trainval,train,1,malignant,ground_truth,-0.993565,-1.2621672,-0.4427119,-0.57481664,-1.8046732,-0.580631,-1.024476,-2.1051602
2264,2264.jpg,trainval,train,1,malignant,ground_truth,-0.7803011,-0.24064985,0.38191065,-0.47356862,-0.5782634,-0.35906354,-0.73689765,-0.426053
2267,2267.jpg,trainval,train,1,malignant,ground_truth,-0.44793516,-0.7320384,0.13165137,0.093026526,0.75963813,-0.6247645,-0.42114416,0.6854687
2268,2268.jpg,trainval,train,1,malignant,ground_truth,-0.56067514,0.039433,0.61374116,-0.66955185,-0.60056174,-0.52061886,-0.5581445,-0.6861963
2272,2272.jpg,trainval,train,1,malignant,ground_truth,-0.8004418,-0.213363,-0.09422565,-0.46214196,-1.6262863,-0.3226628,-0.80808806,-1.4902759
2274,2274.jpg,trainval,train,1,malignant,ground_truth,-0.87919366,0.9962397,-0.65809715,0.29364675,0.046090655,-0.5822339,-0.86593974,0.80371565
2275,2275.jpg,trainval,train,1,malignant,ground_truth,-0.8785695,2.644299,-0.54181755,-0.1223485,0.64814633,-0.55679363,-0.8786774,1.0165602
2276,2276.jpg,trainval,train,1,malignant,ground_truth,-0.44182014,1.2159624,-0.39906532,0.2398347,1.0049201,-0.4894328,-0.44259623,1.0165602
2277,2277.jpg,trainval,train,1,malignant,ground_truth,-0.78233683,0.9605837,1.4531528,1.0462512,0.5589529,-0.4690861,-0.79825336,0.6618193
2278,2278.jpg,trainval,train,1,malignant,ground_truth,0.24018447,-0.12553999,-1.011802,-0.3975317,0.9603234,0.5191993,0.4143748,0.9929108
2279,2279.jpg,trainval,train,1,malignant,ground_truth,-1.1989548,0.051990096,0.14445569,-0.4592281,-1.5147945,-0.5923879,-1.2271127,-1.3483795
2280,2280.jpg,trainval,train,1,malignant,ground_truth,-1.1047364,0.1640681,0.77134347,-0.75427586,-1.7154797,-0.43195355,-1.131985,-1.6321722
2281,2281.jpg,trainval,train,1,malignant,ground_truth,-1.1473421,-0.21820201,0.26347363,-0.51408136,-1.5147945,-0.48952958,-1.1942225,-1.3956783
2282,2282.jpg,trainval,train,1,malignant,ground_truth,1.6234262,-0.70646816,-0.9198079,0.39985374,1.0941136,-0.15430897,1.8638235,0.9692614
2284,2284.jpg,trainval,train,0,benign,ground_truth,-1.0622152,-0.8325429,0.48885006,-0.62688017,-2.228342,-0.070359096,-1.1005536,-2.1051602
2285,2285.jpg,trainval,train,0,benign,ground_truth,-0.9535964,-1.3026794,-0.17151424,-0.63399005,-1.8492699,-0.5554432,-0.95449716,-2.0815108
2286,2286.jpg,trainval,train,0,benign,ground_truth,-0.32507744,-1.6238738,-0.3741099,-0.7080107,-2.6743093,1.7799952,-0.30519688,-3.0274866
2287,2287.jpg,trainval,train,0,benign,ground_truth,-0.67097926,-1.078064,0.057113484,-0.3550808,-1.6262863,-0.2974948,-0.70033187,-1.915965
2289,2289.jpg,trainval,train,0,benign,ground_truth,1.8649721,0.61369526,0.3487049,3.1777613,1.1387103,0.716352,2.5527189,1.0165602
2291,2291.jpg,trainval,train,0,benign,ground_truth,2.597154,-0.6287825,-2.2151716,0.38656583,-0.82354534,0.37849152,3.2057047,-1.0645866
2293,2293.jpg,trainval,train,0,benign,ground_truth,-1.0794704,-0.2906189,0.13391976,-0.5447121,-0.86814207,-0.55250394,-1.1041373,-0.2841566
2294,2294.jpg,trainval,train,0,benign,ground_truth,0.7594768,0.4227642,-0.14820929,2.3351219,1.1387103,1.2853334,0.9730168,1.0165602
2298,2298.jpg,trainval,train,0,benign,ground_truth,-0.62072,-0.2230686,1.7789139,-0.682048,-1.2026174,0.19998072,-0.6207201,-1.4666264
2299,2299.jpg,trainval,train,0,benign,ground_truth,-1.2037519,-0.25853175,0.087740645,-0.23417893,-0.5782634,-0.6561331,-1.2262957,0.73276746
2300,2300.jpg,trainval,train,0,benign,ground_truth,-1.1484574,-0.42604285,0.08867904,-0.52485883,-1.670883,-0.5546107,-1.1827277,-0.89904094
2303,2303.jpg,trainval,train,0,benign,ground_truth,0.85594594,-0.6339697,-0.18832928,0.48596072,1.1387103,-0.55483735,0.8139692,1.0165602
2304,2304.jpg,trainval,train,0,benign,ground_truth,-0.29141247,-0.3666846,0.1881066,1.4344566,1.1387103,-0.36761972,-0.25716153,1.0165602
2305,2305.jpg,trainval,train,0,benign,ground_truth,0.025314037,0.2023228,-0.8206748,1.0554124,1.0049201,-0.29957837,0.013444578,0.87466383
2306,2306.jpg,trainval,train,0,benign,ground_truth,-0.24960606,1.0389801,0.4012731,-0.6196024,1.1387103,-0.5259519,-0.28944165,1.0165602
2307,2307.jpg,trainval,train,0,benign,ground_truth,-0.2021183,0.49805105,-0.7845731,-0.4486324,0.5589529,-0.030201204,-0.03844638,0.70911807
2308,2308.jpg,trainval,train,0,benign,ground_truth,-0.5643173,-1.7492808,-0.11693184,-0.7331584,-3.0310829,2.5487835,-0.50251645,-3.4058769
2309,2309.jpg,trainval,train,0,benign,ground_truth,-0.19699997,2.372339,0.9859845,-0.7858145,1.0049201,0.9311704,-0.14514484,0.87466383
2310,2310.jpg,trainval,train,0,benign,ground_truth,0.6792564,-1.0805873,0.16456117,-0.35253674,-1.358706,0.30931598,0.68245894,-1.561224
2311,2311.jpg,trainval,train,0,benign,ground_truth,0.15310808,-0.36760908,0.99832195,-0.24290878,0.06838901,0.078097776,0.20930843,-0.00036383688
2312,2312.jpg,trainval,train,0,benign,ground_truth,1.0184975,2.0742173,-0.79783756,-0.8491299,0.44746113,0.24205917,1.0830086,0.5199229
2313,2313.jpg,trainval,train,0,benign,ground_truth,0.044037223,2.7798953,0.003445108,-1.4321984,1.0049201,-0.054532632,0.077864416,1.0165602
2314,2314.jpg,trainval,train,0,benign,ground_truth,-0.12259325,-0.5488802,-2.8520446,-0.4924371,-0.9127388,-0.6694757,-0.57008433,-0.56794935
2315,2315.jpg,trainval,train,0,benign,ground_truth,-0.5639056,0.6336213,1.0953431,-0.60295796,-0.26608637,-0.26423487,-0.5537005,0.35437712
2316,2316.jpg,trainval,train,0,benign,ground_truth,0.20185362,0.49017584,-0.28242534,-0.9374626,-0.28838474,-0.14996618,0.29241356,-0.426053
2317,2317.jpg,trainval,train,0,benign,ground_truth,-1.3117143,0.6702752,-0.29691842,0.6293216,0.17988081,-0.69822675,-1.3493005,0.5199229
2318,2318.jpg,trainval,train,0,benign,ground_truth,-1.4004544,-1.4333328,0.89813083,-0.7096437,-2.4513257,-0.73331976,-1.4417101,-2.6254468
2319,2319.jpg,trainval,train,0,benign,ground_truth,-1.3821068,0.889686,1.2602601,0.22219263,0.046090655,-0.68763,-1.4268509,0.35437712
2320,2320.jpg,trainval,train,0,benign,ground_truth,0.027751088,-0.14579098,0.32314637,-0.398525,0.87112993,-0.36946237,0.113643296,0.9219626
2323,2323.jpg,trainval,train,0,benign,ground_truth,0.02574325,-0.48852828,-0.0811688,-0.14167753,1.0941136,-0.4621996,0.06773011,1.0165602
2324,2324.jpg,trainval,train,0,benign,ground_truth,0.71341985,-0.23142174,-0.74470574,1.3154329,-0.020804424,0.524613,0.8182005,-0.2132084
2325,2325.jpg,trainval,train,0,benign,ground_truth,0.38208774,-0.2992244,-0.801564,0.96094143,-0.71205354,2.0214112,0.33366558,-0.9463397
2327,2327.jpg,trainval,train,0,benign,ground_truth,2.4715853,-0.91375494,-2.9799347,-0.28609988,0.64814633,-0.30041155,1.0851858,0.4962735
2328,2328.jpg,trainval,train,0,benign,ground_truth,5.1846805,-1.0634496,-0.48413372,-0.266837,-0.6897552,2.353206,6.3119497,-0.92269033
2329,2329.jpg,trainval,train,0,benign,ground_truth,-0.2117518,0.111914,0.58532614,-0.608676,-0.6897552,-0.37359506,-0.17875119,-0.82809275
2330,2330.jpg,trainval,train,0,benign,ground_truth,0.69829684,0.37414998,-0.10169599,-0.74093515,-1.1357224,0.2487777,0.63762593,-0.9463397
2331,2331.jpg,trainval,train,0,benign,ground_truth,12.546484,-0.44233188,-3.1017427,0.8300397,0.8934283,1.9035461,8.357875,0.75641686
2332,2332.jpg,trainval,train,0,benign,ground_truth,2.2399552,-0.8739046,-1.5029625,-0.15725832,1.1164119,1.6538638,2.360933,0.9929108
2334,2334.jpg,trainval,train,0,benign,ground_truth,-0.79553246,-0.5235318,-0.76864177,0.5307114,0.0014939348,-0.58919865,-0.8193836,-0.18955901
2335,2335.jpg,trainval,train,0,benign,ground_truth,-0.79399097,-0.6963545,-0.41603452,-0.69757557,-1.3810043,-0.5796475,-0.81660324,-1.4666264
2336,2336.jpg,trainval,train,0,benign,ground_truth,-0.83060247,0.93868846,-0.95144606,-0.16912532,-0.0876995,-0.46903804,-0.8604527,0.80371565
2337,2337.jpg,trainval,train,0,benign,ground_truth,2.2625349,0.06962397,-3.1050227,-0.59116495,-0.89044046,-0.5080899,1.2942225,-0.2132084
2339,2339.jpg,trainval,train,0,benign,ground_truth,0.2959909,-0.56075877,0.43116403,-0.2701047,0.17988081,-0.5339346,0.29940227,-0.00036383688
2340,2340.jpg,trainval,train,0,benign,ground_truth,-0.40355238,-1.0690364,-0.64756703,-0.6011611,-1.5147945,-0.2532596,-0.4297178,-1.1355349
2341,2341.jpg,trainval,train,0,benign,ground_truth,0.64732146,-0.97308224,-2.3702528,-0.57578856,-1.358706,-0.4639549,0.59697676,-1.6321722
2342,2342.jpg,trainval,train,0,benign,ground_truth,-1.0681614,-0.81528795,-0.24983135,0.64872,0.3582677,-0.6032567,-1.0852859,0.18883134
2343,2343.jpg,trainval,train,0,benign,ground_truth,1.2529163,0.40047365,-1.3707328,-0.06854053,0.9826217,-0.014743144,1.2434882,0.85101444
2344,2344.jpg,trainval,train,0,benign,ground_truth,-0.078970194,0.020127028,-0.25587898,-0.10051697,0.4028644,-0.23761725,-0.14458038,0.28342894
2346,2346.jpg,trainval,train,0,benign,ground_truth,0.31418115,-0.92589724,-0.76442754,-0.19017561,-0.51136833,-0.29551095,0.27787936,-0.7334951
2348,2348.jpg,trainval,train,0,benign,ground_truth,-0.27810043,-1.1929907,0.028182553,-0.3221307,-0.6897552,0.051939994,-0.3031601,-0.89904094
2349,2349.jpg,trainval,train,0,benign,ground_truth,0.7645428,-1.1471716,-1.8117554,-0.13877086,-0.065401144,0.43328658,0.78836393,-0.2605072
2354,2354.jpg,trainval,train,0,benign,ground_truth,-0.06609972,-0.6364979,-0.8995419,0.15073012,0.023792295,-0.3027338,-0.045628138,-0.16590962
2355,2355.jpg,trainval,train,0,benign,ground_truth,0.45145372,-1.1336178,-0.017352128,-0.47483328,-0.77894866,5.415672,0.428179,-1.0172879
2359,2359.jpg,trainval,train,0,benign,ground_truth,1.325353,0.61063045,0.09444578,0.18683031,0.58125126,1.5401909,1.4810863,0.4489747
2361,2361.jpg,trainval,train,0,benign,ground_truth,4.819505,-0.34566602,-2.2317996,0.6555825,0.87112993,0.39298174,5.127248,0.73276746
2362,2362.jpg,trainval,train,0,benign,ground_truth,1.407886,0.22997554,-0.3720297,3.2815564,1.1387103,1.8265405,1.57582,1.0165602
2363,2363.jpg,trainval,train,0,benign,ground_truth,-0.83142114,0.33801457,-0.69340456,0.1990945,-0.33298147,-0.13597962,-0.78139836,-0.54429996
2364,2364.jpg,trainval,train,0,benign,ground_truth,1.3831575,0.5056472,0.2763067,2.876298,1.1387103,-0.07140707,1.5501921,1.0165602
2367,2367.jpg,trainval,train,0,benign,ground_truth,1.1665025,-1.1318152,-0.17873636,-0.2800636,-0.97963387,0.33861393,1.351242,-1.2301325
2368,2368.jpg,trainval,train,0,benign,ground_truth,0.66738355,1.8675297,-0.14509271,-0.9936168,-0.15459459,3.5174472,0.7663288,-0.2132084
2369,2369.jpg,trainval,train,0,benign,ground_truth,-0.8991906,-0.18464655,0.35337344,-0.38446677,-0.24378802,-0.47045302,-0.89234006,-0.44970238
2370,2370.jpg,trainval,train,0,benign,ground_truth,0.93186575,-0.3905797,-0.6895302,-0.497328,0.023792295,-0.338468,0.9185363,-0.11861082
2371,2371.jpg,trainval,train,0,benign,ground_truth,-0.2339386,-0.87454206,0.84170055,-0.1617445,1.0049201,-0.5488273,-0.048543602,0.87466383
2372,2372.jpg,trainval,train,0,benign,ground_truth,-1.320196,0.080453634,1.3935345,2.555961,0.8488316,-0.7400299,-1.3579597,0.80371565
2373,2373.jpg,trainval,train,0,benign,ground_truth,-0.87760055,-1.1763697,1.6106235,-0.6472588,-1.7154797,-0.56094,-0.8626527,-2.0105627
2376,2376.jpg,trainval,train,0,benign,ground_truth,0.8640338,2.244254,0.5451895,-0.3936915,1.0941136,1.907063,1.2119899,1.0165602
2377,2377.jpg,trainval,train,0,benign,ground_truth,-0.2733647,-1.2111037,-0.20698464,-0.1881981,-0.10999786,1.699946,-0.28876075,-0.307806
2378,2378.jpg,trainval,train,0,benign,ground_truth,-0.85894006,-1.5030025,-0.13950218,-0.6412013,-2.6743093,-0.25121337,-0.8856044,-3.0274866
2379,2379.jpg,trainval,train,0,benign,ground_truth,-0.8939914,-1.3313124,-0.16714361,-0.62321305,-2.652011,-0.34988213,-0.8858565,-2.980188
2380,2380.jpg,trainval,train,0,benign,ground_truth,0.9252494,-0.3045089,-1.0531995,-0.196555,0.20217916,-0.18312794,0.86555105,0.02328556
2381,2381.jpg,trainval,train,0,benign,ground_truth,5.470301,-0.28208873,-1.332853,1.6239406,1.1387103,3.8724713,6.4336815,1.0165602
2383,2383.jpg,trainval,train,0,benign,ground_truth,-0.36214465,-0.4514485,0.8133765,0.6646059,1.1387103,0.019535547,-0.32979524,1.0165602
2385,2385.jpg,trainval,train,0,benign,ground_truth,2.1369283,-0.76134485,1.7842622,-0.28507605,-0.75665027,2.9211705,2.6709032,-0.9936385
2386,2386.jpg,trainval,train,0,benign,ground_truth,0.23215857,-0.19999355,-1.2009816,-0.49972957,-0.5782634,0.12320949,0.06928101,-0.3787542
2388,2388.jpg,trainval,train,0,benign,ground_truth,0.035513226,1.3430997,1.4210867,-1.1482718,-0.37757817,0.21973722,0.062933676,0.73276746
2389,2389.jpg,trainval,train,0,benign,ground_truth,-0.32226232,-1.1550218,-0.5433296,-0.31910807,0.80423486,0.20618804,-0.32850918,0.6618193
2390,2390.jpg,trainval,train,0,benign,ground_truth,-0.5060294,-0.6168774,0.17303574,0.18256177,-1.0242306,-0.28501597,-0.5083835,-1.2774312
2391,2391.jpg,trainval,train,0,benign,ground_truth,2.3283796,-0.22723801,-1.5214417,-0.4130487,0.24677588,-0.022627514,2.369946,0.07058436
2392,2392.jpg,trainval,train,0,benign,ground_truth,2.710367,-0.28561306,-2.316325,0.6713711,1.1387103,-0.35881755,2.167096,1.0165602
2393,2393.jpg,trainval,train,0,benign,ground_truth,-0.99600863,0.5050215,0.24390654,0.32504594,-0.065401144,-0.5412929,-0.98236257,0.82736504
2395,2395.jpg,trainval,train,0,benign,ground_truth,1.890581,-0.63065666,-3.091568,0.5730342,-0.51136833,-0.5848805,0.85921323,-0.7334951
2397,2397.jpg,trainval,train,0,benign,ground_truth,0.8883669,-0.9806632,-1.3451468,-0.011654508,1.0941136,0.0740622,0.8960478,0.9692614
2398,2398.jpg,trainval,train,0,benign,ground_truth,-0.6567998,-0.77860785,1.0386785,-0.86766917,-1.7154797,0.14940178,-0.6692792,-1.9632638
2401,2401.jpg,trainval,train,0,benign,ground_truth,-0.7987982,-0.4569404,1.3952595,-0.5739228,-0.84584373,-0.31653866,-0.73499894,-0.9936385
2402,2402.jpg,trainval,train,0,benign,ground_truth,-0.6413751,-0.5260956,0.3165737,-0.73735493,-1.0019323,-0.44243193,-0.60972095,-1.1828337
2405,2405.jpg,trainval,train,0,benign,ground_truth,0.55721194,-0.8438189,-0.5018912,0.737056,1.0495168,0.9218558,0.5051418,0.9219626
2407,2407.jpg,trainval,train,0,benign,ground_truth,-0.86410606,0.8621824,0.93259865,-0.69054866,-0.73435193,-0.37631777,-0.8397778,-0.024013234
2408,2408.jpg,trainval,train,0,benign,ground_truth,-0.5483623,1.1712402,-0.13061798,0.50275654,0.7373398,-0.41580543,-0.5498705,0.75641686
2410,2410.jpg,trainval,train,0,benign,ground_truth,1.6386677,0.26920208,-0.37784603,1.533811,0.5589529,0.49268496,1.86676,0.4016759
2413,2413.jpg,trainval,train,0,benign,ground_truth,-0.3496021,1.6841514,-0.9855419,-0.88865507,0.24677588,-0.17251049,-0.3365676,0.33072773
2414,2414.jpg,trainval,train,0,benign,ground_truth,1.0118827,0.11258628,-2.6738222,-0.6178543,-0.48906997,-0.22709139,0.6718145,0.07058436
2415,2415.jpg,trainval,train,0,benign,ground_truth,0.50988436,0.24519227,-0.30616713,-1.0555024,1.1387103,-0.07629457,0.524064,1.0165602
2417,2417.jpg,trainval,train,0,benign,ground_truth,-0.48561534,-0.036400355,-1.026125,-0.19443865,-0.5782634,-0.45551392,-0.4730285,-0.7098457
2419,2419.jpg,trainval,train,0,benign,ground_truth,-1.1390738,0.5016572,-0.57344663,-0.48742193,-0.44447324,-0.59663934,-1.1938009,-0.2605072
2420,2420.jpg,trainval,train,0,benign,ground_truth,-0.5205971,0.45091397,1.5488935,-0.5327943,-0.60056174,0.17177165,-0.53471637,-0.56794935
2422,2422.jpg,trainval,train,0,benign,ground_truth,-0.065722495,-0.73413545,-0.18679844,-0.35229427,-1.3364077,-0.3865429,0.0889174,-1.5375746
2423,2423.jpg,trainval,train,0,benign,ground_truth,0.42764905,-0.2926428,-0.32745034,0.905626,0.2913726,0.30599704,0.5835916,0.16518193
2424,2424.jpg,trainval,train,0,benign,ground_truth,-0.20558056,-0.66338223,0.638068,-0.55135345,-0.33298147,0.123881444,-0.09789772,-0.2841566
2425,2425.jpg,trainval,train,0,benign,ground_truth,-0.9414245,-0.9259562,0.1866711,0.24301532,0.75963813,-0.65818185,-0.99206805,0.6145205
2426,2426.jpg,trainval,train,0,benign,ground_truth,1.366994,-1.5287728,0.11619052,-0.59598744,0.046090655,1.7339246,2.0468438,-0.09496143
2427,2427.jpg,trainval,train,0,benign,ground_truth,-1.1835916,-0.6224346,0.21933982,0.7111487,0.49205783,-0.6427512,-1.1515111,0.33072773
2428,2428.jpg,trainval,train,0,benign,ground_truth,0.19313651,0.28835052,-1.1821597,-0.40805227,-0.17689294,0.70345163,0.19164689,-0.2368578
2433,2433.jpg,trainval,train,0,benign,ground_truth,1.7115831,0.16082557,-0.7746434,-0.29912198,1.0718151,0.7829601,1.8370512,0.945612
2435,2435.jpg,trainval,train,0,benign,ground_truth,1.6525447,1.7322345,-0.46002692,-0.40074658,1.1387103,1.6057017,1.8752806,1.0165602
2438,2438.jpg,trainval,train,0,benign,ground_truth,-0.046115573,1.9870439,0.72335774,-0.7970505,0.7819365,0.15418307,-0.00852666,0.73276746
2440,2440.jpg,trainval,train,0,benign,ground_truth,-1.0679224,-1.509971,-0.67236066,-0.7216661,-2.9864862,-0.5284008,-1.1050545,-3.169383
2441,2441.jpg,trainval,train,0,benign,ground_truth,-1.0023153,0.08761176,-0.064252265,1.3947684,1.0049201,-0.650998,-1.0437322,0.9219626
2442,2442.jpg,trainval,train,0,benign,ground_truth,-1.0807496,0.09382614,-0.64302856,0.2728168,0.5143562,-0.5921346,-1.1381857,0.6854687
2443,2443.jpg,trainval,train,0,benign,ground_truth,-0.9441703,0.31630594,-0.30443573,0.18532035,0.44746113,-0.32344756,-0.9659469,0.80371565
2445,2445.jpg,trainval,train,0,benign,ground_truth,0.37065315,2.0469775,-0.51114887,-1.0879642,0.38056603,0.1817756,0.5029892,0.9219626
2447,2447.jpg,trainval,train,0,benign,ground_truth,1.3696957,-1.2407242,-0.16406856,-0.59503865,-1.4701978,11.531106,1.5227253,-1.7504193
2448,2448.jpg,trainval,train,0,benign,ground_truth,-0.21058026,-0.9946039,0.63325864,-0.43900067,-1.4701978,-0.4857042,-0.15379195,-1.679471
2449,2449.jpg,trainval,train,0,benign,ground_truth,0.3582788,-0.21895751,0.5957967,0.61949277,1.1387103,-0.41849214,0.49651843,1.0165602
2450,2450.jpg,trainval,train,0,benign,ground_truth,-0.7270644,-0.6671332,0.25829455,0.21843152,0.0014939348,-0.5669542,-0.7475613,-0.18955901
2451,2451.jpg,trainval,train,0,benign,ground_truth,-0.5694698,1.4164349,0.56445736,2.5890508,1.0941136,-0.054062083,-0.5727317,0.9692614
2452,2452.jpg,trainval,train,0,benign,ground_truth,-1.0666927,0.050780352,-0.43355766,0.5984075,0.33596933,-0.64915276,-1.0976198,0.16518193
2454,2454.jpg,trainval,train,0,benign,ground_truth,0.99870336,-0.3474225,-0.030465174,-0.45126098,-0.6897552,1.2973146,1.1351229,-0.92269033
2457,2457.jpg,trainval,train,0,benign,ground_truth,-0.99751914,0.12357698,0.98125505,2.0134356,0.938025,-0.7187616,-1.0342168,0.80371565
2459,2459.jpg,trainval,train,0,benign,ground_truth,-0.92193407,-0.3379073,-0.45831522,-0.686698,-1.3364077,-0.32198003,-0.9575505,-1.4429771
2460,2460.jpg,trainval,train,0,benign,ground_truth,0.15400644,0.026709108,-0.43538648,-0.47287792,0.938025,-0.42620325,0.16770418,0.87466383
2462,2462.jpg,trainval,train,0,benign,ground_truth,0.9046668,-0.39318028,-0.4356269,-0.739968,-0.9127388,0.48172855,1.0323042,-1.0882361
2463,2463.jpg,trainval,train,0,benign,ground_truth,-1.1821997,-0.5073346,-0.07895752,-0.31997895,-1.2249159,-0.54959404,-1.2281132,-1.32473
2464,2464.jpg,trainval,train,0,benign,ground_truth,-0.9351161,1.0196818,0.9989083,5.0764523,1.1387103,-0.1861176,-0.9683729,1.0165602
2465,2465.jpg,trainval,train,0,benign,ground_truth,1.8843285,-0.2254948,-0.88217187,0.24401465,0.2913726,-0.2084239,1.8529692,0.117883146
2467,2467.jpg,trainval,train,0,benign,ground_truth,1.2312024,-1.0053507,-1.2906699,-0.6544523,-1.0019323,1.4777412,1.4388114,-1.2537819
2468,2468.jpg,trainval,train,0,benign,ground_truth,0.30442673,-1.1898558,1.16825,-0.43246052,-1.5370928,0.8038209,0.49163452,-1.8213674
2469,2469.jpg,trainval,train,0,benign,ground_truth,0.9815549,-0.82971215,-1.4167027,-0.71384525,-1.1134241,2.048362,0.95995855,-1.3720288
2470,2470.jpg,trainval,train,0,benign,ground_truth,-0.9627999,-1.0958705,-0.38783285,-0.6865221,-1.8492699,-0.14698029,-0.9687686,-1.4902759
2471,2471.jpg,trainval,train,0,benign,ground_truth,-0.44193047,0.13778938,0.16126847,-0.3213638,-0.020804424,0.03220892,-0.4263064,0.33072773
2474,2474.jpg,trainval,train,0,benign,ground_truth,-0.55871487,-0.17996883,-0.21067555,-0.80144525,-1.3810043,-0.46487665,-0.5032566,-1.5375746
2476,2476.jpg,trainval,train,0,benign,ground_truth,-0.29335764,1.1795949,0.53560376,-0.9190619,-0.51136833,0.72940904,-0.26316217,0.18883134
2478,2478.jpg,trainval,train,0,benign,ground_truth,-0.26506925,-1.5775982,-0.14305902,-0.7132338,-2.4513257,1.1685424,-0.27515757,-2.7909927
2481,2481.jpg,trainval,train,0,benign,ground_truth,3.4981637,-0.69614524,0.5805448,0.1489548,0.71504146,7.6363335,3.7391822,0.5672217
2483,2483.jpg,trainval,train,0,benign,ground_truth,2.2514884,1.1533741,0.77751666,-0.36072397,1.1387103,1.3829235,2.7308838,1.0165602
2484,2484.jpg,trainval,train,0,benign,ground_truth,0.9570169,-1.0906858,-0.01270043,-0.5171723,-1.5593913,1.338267,1.006284,-1.8450168
2485,2485.jpg,trainval,train,0,benign,ground_truth,1.2845393,-1.0096353,0.25022438,-0.15944128,-0.17689294,0.76644194,1.2489603,-0.3787542
2486,2486.jpg,trainval,train,0,benign,ground_truth,0.24908507,-0.98692703,-1.3892859,-0.21332382,1.0718151,-0.2786364,0.350732,0.945612
2487,2487.jpg,trainval,train,0,benign,ground_truth,-1.3336468,-1.3701715,0.65094846,-0.752271,-2.7412043,-0.6416961,-1.3774903,-2.4362516
2488,2488.jpg,trainval,train,0,benign,ground_truth,-1.0963304,0.8240693,-0.6045055,2.8121006,0.60354966,-0.6913598,-1.0844686,0.87466383
2489,2489.jpg,trainval,train,0,benign,ground_truth,-0.23901993,0.39219275,-0.05022069,-0.6415826,-0.020804424,0.23780325,-0.227863,-0.024013234
2490,2490.jpg,trainval,train,0,benign,ground_truth,0.92412823,-0.38621527,1.8470855,-0.33864084,0.22447753,1.9085121,1.0676917,0.04693496
2495,2495.jpg,trainval,train,0,benign,ground_truth,-1.2016603,0.22296718,0.24499226,-0.005845857,0.023792295,-0.64128274,-1.2362039,0.4489747
2496,2496.jpg,trainval,train,0,benign,ground_truth,0.13033111,-0.545885,0.15827747,0.393083,0.91572666,-0.45008403,0.15019308,0.78006625
2497,2497.jpg,trainval,train,0,benign,ground_truth,-0.82584983,-0.9152405,0.9432913,0.0705872,0.5143562,-0.16121805,-0.8126802,0.35437712
2498,2498.jpg,trainval,train,0,benign,ground_truth,0.9506899,0.2378594,-1.7439733,0.34707093,0.42516276,0.06160892,1.1339985,0.25977954
2499,2499.jpg,trainval,train,0,benign,ground_truth,0.14109766,-0.67045945,1.3335197,-0.121006034,1.1387103,-0.31794962,0.3333734,1.0165602
2500,2500.jpg,trainval,train,0,benign,ground_truth,0.09629279,-0.9493418,0.8984888,-0.60928285,-0.84584373,0.03623144,0.35697904,-1.0882361
2501,2501.jpg,trainval,train,0,benign,ground_truth,-1.3128731,-1.0524513,-0.83592194,-0.15113272,-2.0722535,-0.56889987,-1.3543104,-2.388953
2502,2502.jpg,trainval,train,0,benign,ground_truth,0.13679454,1.8726348,0.39117917,-0.41845226,0.9826217,-0.009463515,0.20116661,1.0165602
2503,2503.jpg,trainval,train,0,benign,ground_truth,2.018668,-0.035144895,-0.60747516,0.7054861,1.1387103,-0.4051686,2.1896176,1.0165602
2504,2504.jpg,trainval,train,0,benign,ground_truth,0.033007767,1.313113,-0.1651779,0.3482486,0.69274306,3.1001506,0.12227376,0.80371565
2507,2507.jpg,trainval,train,0,benign,ground_truth,1.6061006,-0.4305578,0.18066433,-0.117867604,0.53665453,0.23488456,1.762991,0.37802652
2508,2508.jpg,trainval,train,0,benign,ground_truth,-0.56861806,-0.28036183,-0.28426778,-0.60858184,0.11298573,-0.29127645,-0.60723895,0.04693496
2509,2509.jpg,trainval,train,0,benign,ground_truth,2.0430017,-0.6569763,-2.2571266,-0.30064374,-0.82354534,-0.32309398,2.0900152,-1.0645866
2510,2510.jpg,trainval,train,0,benign,ground_truth,0.5307256,-1.2398336,0.20624998,-0.41401312,-0.97963387,1.1879932,0.5818782,-1.2301325
2511,2511.jpg,trainval,train,0,benign,ground_truth,-0.55410284,-0.8010722,-0.15940873,-0.044737156,0.09068737,-0.048085637,-0.5562024,-0.071312025
2513,2513.jpg,trainval,train,0,benign,ground_truth,1.0081886,2.749515,-0.8301431,-1.0034567,0.58125126,1.2632868,0.9633771,0.6145205
2514,2514.jpg,trainval,train,0,benign,ground_truth,-0.14233276,0.09938958,0.4232522,-0.6936776,-0.44447324,0.2675501,-0.1255638,-0.63889754
2515,2515.jpg,trainval,train,0,benign,ground_truth,0.2781146,0.45725998,0.68381613,-0.6007872,0.8934283,-0.30650556,0.3477172,0.85101444
2520,2520.jpg,trainval,train,0,benign,ground_truth,-0.17143887,0.16090846,0.0907794,0.6068703,0.91572666,-0.4270787,-0.08501245,0.78006625
2522,2522.jpg,trainval,train,0,benign,ground_truth,0.7202359,-0.78757435,-0.069359824,-0.0006721728,0.11298573,0.057031658,0.75374097,-0.071312025
2524,2524.jpg,trainval,train,0,benign,ground_truth,-1.2620115,0.7424275,-0.9081733,2.2515194,0.15758245,-0.7053557,-1.3081366,0.80371565
2525,2525.jpg,trainval,train,0,benign,ground_truth,0.06039288,-1.2450052,-1.4010506,-0.5026724,-1.358706,-0.02686066,0.1200928,-1.6321722
2526,2526.jpg,trainval,train,0,benign,ground_truth,-0.061276935,-0.95900375,-1.2325495,-0.0546456,0.42516276,-0.022084216,-0.014844783,0.25977954
2527,2527.jpg,trainval,train,0,benign,ground_truth,0.8477897,-0.8483254,-1.4771775,-0.3047377,1.0049201,-0.2087264,0.48061842,0.87466383
2529,2529.jpg,trainval,train,0,benign,ground_truth,2.7175155,-0.4865458,-1.6274878,-0.08669873,0.938025,-0.36538544,2.1924362,0.80371565
2530,2530.jpg,trainval,train,0,benign,ground_truth,-0.24785365,-0.6128047,-0.8452998,-0.60854745,-0.55596507,-0.3770798,0.12227376,-0.7807939
2532,2532.jpg,trainval,train,0,benign,ground_truth,-0.58597237,0.19693553,-1.3211646,-0.8324398,-0.37757817,-0.5056274,-0.49788448,0.5908711
2533,2533.jpg,trainval,train,0,benign,ground_truth,-1.0093188,0.64173305,-0.07867434,1.3086993,0.69274306,-0.5854554,-1.0147021,0.8983132
2534,2534.jpg,trainval,train,0,benign,ground_truth,-0.92106354,-0.3327892,0.011568628,0.8327221,0.938025,-0.665843,-0.9297316,0.945612
2535,2535.jpg,trainval,train,0,benign,ground_truth,-0.75861657,-0.854674,0.7258443,0.7202034,1.0049201,-0.66821843,-0.76542974,0.87466383
2536,2536.jpg,trainval,train,0,benign,ground_truth,0.97191966,0.172567,0.1492612,0.9850574,-0.043102782,1.4380999,1.0280355,-0.2368578
2537,2537.jpg,trainval,train,0,benign,ground_truth,0.48117822,0.83721405,0.19948374,2.370002,1.1387103,0.10427224,0.83743215,1.0165602
2538,2538.jpg,trainval,train,0,benign,ground_truth,-0.048724726,0.019603703,1.0124137,1.2687752,0.8265332,0.82253456,0.026397202,0.6854687
2539,2539.jpg,trainval,train,0,benign,ground_truth,0.30004105,-0.32524422,-0.58214176,0.2790673,0.9826217,1.3935468,0.34223643,0.9692614
2541,2541.jpg,trainval,train,0,benign,ground_truth,2.392603,-1.0275651,-2.2845938,-0.13079701,1.1387103,-0.2905256,1.9780147,1.0165602
2543,2543.jpg,trainval,train,0,benign,ground_truth,0.22140168,-0.27421495,-0.55370647,0.96727735,0.26907423,-0.24250256,0.23467132,0.09423375
2544,2544.jpg,trainval,train,0,benign,ground_truth,-0.21349677,0.30270973,0.77349806,-0.77982223,-0.86814207,-0.108803645,-0.13741481,-0.9699891
2545,2545.jpg,trainval,train,0,benign,ground_truth,-0.8115175,-0.57451767,1.1285387,-0.37259698,-0.60056174,-0.561173,-0.83106965,-0.16590962
2546,2546.jpg,trainval,train,0,benign,ground_truth,-0.84927434,0.09204836,0.54477435,0.15511447,-0.77894866,-0.106464855,-0.84134954,-0.56794935
2547,2547.jpg,trainval,train,0,benign,ground_truth,1.1418087,0.83932126,-1.7572612,-0.83956426,-0.22148965,1.7149702,1.0342633,-0.2841566
2548,2548.jpg,trainval,train,0,benign,ground_truth,0.43247163,0.30153376,0.9642017,1.5664033,-0.1991913,0.5570659,0.44351703,-0.4024036
2549,2549.jpg,trainval,train,0,benign,ground_truth,-0.043011323,-0.829667,-0.23125918,0.18485488,0.3582677,0.13621034,-0.037751522,0.18883134
2550,2550.jpg,trainval,train,0,benign,ground_truth,0.8077048,0.30790398,-1.065219,-0.8046098,0.11298573,0.1680396,0.77174467,-0.071312025
2551,2551.jpg,trainval,train,0,benign,ground_truth,-0.9425559,2.2560017,0.14995758,-0.04701732,0.58125126,-0.42874274,-0.9823049,0.9692614
2553,2553.jpg,trainval,train,0,benign,ground_truth,-0.6956915,-0.87732583,0.8157313,0.2245169,-0.51136833,-0.32393855,-0.68734205,-0.66254693
2555,2555.jpg,trainval,train,0,benign,ground_truth,3.7504401,-0.86456597,-0.62116814,-0.59051824,0.75963813,2.7443507,4.032641,0.6145205
2560,2560.jpg,trainval,train,0,benign,ground_truth,-0.08119368,1.0331062,-1.539562,-0.61390036,-0.3106831,0.5503197,-0.03755989,-0.071312025
2561,2561.jpg,trainval,train,0,benign,ground_truth,-0.1481445,1.0823787,0.66335475,1.0728143,1.1164119,0.26516226,-0.039285403,0.9929108
2564,2564.jpg,trainval,train,0,benign,ground_truth,-1.0136288,-0.021193285,0.56775033,-0.18322149,-0.44447324,-0.4761062,-1.0318451,-0.18955901
2566,2566.jpg,trainval,train,0,benign,ground_truth,-0.0910528,-0.036706332,1.0718111,-0.858427,0.20217916,0.5424225,0.1331386,0.02328556
2567,2567.jpg,trainval,train,0,benign,ground_truth,-0.7740522,-0.20205408,-0.96624964,-0.72575814,-0.55596507,-0.065689065,-0.760864,-0.00036383688
2569,2569.jpg,trainval,train,0,benign,ground_truth,0.49418855,-0.7799798,-1.9521478,0.22038664,-0.043102782,-0.28511906,0.31660843,-0.2368578
2570,2570.jpg,trainval,train,0,benign,ground_truth,-0.5305214,-1.1044915,1.5578265,-0.2236611,-1.1357224,-0.40449083,-0.47407833,-1.3956783
2572,2572.jpg,trainval,train,0,benign,ground_truth,-0.2670127,2.3821895,0.08656398,-0.3661233,0.44746113,0.10395335,-0.23985997,0.6145205
2573,2573.jpg,trainval,train,0,benign,ground_truth,2.485674,-0.9104486,-2.2329192,-0.6334586,-0.55596507,-0.41152132,1.6124157,-0.7807939
2575,2575.jpg,trainval,train,0,benign,ground_truth,-0.8956139,-0.79632264,0.8222351,-0.36020893,-0.39987653,-0.023482539,-0.92111623,-0.2605072
2578,2578.jpg,trainval,train,0,benign,ground_truth,-0.7683139,0.6680464,-0.75229836,0.95399874,0.7373398,-0.5081173,-0.798978,0.9692614
2579,2579.jpg,trainval,train,0,benign,ground_truth,-0.74509585,-1.2696327,0.659592,-0.57043785,-2.1168501,0.11875172,-0.76238334,-2.388953
2580,2580.jpg,trainval,train,0,benign,ground_truth,0.06950843,-0.2209491,0.2550947,-0.20002152,0.8265332,-0.43196806,0.0866279,0.6854687
2581,2581.jpg,trainval,train,0,benign,ground_truth,-0.58427167,-0.92591584,0.30135995,0.69674474,-0.66745687,-0.35732818,-0.56161344,-0.7571445
2584,2584.jpg,trainval,train,0,benign,ground_truth,-0.09980424,-1.2426779,-0.28730315,-0.5001182,-2.0053585,0.45382935,-0.049991254,-2.3180046
2585,2585.jpg,trainval,train,0,benign,ground_truth,0.2993224,0.2721026,-0.024380935,-0.85231215,0.5589529,-0.40642637,0.3309369,0.4016759
2586,2586.jpg,trainval,train,0,benign,ground_truth,-0.3023888,1.1885011,1.2417936,-0.9385935,0.1352841,0.5539245,-0.2508554,-0.04766263
2587,2587.jpg,trainval,train,0,benign,ground_truth,2.65614,0.45480105,-2.3124626,-0.5459493,0.44746113,0.27984,2.4890015,0.28342894
2588,2588.jpg,trainval,train,0,benign,ground_truth,-0.99567574,-0.74791783,0.48657617,0.43546483,1.1387103,-0.5755761,-1.016645,1.0165602
2590,2590.jpg,trainval,train,0,benign,ground_truth,2.1651218,-1.0894417,-0.48347592,-0.3603137,1.1387103,3.9058535,2.1528683,1.0165602
2591,2591.jpg,trainval,train,0,benign,ground_truth,-0.78775847,-0.6338136,1.4170419,0.059770167,1.0941136,-0.5110171,-0.7819313,0.9692614
2592,2592.jpg,trainval,train,0,benign,ground_truth,1.1834528,-0.4280802,-1.1977509,-0.48961294,0.46975946,0.038833115,1.15925,0.30707833
2593,2593.jpg,trainval,train,0,benign,ground_truth,1.1497988,-0.6079009,-2.3388915,0.3913327,0.53665453,-0.63298666,0.463868,0.37802652
2594,2594.jpg,trainval,train,0,benign,ground_truth,0.9621167,-0.41580197,0.7850857,0.5661079,1.1387103,0.2909061,1.0092506,1.0165602
2595,2595.jpg,trainval,train,0,benign,ground_truth,-1.2200128,-0.60103095,0.16460258,-0.4005779,-1.3810043,-0.66448647,-1.2540381,-1.6085228
2596,2596.jpg,trainval,train,0,benign,ground_truth,0.9158214,-0.57260543,-0.8936918,0.20445868,-0.48906997,0.27872834,0.9567728,-0.7098457
2597,2597.jpg,trainval,train,0,benign,ground_truth,4.1392922,-0.1191643,-0.8961684,-0.5640692,1.0495168,2.60101,4.23657,0.9219626
2598,2598.jpg,trainval,train,0,benign,ground_truth,0.86348057,-0.41535404,0.17683421,-0.1557027,0.7819365,1.1714294,1.1643776,0.6381699
2600,2600.jpg,trainval,train,0,benign,ground_truth,-1.1786884,0.25964415,-0.27975878,0.6866753,0.46975946,-0.6904217,-1.2128164,1.0165602
2601,2601.jpg,trainval,train,0,benign,ground_truth,-0.89824206,-0.19549976,0.31538665,-0.17682138,-0.15459459,-0.5236376,-0.9209576,0.18883134
2603,2603.jpg,trainval,train,0,benign,ground_truth,-0.20495524,-0.22901696,-0.66449296,0.56440747,1.0049201,0.01443886,-0.24909034,1.0165602
2604,2604.jpg,trainval,train,0,benign,ground_truth,2.0275745,-1.32697,-0.3488005,-0.6249284,0.9826217,0.3576918,2.1091223,0.85101444
2605,2605.jpg,trainval,train,0,benign,ground_truth,0.12819794,-0.5261789,-1.7751921,0.6361249,1.0941136,-0.4403939,0.22094904,1.0165602
2606,2606.jpg,trainval,train,0,benign,ground_truth,0.009742125,1.6278449,-0.77709955,-0.6795842,-0.66745687,2.2533934,0.05789766,-0.4024036
2607,2607.jpg,trainval,train,0,benign,ground_truth,-0.8532045,-0.28281945,1.1235003,-0.48189652,-0.89044046,-0.3788805,-0.8583074,-0.307806
2608,2608.jpg,trainval,train,0,benign,ground_truth,-1.0170623,0.3901843,-0.08030372,1.9089595,1.0049201,-0.65281755,-1.0680982,0.87466383
2609,2609.jpg,trainval,train,0,benign,ground_truth,0.044045586,0.25083533,0.6189214,-0.13135569,0.9603234,-0.055073064,0.09264528,0.82736504
2611,2611.jpg,trainval,train,0,benign,ground_truth,0.654164,0.23596354,-0.48537427,-0.77798206,-0.82354534,0.5849461,0.6418283,-0.9463397
2612,2612.jpg,trainval,train,0,benign,ground_truth,-0.6552845,-1.1050528,-0.46020222,-0.32329348,-1.0911257,0.5347817,-0.6216576,-1.3483795
2613,2613.jpg,trainval,train,0,benign,ground_truth,-0.06565102,1.1987475,-1.1802547,-0.42793092,0.8488316,-0.31991717,-0.08790239,0.80371565
2614,2614.jpg,trainval,train,0,benign,ground_truth,0.14247707,0.54076964,-0.19509688,2.5913384,0.625848,0.43984428,0.2330923,0.4726241
2615,2615.jpg,trainval,train,0,benign,ground_truth,0.8446539,-0.026560903,-1.2489446,0.55756223,0.0014939348,0.68130803,0.78149146,-0.18955901
2617,2617.jpg,trainval,train,0,benign,ground_truth,5.2935095,-1.2484374,-0.6954173,-0.4381774,-0.22148965,17.015724,5.804997,-0.426053
2618,2618.jpg,trainval,train,0,benign,ground_truth,-0.45418945,0.71248907,-0.59794366,1.996321,0.69274306,0.23615265,-0.43504345,0.5435723
2619,2619.jpg,trainval,train,0,benign,ground_truth,-0.48445117,-0.8356229,0.66408676,-0.047815435,-1.4478995,-0.1579796,-0.47480062,-1.7267698
2623,2623.jpg,trainval,train,0,benign,ground_truth,-0.9610395,0.08570195,0.7737754,-0.7951175,-0.6897552,-0.35056224,-0.9658906,-0.8044433
2626,2626.jpg,trainval,train,0,benign,ground_truth,-0.3165327,-1.2998064,1.5920483,-0.27043054,-0.82354534,-0.25367552,-0.28765506,-0.9699891
2627,2627.jpg,trainval,train,0,benign,ground_truth,-0.40901956,-0.06094311,-1.1357183,-0.52016234,-0.3106831,-0.41879135,-0.39500475,-0.2605072
2630,2630.jpg,trainval,train,0,benign,ground_truth,-0.8513587,-0.9058522,0.36208037,0.24864314,0.9826217,-0.6070439,-0.8732,0.85101444
2631,2631.jpg,trainval,train,0,benign,ground_truth,-0.0756859,-1.1127776,-0.8030252,-0.58263427,-0.84584373,-0.4785252,-0.10068701,-1.0882361
2632,2632.jpg,trainval,train,0,benign,ground_truth,-0.741956,-0.75156254,1.9244839,-0.53674096,-0.065401144,-0.35548714,-0.73419845,-0.2605072
2633,2633.jpg,trainval,train,0,benign,ground_truth,-1.0617037,0.4928431,0.45082727,0.21799695,0.11298573,-0.46288696,-1.0612583,-0.071312025
2634,2634.jpg,trainval,train,0,benign,ground_truth,1.5287995,-0.92661214,-2.785387,-0.47006464,0.33596933,-0.47335652,0.6387068,0.16518193
2635,2635.jpg,trainval,train,0,benign,ground_truth,-0.85750055,-1.3775305,1.3280661,-0.6024813,-2.0722535,-0.35005784,-0.86968493,-2.341654
2636,2636.jpg,trainval,train,0,benign,ground_truth,0.14711179,-0.7910904,-0.15839635,0.13009998,-0.10999786,-0.37518674,0.24340394,-0.307806
2638,2638.jpg,trainval,train,0,benign,ground_truth,-1.0828772,-0.14745559,-0.8675781,1.3645761,-0.22148965,-0.5507945,-1.1265916,-0.3787542
2639,2639.jpg,trainval,train,0,benign,ground_truth,1.1109393,-0.87433046,-0.28798106,-0.011590485,-0.26608637,0.1726731,1.095975,-0.44970238
2642,2642.jpg,trainval,train,0,benign,ground_truth,-1.2612181,-1.1418375,1.927709,-0.60036486,-1.1357224,-0.61514163,-1.2903095,-0.18955901
2645,2645.jpg,trainval,train,0,benign,ground_truth,-0.3067906,0.32991132,0.7402871,-0.26233083,-0.37757817,-0.10956413,-0.27515757,-0.426053
2646,2646.jpg,trainval,train,0,benign,ground_truth,-0.9880975,1.3175846,1.8297006,-0.95926726,-0.44447324,-0.20371887,-0.9956489,-0.33145538
2647,2647.jpg,trainval,train,0,benign,ground_truth,-1.1206821,0.19439633,1.3208257,-0.61357087,-1.2918109,-0.4490598,-1.1216168,-1.0645866
2649,2649.jpg,trainval,train,0,benign,ground_truth,-0.63209474,0.18506877,0.15012078,-0.4711813,0.22447753,0.14434843,-0.6641007,0.09423375
2650,2650.jpg,trainval,train,0,benign,ground_truth,0.5828992,-0.94531536,-0.62621707,-0.14017797,0.69274306,1.0022212,0.57653916,0.5435723
2651,2651.jpg,trainval,train,0,benign,ground_truth,-0.051397704,-0.8881881,0.37399623,0.07281221,1.0718151,0.7016941,-0.055310536,0.945612
2653,2653.jpg,trainval,train,0,benign,ground_truth,1.0589482,-0.82427496,1.8021038,-0.20822434,-1.0688273,2.4409366,1.1852721,-1.32473
2658,2658.jpg,trainval,train,0,benign,ground_truth,4.047564,1.729273,0.6168884,0.62409884,1.1164119,2.3518646,4.427469,0.9929108
2660,2660.jpg,trainval,train,0,benign,ground_truth,1.6759346,-0.3672247,-1.1468118,-0.046941936,1.1387103,-0.13262774,1.6446303,1.0165602
2661,2661.jpg,trainval,train,0,benign,ground_truth,0.3137055,-0.050754298,0.22899306,-0.47959626,-0.28838474,-0.020621035,0.3252532,-0.307806
2662,2662.jpg,trainval,train,0,benign,ground_truth,-0.28779608,-0.18931305,0.89057475,-0.6713952,-0.95733553,-0.39836645,-0.21715142,-1.0645866
2663,2663.jpg,trainval,train,0,benign,ground_truth,1.6304325,0.25235,-0.7766242,-0.49694613,0.3582677,0.32071498,1.7100669,0.23613013
2664,2664.jpg,trainval,train,0,benign,ground_truth,0.46724468,0.6442902,0.27135977,-0.36365554,0.60354966,0.20543844,0.54352796,0.6381699
2665,2665.jpg,trainval,train,0,benign,ground_truth,3.5323434,-0.40146115,-2.6573648,-0.7035036,-1.425601,0.50071245,1.9148468,-1.6558216
2666,2666.jpg,trainval,train,0,benign,ground_truth,-0.77545863,0.15547574,-0.10210876,1.6962951,0.24677588,0.0081096245,-0.8055274,0.87466383
2667,2667.jpg,trainval,train,0,benign,ground_truth,2.4511268,-0.9553125,-3.0535192,-0.56663847,-1.425601,-0.2518466,1.5051923,-1.4902759
2668,2668.jpg,trainval,train,0,benign,ground_truth,0.45957324,0.23396535,-1.116549,0.27654132,-0.26608637,-0.03202939,0.12956052,-0.47335178
2671,2671.jpg,trainval,train,0,benign,ground_truth,-0.5343089,-0.7161877,0.88447434,0.5127346,-0.020804424,-0.49395093,-0.5618617,-0.18955901
2674,2674.jpg,trainval,train,1,malignant,ground_truth,-0.8671807,-0.029765619,-0.24239288,0.28607276,0.938025,-0.59784305,-0.91270566,1.0165602
2675,2675.jpg,trainval,train,1,malignant,ground_truth,-1.2095026,0.09085103,1.2289643,-0.30786622,0.046090655,-0.60083693,-1.2350914,-0.14226022
2676,2676.jpg,trainval,train,1,malignant,ground_truth,-0.9673066,-1.0544667,0.45429924,-0.4090193,-0.1991913,-0.61852825,-0.95178807,-0.3787542
2677,2677.jpg,trainval,train,1,malignant,ground_truth,-0.4548593,-0.5772468,0.843455,-0.39124864,-0.9127388,-0.26836565,-0.4743081,-0.9699891
2679,2679.jpg,trainval,train,1,malignant,ground_truth,1.7856029,-1.4544791,-0.77037734,-0.73781884,-2.3175354,2.6894774,1.9576675,-2.6490963
2681,2681.jpg,trainval,train,1,malignant,ground_truth,-0.7203309,-1.0104592,1.366423,0.0874372,-0.95733553,-0.24939817,-0.7266073,-1.2064831
2683,2683.jpg,trainval,train,1,malignant,ground_truth,2.4102407,-1.2954404,-1.7150499,-0.3502532,-0.82354534,1.6537678,2.393806,-1.0645866
2684,2684.jpg,trainval,train,1,malignant,ground_truth,-0.7014231,-0.81374484,1.3435043,-0.64887977,-1.4924961,-0.29615307,-0.6527793,-1.7031204
2685,2685.jpg,trainval,train,1,malignant,ground_truth,-0.79220796,-0.8893134,0.07054107,-0.29071793,-0.4667716,-0.61674005,-0.7760432,-0.59159875
2686,2686.jpg,trainval,train,1,malignant,ground_truth,0.09619567,-0.8699348,1.6034476,0.3652706,-0.6897552,0.19553146,0.16131729,-0.92269033
2687,2687.jpg,trainval,train,1,malignant,ground_truth,-1.071704,-1.1688838,0.6127447,-0.62821764,-1.5816896,-0.67225444,-1.0962976,-1.2064831
2688,2688.jpg,trainval,train,1,malignant,ground_truth,-0.9807487,-0.41820082,0.2807175,-0.59087044,-1.1357224,-0.5110631,-0.95627207,-0.63889754
2689,2689.jpg,trainval,train,1,malignant,ground_truth,-0.98501325,-1.4120944,1.5860423,-0.502987,-1.3364077,-0.5595535,-0.97707534,-1.6085228
2691,2691.jpg,trainval,train,1,malignant,ground_truth,-0.6762146,-0.7829911,1.2246736,-0.45649758,0.1352841,-0.34787777,-0.6499978,0.16518193
2692,2692.jpg,trainval,train,1,malignant,ground_truth,-0.96769494,1.1381067,0.37330544,-0.5931608,-0.801247,-0.30458575,-0.9937093,-0.52065057
2693,2693.jpg,trainval,train,1,malignant,ground_truth,-0.4806765,-0.84763217,1.7141266,-0.30238578,-0.60056174,-0.44660962,-0.46792397,-0.82809275
2694,2694.jpg,trainval,train,1,malignant,ground_truth,-0.5138109,-0.23492216,0.20330323,-0.57740474,0.0014939348,-0.35772148,-0.4893739,-0.16590962
2696,2696.jpg,trainval,train,1,malignant,ground_truth,-0.74560785,-0.8662779,0.69683605,-0.4410469,0.9603234,-0.5951485,-0.77392787,0.82736504
2697,2697.jpg,trainval,train,1,malignant,ground_truth,1.4172955,-1.2964385,-0.36607215,-0.46364033,-0.801247,-0.40503275,1.7164581,-1.0409373
2699,2699.jpg,trainval,train,1,malignant,ground_truth,-0.6287897,-0.8699691,1.9225807,0.2972253,0.938025,-0.21368185,-0.58194053,0.80371565
2700,2700.jpg,trainval,train,1,malignant,ground_truth,-0.46723965,0.21626386,0.771646,-0.48522457,-1.2472142,0.7140044,-0.38599405,-0.9699891
2702,2702.jpg,trainval,train,1,malignant,ground_truth,-1.0641277,0.64356947,0.18745062,-0.5507245,-0.66745687,-0.42550755,-1.1041373,-0.63889754
2703,2703.jpg,trainval,train,1,malignant,ground_truth,-1.0594677,0.12369612,1.6519381,-0.3776123,-0.62286013,-0.4536975,-1.0812112,-0.7334951
2704,2704.jpg,trainval,train,1,malignant,ground_truth,-0.86435497,-1.0896609,1.8878484,-0.4311609,-1.4033027,-0.62798005,-0.8622612,-1.679471
2705,2705.jpg,trainval,train,1,malignant,ground_truth,-1.0263503,0.8756215,0.9085325,-0.11749582,0.06838901,-0.3463584,-1.0667106,0.4016759
2708,2708.jpg,trainval,train,1,malignant,ground_truth,-0.6929212,-1.5634624,1.6066285,-0.6051282,-1.4701978,-0.47483668,-0.6744851,-1.7504193
2710,2710.jpg,trainval,train,1,malignant,ground_truth,-0.86740327,-0.30094048,1.2866387,-0.5226815,-0.64515847,-0.03775878,-0.86914176,-0.54429996
2711,2711.jpg,trainval,train,1,malignant,ground_truth,-0.768071,-0.975745,0.6969046,-0.6192501,-0.020804424,-0.5236324,-0.7493151,-0.2132084
2712,2712.jpg,trainval,train,1,malignant,ground_truth,-0.5854573,-0.69929415,-0.683295,-0.45744535,-0.9127388,-0.2915894,-0.6131387,-1.0172879
2714,2714.jpg,trainval,train,1,malignant,ground_truth,-0.90440893,-1.334358,0.7583917,-0.6231523,-1.9384633,-0.6510797,-0.91464204,-2.2470565
2716,2716.jpg,trainval,train,1,malignant,ground_truth,-0.9333632,-1.3684317,0.97964126,-0.4303092,-1.1357224,-0.4386528,-0.9424148,-1.3956783
2717,2717.jpg,trainval,train,1,malignant,ground_truth,0.085208304,-0.8119021,1.0068413,0.19480272,1.1387103,-0.12117165,0.17502153,1.0165602
2718,2718.jpg,trainval,train,1,malignant,ground_truth,-0.69664824,-0.35401917,0.41176236,-0.5220049,-0.95733553,-0.38614205,-0.59469694,-0.7334951
2719,2719.jpg,trainval,train,1,malignant,ground_truth,-0.76983327,0.4427923,0.3146279,1.7038463,0.3582677,-0.4866004,-0.7819313,0.18883134
2720,2720.jpg,trainval,train,1,malignant,ground_truth,1.7503399,-1.1552643,1.5068865,-0.60745066,-0.89044046,1.611669,1.8840979,-1.1355349
2723,2723.jpg,trainval,train,1,malignant,ground_truth,0.7483527,0.3426439,-1.1439801,-0.084591866,0.8488316,-0.17952004,0.6806523,0.70911807
2724,2724.jpg,trainval,train,1,malignant,ground_truth,-0.62993795,-1.28424,0.9057947,-0.5214989,-1.3364077,-0.58046055,-0.5256187,-1.6085228
2725,2725.jpg,trainval,train,1,malignant,ground_truth,-0.8177173,-0.47958913,1.6720113,-0.6944577,-1.8269715,-0.33286765,-0.8119897,-1.8923156
2726,2726.jpg,trainval,train,1,malignant,ground_truth,-0.8326237,-0.9203767,1.2337809,-0.60080475,-1.6262863,-0.49406523,-0.798978,-1.7031204
2727,2727.jpg,trainval,train,1,malignant,ground_truth,-0.5547341,-0.9851606,1.3757141,-0.09705073,-0.6897552,-0.6148667,-0.506762,-0.92269033
2729,2729.jpg,trainval,train,1,malignant,ground_truth,-1.1636682,-1.2590616,0.5132141,-0.36697504,-1.8269715,-0.54521924,-1.1995668,-2.1288095
2730,2730.jpg,trainval,train,1,malignant,ground_truth,0.5202445,-0.1737871,-0.620515,-0.11571212,0.15758245,-0.27050966,0.5784821,0.07058436
2731,2731.jpg,trainval,train,1,malignant,ground_truth,-0.6620783,-1.6082895,0.0099675115,-0.69191855,-2.8303976,0.62734073,-0.7024056,-3.1930325
2733,2733.jpg,trainval,train,1,malignant,ground_truth,-0.9817658,-0.7369253,0.8654585,-0.4259219,-1.5593913,-0.49346778,-0.9839221,-1.1828337
2734,2734.jpg,trainval,train,1,malignant,ground_truth,-1.2027179,-0.35988724,0.5320604,0.036906954,0.2913726,-0.5507645,-1.2349988,0.18883134
2735,2735.jpg,trainval,train,1,malignant,ground_truth,-0.0973097,-0.006951076,-1.7173367,-0.33385414,-0.3106831,-0.40001053,0.03684811,-0.52065057
2736,2736.jpg,trainval,train,1,malignant,ground_truth,-0.4341675,0.3452963,-0.41138402,0.08914351,0.17988081,-0.40540597,-0.390093,0.04693496
2737,2737.jpg,trainval,train,1,malignant,ground_truth,-0.50006473,-1.3229437,0.65738684,-0.54471177,-0.84584373,-0.5294009,-0.47014633,-1.0882361
2739,2739.jpg,trainval,train,1,malignant,ground_truth,-1.1529659,-0.35982344,0.42883912,-0.6693704,-1.6485846,-0.5767184,-1.1625106,-1.0882361
2740,2740.jpg,trainval,train,1,malignant,ground_truth,-1.0397084,-0.08335,0.683938,-0.5244975,-0.3106831,-0.49483803,-1.0785108,0.23613013
2743,2743.jpg,trainval,train,1,malignant,ground_truth,-1.284806,-0.35084587,1.4166297,-0.6218694,-2.0722535,-0.5892069,-1.3060114,-1.9869132
2745,2745.jpg,trainval,train,1,malignant,ground_truth,-0.912485,0.09463157,1.7308596,-0.54418916,-0.5336667,-0.55954957,-0.9044929,-0.09496143
2746,2746.jpg,trainval,train,1,malignant,ground_truth,-0.47453824,-1.0189999,0.9534258,-0.7469484,-1.7377781,-0.3851459,-0.48724765,-2.0342119
2747,2747.jpg,trainval,train,1,malignant,ground_truth,-1.2371422,1.5586709,0.87360805,-0.6561993,-0.33298147,-0.51683855,-1.2523928,-0.14226022
2751,2751.jpg,trainval,train,1,malignant,ground_truth,5.815469,-0.7523454,-1.5734075,0.032760195,0.17988081,0.8560421,6.3368764,-0.00036383688
2752,2752.jpg,trainval,train,1,malignant,ground_truth,-0.54653686,-1.0652959,0.35173106,-0.0634307,0.9826217,-0.542028,-0.50298744,0.85101444
2754,2754.jpg,trainval,train,1,malignant,ground_truth,-0.49413046,-0.17966947,0.026082378,1.244457,0.17988081,-0.5146669,-0.48165157,-0.00036383688
2755,2755.jpg,trainval,train,1,malignant,ground_truth,-0.052476764,1.8405396,0.9702752,0.24636546,1.1387103,-0.026975546,0.09450624,1.0165602
2758,2758.jpg,trainval,train,1,malignant,ground_truth,-0.5555833,0.20632465,0.27892917,-0.5303016,-0.66745687,-0.32695267,-0.51805884,-0.59159875
2759,2759.jpg,trainval,train,1,malignant,ground_truth,0.39165694,-1.2250005,-1.9928325,-0.4845652,-1.4033027,-0.37311244,0.540443,-1.679471
2760,2760.jpg,trainval,train,1,malignant,ground_truth,0.08637577,0.104453884,0.4664438,1.7376314,1.1387103,0.73494047,0.06421854,1.0165602
2762,2762.jpg,trainval,train,1,malignant,ground_truth,-1.143412,-0.6853553,0.08367381,-0.61825675,-2.1614468,-0.42082775,-1.1801021,-2.1288095
2763,2763.jpg,trainval,train,1,malignant,ground_truth,-0.66740245,0.30073297,0.43136322,-0.43355235,0.46975946,-0.14174223,-0.6570437,0.30707833
2764,2764.jpg,trainval,train,1,malignant,ground_truth,0.9946283,0.14115646,0.4448554,-0.21405965,1.1387103,0.2932591,0.9970282,1.0165602
2767,2767.jpg,trainval,train,1,malignant,ground_truth,-0.31987485,0.86111933,1.0592341,0.59052193,0.9603234,0.41435716,-0.31282637,0.82736504
2768,2768.jpg,trainval,train,1,malignant,ground_truth,-0.999749,-1.683451,1.1570514,-0.70344836,-2.9864862,-0.44622734,-1.0381689,-3.3112793
2769,2769.jpg,trainval,train,1,malignant,ground_truth,-0.47736862,0.36602965,0.008705592,0.07236104,0.15758245,-0.33641753,-0.4539017,0.4489747
2772,2772.jpg,trainval,train,1,malignant,ground_truth,-0.14298566,-1.0595597,-0.22505239,-0.47749922,-0.44447324,-0.07254351,-0.07069084,-0.66254693
2773,2773.jpg,trainval,train,1,malignant,ground_truth,-1.0446945,0.23129861,-0.7443044,-0.2803394,-0.4221749,-0.4592199,-1.1158952,-0.071312025
2774,2774.jpg,trainval,train,1,malignant,ground_truth,0.9954585,-1.0362067,0.46805015,-0.36690173,0.0014939348,-0.49373624,1.2262706,-0.18955901
2775,2775.jpg,trainval,train,1,malignant,ground_truth,-1.1131902,-1.4774774,1.2744015,-0.6415161,-2.8080993,-0.5568381,-1.1482042,-3.169383
2776,2776.jpg,trainval,train,1,malignant,ground_truth,-0.13374281,-0.77084327,0.41411966,-0.24660051,0.69274306,-0.4000443,0.008398291,0.73276746
2780,2780.jpg,trainval,train,1,malignant,ground_truth,-0.6509813,-1.0630456,0.8158162,-0.22958174,1.0718151,-0.5147384,-0.64595526,0.945612
2784,2784.jpg,trainval,train,1,malignant,ground_truth,-0.96711916,-0.54492575,0.6521383,-0.4102871,-0.6897552,-0.5648623,-0.97701806,-0.85174215
2786,2786.jpg,trainval,train,1,malignant,ground_truth,0.4846591,0.013074025,-1.4265572,-0.4018156,-0.26608637,-0.40233696,0.32640687,0.85101444
2787,2787.jpg,trainval,train,1,malignant,ground_truth,-0.5220796,-0.44059485,1.0713063,-0.38904032,-0.84584373,-0.23068158,-0.50909364,-0.9936385
2788,2788.jpg,trainval,train,1,malignant,ground_truth,-0.6793505,-1.3393837,1.3071338,-0.5202419,-1.9607617,0.3478292,-0.667236,-2.270706
2789,2789.jpg,trainval,train,1,malignant,ground_truth,3.4348862,-1.2378435,-0.446023,-0.45552257,0.06838901,1.0071154,3.5959773,-0.11861082
2790,2790.jpg,trainval,train,1,malignant,ground_truth,-0.37805772,0.20112142,1.3048791,0.9847739,1.1387103,-0.08926495,-0.32160342,1.0165602
2791,2791.jpg,trainval,train,1,malignant,ground_truth,0.43744183,-1.1498164,0.19059262,-0.17434953,-0.801247,0.68484384,0.52633786,-1.0409373
2794,2794.jpg,trainval,train,1,malignant,ground_truth,-1.1189247,-1.064434,1.5258051,-0.47085312,-1.3364077,-0.5511641,-1.1433222,-1.0172879
2796,2796.jpg,trainval,train,1,malignant,ground_truth,-1.1288512,-1.260559,1.6677883,-0.68452764,-2.228342,-0.55112255,-1.1319107,-2.4126024
2797,2797.jpg,trainval,train,1,malignant,ground_truth,-0.29272893,-0.79820186,0.5221886,0.26198414,0.80423486,0.14334401,-0.21131544,0.6618193
2798,2798.jpg,trainval,train,1,malignant,ground_truth,0.82626003,-0.36320528,-1.6944177,-0.6872505,-0.4221749,-0.34321928,0.7060817,-0.61524814
2799,2799.jpg,trainval,train,1,malignant,ground_truth,-1.1028829,0.40234515,0.96367,3.989036,0.87112993,-0.7188254,-1.1140254,0.73276746
2800,2800.jpg,trainval,train,1,malignant,ground_truth,-1.2127254,-1.496437,1.5036693,-0.49118343,-2.0722535,-0.65070486,-1.2471154,-2.388953
2801,2801.jpg,trainval,train,1,malignant,ground_truth,0.12770651,-1.1460059,1.1218282,-0.40176693,1.1387103,-0.44480947,0.3803297,1.0165602
2802,2802.jpg,trainval,train,1,malignant,ground_truth,-0.55723214,-1.0570532,0.25811785,-0.67861784,-2.1837454,-0.3712488,-0.5514501,-2.341654
2803,2803.jpg,trainval,train,1,malignant,ground_truth,0.91847765,-0.6235674,1.7558566,-0.6116948,0.20217916,-0.06988822,1.2000799,0.02328556
2805,2805.jpg,trainval,train,1,malignant,ground_truth,0.20862606,-1.2267677,0.9157464,-0.36210853,-0.3106831,-0.5690082,0.33543718,-0.52065057
2808,2808.jpg,trainval,train,1,malignant,ground_truth,-0.7964667,-0.22590938,0.3055839,-0.555728,-1.3364077,-0.41863352,-0.8343716,-1.1355349
2809,2809.jpg,trainval,train,1,malignant,ground_truth,0.5913508,-0.4083348,-3.0490274,1.2758301,1.1164119,-0.6245626,0.0010456394,1.0165602
2810,2810.jpg,trainval,train,1,malignant,ground_truth,-1.0902754,-0.5524327,1.3911027,0.83952326,0.023792295,-0.6565366,-1.0942857,-0.16590962
2811,2811.jpg,trainval,train,1,malignant,ground_truth,0.5315109,0.073755525,-1.140849,0.26667303,-0.043102782,-0.37352934,0.40723142,-0.14226022
2812,2812.jpg,trainval,train,1,malignant,ground_truth,-1.291153,-1.1818069,1.5168473,-0.68800807,-2.607414,-0.5177796,-1.3270555,-2.1051602
2813,2813.jpg,trainval,train,1,malignant,ground_truth,-0.015215735,0.0368292,0.4079914,-0.5039319,-0.39987653,1.8763918,0.0709652,-0.44970238
2814,2814.jpg,trainval,train,1,malignant,ground_truth,-1.296849,0.72025245,1.2001286,0.9821594,-0.33298147,-0.50265735,-1.3308765,-0.11861082
2816,2816.jpg,trainval,train,1,malignant,ground_truth,-1.0247198,0.07597607,0.5523266,-0.6756242,-0.801247,-0.3435122,-1.0661829,-0.3551048
2817,2817.jpg,trainval,train,1,malignant,ground_truth,-1.0343018,0.06354282,-0.31431088,0.08799084,-0.82354534,-0.50893354,-1.054238,-0.63889754
2818,2818.jpg,trainval,train,1,malignant,ground_truth,-1.1121122,-0.019999215,0.013370027,0.04409052,-0.1991913,-0.49459013,-1.1453761,-0.14226022
2819,2819.jpg,trainval,train,1,malignant,ground_truth,-0.682456,0.014322299,0.9907419,-0.09918635,0.7819365,-0.5825345,-0.667236,0.80371565
2823,2823.jpg,trainval,train,1,malignant,ground_truth,-0.61856085,-0.62811196,1.3090647,-0.15459353,-0.84584373,-0.46411103,-0.57037026,-1.0882361
2825,2825.jpg,trainval,train,1,malignant,ground_truth,-0.26745006,-1.2440498,-0.9626345,-0.36784247,0.938025,0.48144484,-0.27050364,0.80371565
2826,2826.jpg,trainval,train,1,malignant,ground_truth,-1.0591863,-0.56459165,0.93674505,-0.36041588,-0.73435193,-0.6455484,-1.0935245,-0.85174215
2827,2827.jpg,trainval,train,1,malignant,ground_truth,-0.68286526,-0.7072899,0.7545125,-0.6986556,-1.7377781,-0.46403748,-0.66959393,-1.915965
2828,2828.jpg,trainval,train,1,malignant,ground_truth,-1.1760136,0.12605752,1.2570201,1.30025,0.9603234,-0.7074517,-1.1866937,1.0165602
2829,2829.jpg,trainval,train,1,malignant,ground_truth,-0.25463942,-0.12228435,0.11959149,3.5133724,0.9826217,-0.64331424,-0.29151475,0.85101444
2830,2830.jpg,trainval,train,1,malignant,ground_truth,-0.7252506,-0.48802248,1.5194795,-0.56119967,-1.2026174,-0.38349128,-0.7222736,-1.0172879
2831,2831.jpg,trainval,train,1,malignant,ground_truth,-0.15324594,2.7472813,0.52892196,-0.10760566,0.75963813,0.14643292,-0.12341204,1.0165602
2832,2832.jpg,trainval,train,1,malignant,ground_truth,-1.2145679,-0.8316497,-0.13179454,-0.63631254,-2.1614468,-0.6081919,-1.2587208,-1.6558216
2833,2833.jpg,trainval,train,1,malignant,ground_truth,-1.0577677,-0.93883884,1.0874655,-0.62748784,-1.9384633,-0.4268322,-1.077367,-2.1051602
2834,2834.jpg,trainval,train,1,malignant,ground_truth,-0.91629916,-0.902021,0.9718423,-0.63005614,-1.670883,-0.6000971,-0.94377744,-1.9396144
2837,2837.jpg,trainval,train,1,malignant,ground_truth,-0.91370225,1.0126177,-1.5536158,0.7992262,0.69274306,-0.42684028,-0.8965739,1.0165602
2838,2838.jpg,trainval,train,1,malignant,ground_truth,-0.8472545,-0.19417068,-0.728081,0.08397206,-0.10999786,-0.5902895,-0.8844959,0.33072773
2839,2839.jpg,trainval,train,1,malignant,ground_truth,-1.0043458,-0.6765666,0.51621747,-0.19443241,0.42516276,-0.4150921,-0.9839221,0.28342894
2840,2840.jpg,trainval,train,1,malignant,ground_truth,-0.96520156,-0.4987454,-0.5527935,-0.170964,0.9826217,-0.47809646,-0.9816129,0.85101444
2841,2841.jpg,trainval,train,1,malignant,ground_truth,-0.816615,-0.82121074,0.4199764,-0.068292394,0.31367096,-0.62126184,-0.8379243,0.14153254
2843,2843.jpg,trainval,train,1,malignant,ground_truth,-0.90928566,0.389894,-1.0037589,0.19557422,0.5143562,-0.6389962,-0.9282352,0.6618193
2844,2844.jpg,trainval,train,1,malignant,ground_truth,-0.7099998,-0.2927456,-0.074365266,0.09693685,0.60354966,-0.081594355,-0.70877683,0.8983132
2845,2845.jpg,trainval,train,1,malignant,ground_truth,-0.4594654,0.23919018,0.17964615,-0.33179808,0.46975946,-0.48309615,-0.40886083,0.945612
2847,2847.jpg,trainval,train,1,malignant,ground_truth,5.2361317,-0.4740815,-2.0715828,0.94767714,1.1387103,-0.06528859,5.2671146,1.0165602
2848,2848.jpg,trainval,train,1,malignant,ground_truth,0.054595377,-0.39456192,0.25623694,-0.41607034,-0.3106831,0.079003066,0.11125429,-0.2368578
2849,2849.jpg,trainval,train,1,malignant,ground_truth,0.37843728,-0.6896935,1.1912773,-0.6108974,1.0272185,0.1654851,0.58851683,1.0165602
2852,2852.jpg,trainval,train,1,malignant,ground_truth,-0.9484653,-0.91916853,0.8762858,-0.10546803,-1.0688273,-0.44378883,-0.93569446,-1.32473
2853,2853.jpg,trainval,train,1,malignant,ground_truth,-0.8994185,-1.2615654,0.8465246,-0.6455626,-2.362132,-0.38387385,-0.9404029,-2.6254468
2854,2854.jpg,trainval,train,1,malignant,ground_truth,-0.35960948,0.25051716,0.6070592,2.7629569,0.9603234,-0.6896685,-0.35960767,0.82736504
2855,2855.jpg,trainval,train,1,malignant,ground_truth,0.37490386,-0.014198642,-0.3991917,-0.30143023,0.33596933,0.26229897,0.36619842,0.16518193
2856,2856.jpg,trainval,train,1,malignant,ground_truth,-0.6763639,-1.3781859,1.1537809,-0.3310729,-0.86814207,-0.29254684,-0.61507547,-1.1118854
2862,2862.jpg,trainval,train,1,malignant,ground_truth,-0.72110116,0.34048215,0.85659623,2.1643744,0.91572666,-0.6684689,-0.73457754,0.78006625
2863,2863.jpg,trainval,train,1,malignant,ground_truth,-1.036276,-1.5408661,0.33234134,-0.5286607,-1.8492699,-0.37849158,-1.0766951,-2.152459
2864,2864.jpg,trainval,train,1,malignant,ground_truth,-0.23064166,-0.36485547,0.27687314,-0.42039484,-0.3106831,-0.3856175,-0.14581218,-0.47335178
2865,2865.jpg,trainval,train,1,malignant,ground_truth,1.2948629,-0.09770792,-1.2246478,0.62490124,0.31367096,-0.05142591,1.0914106,0.14153254
2866,2866.jpg,trainval,train,1,malignant,ground_truth,-1.3786001,0.008863778,1.1020433,0.075574875,-1.8492699,-0.56750095,-1.4084389,-1.5848734
2867,2867.jpg,trainval,train,1,malignant,ground_truth,-0.7634314,-1.391108,0.025344832,-0.6234061,-2.540519,0.020822858,-0.7792258,-2.8855903
2868,2868.jpg,trainval,train,1,malignant,ground_truth,-0.7669727,-0.27471572,0.1889181,-0.7200221,-1.358706,-0.36774227,-0.7817536,0.30707833
2870,2870.jpg,trainval,train,1,malignant,ground_truth,-0.8857905,-1.2979491,-1.1203705,-0.6357317,-1.916165,-0.63725215,-0.88787675,-0.9936385
2871,2871.jpg,trainval,train,1,malignant,ground_truth,0.87374926,-0.6454741,-0.59485817,-0.3611248,0.7819365,-0.22641818,1.1496711,0.6381699
2872,2872.jpg,trainval,train,1,malignant,ground_truth,-0.35723338,-0.17322198,0.8237349,-0.5672074,-0.95733553,-0.19460902,-0.3419871,-0.6861963
2873,2873.jpg,trainval,train,1,malignant,ground_truth,-0.53910244,0.37224525,-0.29675004,-0.8906742,-0.84584373,-0.15966323,-0.57973903,-0.85174215
2874,2874.jpg,trainval,train,1,malignant,ground_truth,-1.0650332,0.15326211,0.62262785,1.413707,0.91572666,-0.65019214,-1.1033623,0.8983132
2875,2875.jpg,trainval,train,1,malignant,ground_truth,-1.0203791,0.12849827,0.20512964,3.5360103,0.938025,-0.69989485,-1.053463,0.80371565
2876,2876.jpg,trainval,train,1,malignant,ground_truth,-0.7666904,-1.0355098,-1.0016365,-0.66129667,-1.5816896,-0.5441154,-0.7729161,-1.8686662
