sample_id,official_split,label,split
test/0,test,0,train
test/1,test,0,calibration
test/10,test,0,train
test/100,test,0,validation
test/101,test,0,train
test/102,test,0,validation
test/103,test,0,train
test/104,test,0,train
test/105,test,0,validation
test/106,test,0,validation
test/107,test,0,train
test/108,test,0,train
test/109,test,0,train
test/11,test,0,train
test/110,test,0,train
test/111,test,0,train
test/112,test,0,train
test/113,test,0,train
test/114,test,0,train
test/115,test,0,train
test/116,test,0,train
test/117,test,0,train
test/118,test,0,train
test/119,test,0,train
test/12,test,0,calibration
test/120,test,0,train
test/121,test,0,test
test/122,test,0,train
test/123,test,0,train
test/124,test,0,train
test/125,test,0,train
test/126,test,0,train
test/127,test,0,train
test/128,test,0,calibration
test/129,test,0,train
test/13,test,0,test
test/130,test,0,calibration
test/131,test,0,validation
test/132,test,0,train
test/133,test,0,test
test/134,test,0,validation
test/135,test,0,test
test/136,test,0,train
test/137,test,0,train
test/138,test,0,test
test/139,test,0,train
test/14,test,0,validation
test/140,test,0,train
test/141,test,0,train
test/142,test,0,calibration
test/143,test,0,train
test/144,test,0,train
test/145,test,0,train
test/146,test,0,train
test/147,test,0,train
test/148,test,0,train
test/149,test,0,calibration
test/15,test,0,train
test/150,test,0,test
test/151,test,0,calibration
test/152,test,0,train
test/153,test,0,train
test/154,test,0,train
test/155,test,0,train
test/156,test,0,calibration
test/157,test,0,train
test/158,test,0,train
test/159,test,0,validation
test/16,test,0,train
test/160,test,0,test
test/161,test,0,validation
test/162,test,0,test
test/163,test,0,train
test/164,test,0,train
test/165,test,0,train
test/166,test,0,test
test/167,test,0,train
test/168,test,0,train
test/169,test,0,validation
test/17,test,0,train
test/170,test,0,validation
test/171,test,0,validation
test/172,test,0,train
test/173,test,0,train
test/174,test,0,calibration
test/175,test,0,train
test/176,test,0,train
test/177,test,0,train
test/178,test,0,calibration
test/179,test,0,train
test/18,test,0,train
test/180,test,0,train
test/181,test,0,train
test/182,test,0,train
test/183,test,0,train
test/184,test,0,test
test/185,test,0,train
test/186,test,0,calibration
test/187,test,0,calibration
test/188,test,0,test
test/189,test,0,test
test/19,test,0,train
test/190,test,0,test
test/191,test,0,validation
test/192,test,0,train
test/193,test,0,train
test/194,test,0,train
test/195,test,0,train
test/196,test,0,train
test/197,test,0,train
test/198,test,0,train
test/199,test,0,train
test/2,test,0,train
test/20,test,0,test
test/200,test,0,calibration
test/201,test,0,calibration
test/202,test,0,train
test/203,test,0,train
test/204,test,0,train
test/205,test,0,test
test/206,test,0,calibration
test/207,test,0,test
test/208,test,0,train
test/209,test,0,train
test/21,test,0,calibration
test/210,test,0,train
test/211,test,0,train
test/212,test,0,validation
test/213,test,0,validation
test/214,test,0,validation
test/215,test,0,test
test/216,test,0,calibration
test/217,test,0,validation
test/218,test,0,train
test/219,test,0,train
test/22,test,0,train
test/220,test,0,train
test/221,test,0,test
test/222,test,0,train
test/223,test,0,train
test/224,test,0,train
test/225,test,0,train
test/226,test,0,test
test/227,test,0,train
test/228,test,0,test
test/229,test,0,train
test/23,test,0,train
test/230,test,0,validation
test/231,test,0,train
test/232,test,0,train
test/233,test,0,train
test/234,test,0,train
test/235,test,0,calibration
test/236,test,0,validation
test/237,test,0,train
test/238,test,0,train
test/239,test,0,train
test/24,test,0,train
test/240,test,0,validation
test/241,test,0,test
test/242,test,0,train
test/243,test,0,validation
test/244,test,0,train
test/245,test,0,train
test/246,test,0,train
test/247,test,0,train
test/248,test,0,calibration
test/249,test,0,train
test/25,test,0,train
test/250,test,0,train
test/251,test,0,calibration
test/252,test,0,calibration
test/253,test,0,train
test/254,test,0,validation
test/255,test,0,calibration
test/256,test,0,calibration
test/257,test,0,calibration
test/258,test,0,train
test/259,test,0,calibration
test/26,test,0,train
test/260,test,0,test
test/261,test,0,validation
test/262,test,0,train
test/263,test,0,validation
test/264,test,0,test
test/265,test,0,train
test/266,test,0,train
test/267,test,0,calibration
test/268,test,0,train
test/269,test,0,test
test/27,test,0,test
test/270,test,0,calibration
test/271,test,0,train
test/272,test,0,train
test/273,test,0,calibration
test/274,test,0,train
test/275,test,0,train
test/276,test,0,calibration
test/277,test,0,train
test/278,test,0,train
test/279,test,0,calibration
test/28,test,0,validation
test/280,test,0,train
test/281,test,0,calibration
test/282,test,0,train
test/283,test,0,train
test/284,test,0,train
test/285,test,0,train
test/286,test,0,test
test/287,test,0,train
test/288,test,0,train
test/289,test,0,train
test/29,test,0,train
test/290,test,0,train
test/291,test,0,calibration
test/292,test,0,train
test/293,test,0,validation
test/294,test,0,train
test/295,test,0,test
test/296,test,0,train
test/297,test,0,test
test/298,test,0,train
test/299,test,0,validation
test/3,test,0,train
test/30,test,0,train
test/300,test,0,train
test/301,test,0,train
test/302,test,0,train
test/303,test,0,calibration
test/304,test,0,test
test/305,test,0,train
test/306,test,0,calibration
test/307,test,0,train
test/308,test,0,validation
test/309,test,0,validation
test/31,test,0,train
test/310,test,0,train
test/311,test,0,train
test/312,test,0,calibration
test/313,test,0,test
test/314,test,0,train
test/315,test,0,validation
test/316,test,0,train
test/317,test,0,train
test/318,test,0,train
test/319,test,0,validation
test/32,test,0,validation
test/320,test,0,test
test/321,test,0,train
test/322,test,0,validation
test/323,test,0,train
test/324,test,0,train
test/325,test,0,calibration
test/326,test,0,train
test/327,test,0,train
test/328,test,0,validation
test/329,test,0,train
test/33,test,0,train
test/330,test,0,test
test/331,test,0,calibration
test/332,test,0,train
test/333,test,0,train
test/334,test,0,train
test/335,test,0,validation
test/336,test,0,train
test/337,test,0,calibration
test/338,test,0,train
test/339,test,0,train
test/34,test,0,calibration
test/340,test,0,train
test/341,test,0,train
test/342,test,0,train
test/343,test,0,calibration
test/344,test,0,test
test/345,test,0,test
test/346,test,0,calibration
test/347,test,0,train
test/348,test,0,validation
test/349,test,0,calibration
test/35,test,0,test
test/350,test,0,calibration
test/351,test,0,train
test/352,test,0,train
test/353,test,0,train
test/354,test,0,train
test/355,test,0,train
test/356,test,0,train
test/357,test,0,calibration
test/358,test,0,validation
test/359,test,0,calibration
test/36,test,0,train
test/360,test,0,train
test/361,test,0,train
test/362,test,0,test
test/363,test,0,train
test/364,test,0,train
test/365,test,0,train
test/366,test,0,train
test/367,test,0,train
test/368,test,0,calibration
test/369,test,0,train
test/37,test,0,train
test/370,test,0,train
test/371,test,0,calibration
test/372,test,0,train
test/373,test,0,train
test/374,test,0,train
test/375,test,0,calibration
test/376,test,0,train
test/377,test,0,validation
test/378,test,1,calibration
test/379,test,1,train
test/38,test,0,train
test/380,test,1,train
test/381,test,1,train
test/382,test,1,test
test/383,test,1,calibration
test/384,test,1,train
test/385,test,1,validation
test/386,test,1,train
test/387,test,1,calibration
test/388,test,1,train
test/389,test,1,train
test/39,test,0,train
test/390,test,1,validation
test/391,test,1,train
test/392,test,1,validation
test/393,test,1,validation
test/394,test,1,train
test/395,test,1,train
test/396,test,1,calibration
test/397,test,1,train
test/398,test,1,train
test/399,test,1,test
test/4,test,0,test
test/40,test,0,calibration
test/400,test,1,test
test/401,test,1,train
test/402,test,1,train
test/403,test,1,train
test/404,test,1,train
test/405,test,1,train
test/406,test,1,calibration
test/407,test,1,train
test/408,test,1,train
test/409,test,1,validation
test/41,test,0,calibration
test/410,test,1,test
test/411,test,1,test
test/412,test,1,train
test/413,test,1,train
test/414,test,1,train
test/415,test,1,train
test/416,test,1,test
test/417,test,1,train
test/418,test,1,train
test/419,test,1,train
test/42,test,0,train
test/420,test,1,train
test/421,test,1,train
test/422,test,1,train
test/423,test,1,train
test/424,test,1,calibration
test/425,test,1,validation
test/426,test,1,validation
test/427,test,1,train
test/428,test,1,validation
test/429,test,1,test
test/43,test,0,test
test/430,test,1,test
test/431,test,1,validation
test/432,test,1,test
test/433,test,1,train
test/434,test,1,train
test/435,test,1,calibration
test/436,test,1,train
test/437,test,1,calibration
test/438,test,1,train
test/439,test,1,calibration
test/44,test,0,validation
test/440,test,1,calibration
test/441,test,1,train
test/442,test,1,train
test/443,test,1,test
test/444,test,1,train
test/445,test,1,train
test/446,test,1,calibration
test/447,test,1,calibration
test/448,test,1,train
test/449,test,1,train
test/45,test,0,train
test/450,test,1,train
test/451,test,1,train
test/452,test,1,train
test/453,test,1,test
test/454,test,1,train
test/455,test,1,train
test/456,test,1,train
test/457,test,1,train
test/458,test,1,train
test/459,test,1,train
test/46,test,0,train
test/460,test,1,train
test/461,test,1,train
test/462,test,1,calibration
test/463,test,1,validation
test/464,test,1,train
test/465,test,1,train
test/466,test,1,calibration
test/467,test,1,test
test/468,test,1,train
test/469,test,1,calibration
test/47,test,0,test
test/470,test,1,test
test/471,test,1,test
test/472,test,1,train
test/473,test,1,validation
test/474,test,1,train
test/475,test,1,calibration
test/476,test,1,calibration
test/477,test,1,calibration
test/478,test,1,calibration
test/479,test,1,train
test/48,test,0,calibration
test/480,test,1,calibration
test/481,test,1,train
test/482,test,1,train
test/483,test,1,validation
test/484,test,1,train
test/485,test,1,validation
test/486,test,1,test
test/487,test,1,train
test/488,test,1,train
test/489,test,1,train
test/49,test,0,validation
test/490,test,1,train
test/491,test,1,test
test/492,test,1,train
test/493,test,1,calibration
test/494,test,1,validation
test/495,test,1,calibration
test/496,test,1,train
test/497,test,1,test
test/498,test,1,train
test/499,test,1,calibration
test/5,test,0,train
test/50,test,0,calibration
test/500,test,1,train
test/501,test,1,validation
test/502,test,1,validation
test/503,test,1,test
test/504,test,1,test
test/505,test,1,train
test/506,test,1,validation
test/507,test,1,train
test/508,test,1,train
test/509,test,1,train
test/51,test,0,validation
test/510,test,1,train
test/511,test,1,train
test/512,test,1,train
test/513,test,1,train
test/514,test,1,calibration
test/515,test,1,train
test/516,test,1,train
test/517,test,1,calibration
test/518,test,1,train
test/519,test,1,train
test/52,test,0,test
test/520,test,1,train
test/521,test,1,validation
test/522,test,1,calibration
test/523,test,1,train
test/524,test,1,calibration
test/525,test,1,validation
test/526,test,1,train
test/527,test,1,calibration
test/528,test,1,train
test/529,test,1,train
test/53,test,0,test
test/530,test,1,calibration
test/531,test,1,calibration
test/532,test,1,train
test/533,test,1,train
test/534,test,1,validation
test/535,test,1,validation
test/536,test,1,train
test/537,test,1,train
test/538,test,1,train
test/539,test,1,test
test/54,test,0,test
test/540,test,1,train
test/541,test,1,train
test/542,test,1,train
test/543,test,1,train
test/544,test,1,train
test/545,test,1,test
test/546,test,1,train
test/547,test,1,validation
test/548,test,1,train
test/549,test,1,train
test/55,test,0,train
test/550,test,1,train
test/551,test,1,train
test/552,test,1,calibration
test/553,test,1,train
test/554,test,1,train
test/555,test,1,train
test/556,test,1,validation
test/557,test,1,test
test/558,test,1,test
test/559,test,1,train
test/56,test,0,train
test/560,test,1,test
test/561,test,1,train
test/562,test,1,train
test/563,test,1,validation
test/564,test,1,train
test/565,test,1,validation
test/566,test,1,train
test/567,test,1,validation
test/568,test,1,calibration
test/569,test,1,train
test/57,test,0,train
test/570,test,1,train
test/571,test,1,train
test/572,test,1,validation
test/573,test,1,calibration
test/574,test,1,train
test/575,test,1,train
test/576,test,1,train
test/577,test,1,test
test/578,test,1,calibration
test/579,test,1,train
test/58,test,0,test
test/580,test,1,train
test/581,test,1,train
test/582,test,1,train
test/583,test,1,train
test/584,test,1,train
test/585,test,1,train
test/586,test,1,train
test/587,test,1,train
test/588,test,1,train
test/589,test,1,test
test/59,test,0,train
test/590,test,1,train
test/591,test,1,train
test/592,test,1,test
test/593,test,1,train
test/594,test,1,train
test/595,test,1,train
test/596,test,1,train
test/597,test,1,calibration
test/598,test,1,test
test/599,test,1,validation
test/6,test,0,train
test/60,test,0,train
test/600,test,1,train
test/601,test,1,train
test/602,test,1,calibration
test/603,test,1,test
test/604,test,1,train
test/605,test,1,train
test/606,test,1,train
test/607,test,1,test
test/608,test,1,train
test/609,test,1,train
test/61,test,0,validation
test/610,test,1,train
test/611,test,1,train
test/612,test,1,train
test/613,test,1,validation
test/62,test,0,validation
test/63,test,0,train
test/64,test,0,calibration
test/65,test,0,validation
test/66,test,0,train
test/67,test,0,train
test/68,test,0,train
test/69,test,0,train
test/7,test,0,train
test/70,test,0,calibration
test/71,test,0,calibration
test/72,test,0,train
test/73,test,0,train
test/74,test,0,train
test/75,test,0,train
test/76,test,0,train
test/77,test,0,train
test/78,test,0,train
test/79,test,0,train
test/8,test,0,validation
test/80,test,0,calibration
test/81,test,0,train
test/82,test,0,train
test/83,test,0,train
test/84,test,0,train
test/85,test,0,test
test/86,test,0,train
test/87,test,0,validation
test/88,test,0,test
test/89,test,0,train
test/9,test,0,train
test/90,test,0,train
test/91,test,0,validation
test/92,test,0,train
test/93,test,0,train
test/94,test,0,train
test/95,test,0,test
test/96,test,0,train
test/97,test,0,train
test/98,test,0,calibration
test/99,test,0,test
trainval/0,trainval,0,calibration
trainval/1,trainval,0,validation
trainval/10,trainval,0,test
trainval/100,trainval,0,validation
trainval/1000,trainval,0,train
trainval/1001,trainval,0,test
trainval/1002,trainval,0,train
trainval/1003,trainval,0,validation
trainval/1004,trainval,0,test
trainval/1005,trainval,0,train
trainval/1006,trainval,0,test
trainval/1007,trainval,0,train
trainval/1008,trainval,0,train
trainval/1009,trainval,0,train
trainval/101,trainval,0,train
trainval/1010,trainval,0,test
trainval/1011,trainval,0,train
trainval/1012,trainval,0,train
trainval/1013,trainval,0,validation
trainval/1014,trainval,0,train
trainval/1015,trainval,0,validation
trainval/1016,trainval,0,train
trainval/1017,trainval,0,train
trainval/1018,trainval,0,train
trainval/1019,trainval,0,train
trainval/102,trainval,0,train
trainval/1020,trainval,0,train
trainval/1021,trainval,0,train
trainval/1022,trainval,0,train
trainval/1023,trainval,0,calibration
trainval/1024,trainval,0,train
trainval/1025,trainval,0,train
trainval/1026,trainval,0,validation
trainval/1027,trainval,0,train
trainval/1028,trainval,0,train
trainval/1029,trainval,0,train
trainval/103,trainval,0,train
trainval/1030,trainval,0,train
trainval/1031,trainval,0,train
trainval/1032,trainval,0,train
trainval/1033,trainval,0,test
trainval/1034,trainval,0,train
trainval/1035,trainval,0,train
trainval/1036,trainval,0,calibration
trainval/1037,trainval,0,validation
trainval/1038,trainval,0,train
trainval/1039,trainval,0,train
trainval/104,trainval,0,test
trainval/1040,trainval,0,train
trainval/1041,trainval,0,train
trainval/1042,trainval,0,train
trainval/1043,trainval,0,test
trainval/1044,trainval,0,train
trainval/1045,trainval,0,train
trainval/1046,trainval,0,validation
trainval/1047,trainval,0,train
trainval/1048,trainval,0,test
trainval/1049,trainval,0,validation
trainval/105,trainval,0,train
trainval/1050,trainval,0,train
trainval/1051,trainval,0,train
trainval/1052,trainval,0,train
trainval/1053,trainval,0,train
trainval/1054,trainval,0,test
trainval/1055,trainval,0,calibration
trainval/1056,trainval,0,train
trainval/1057,trainval,0,train
trainval/1058,trainval,0,train
trainval/1059,trainval,0,train
trainval/106,trainval,0,calibration
trainval/1060,trainval,0,train
trainval/1061,trainval,0,calibration
trainval/1062,trainval,0,train
trainval/1063,trainval,0,train
trainval/1064,trainval,0,train
trainval/1065,trainval,0,test
trainval/1066,trainval,0,train
trainval/1067,trainval,0,train
trainval/1068,trainval,0,train
trainval/1069,trainval,0,calibration
trainval/107,trainval,0,calibration
trainval/1070,trainval,0,train
trainval/1071,trainval,0,train
trainval/1072,trainval,0,test
trainval/1073,trainval,0,train
trainval/1074,trainval,0,train
trainval/1075,trainval,0,calibration
trainval/1076,trainval,0,train
trainval/1077,trainval,0,train
trainval/1078,trainval,0,train
trainval/1079,trainval,0,validation
trainval/108,trainval,0,validation
trainval/1080,trainval,0,train
trainval/1081,trainval,0,train
trainval/1082,trainval,0,test
trainval/1083,trainval,0,calibration
trainval/1084,trainval,0,train
trainval/1085,trainval,0,train
trainval/1086,trainval,0,train
trainval/1087,trainval,0,validation
trainval/1088,trainval,0,train
trainval/1089,trainval,0,train
trainval/109,trainval,0,test
trainval/1090,trainval,0,calibration
trainval/1091,trainval,0,train
trainval/1092,trainval,0,train
trainval/1093,trainval,0,train
trainval/1094,trainval,0,train
trainval/1095,trainval,0,train
trainval/1096,trainval,0,calibration
trainval/1097,trainval,0,train
trainval/1098,trainval,0,train
trainval/1099,trainval,0,train
trainval/11,trainval,0,calibration
trainval/110,trainval,0,train
trainval/1100,trainval,0,train
trainval/1101,trainval,0,train
trainval/1102,trainval,0,train
trainval/1103,trainval,0,validation
trainval/1104,trainval,0,train
trainval/1105,trainval,0,train
trainval/1106,trainval,0,test
trainval/1107,trainval,0,validation
trainval/1108,trainval,0,train
trainval/1109,trainval,0,test
trainval/111,trainval,0,train
trainval/1110,trainval,0,train
trainval/1111,trainval,0,train
trainval/1112,trainval,0,train
trainval/1113,trainval,0,train
trainval/1114,trainval,0,train
trainval/1115,trainval,0,train
trainval/1116,trainval,0,calibration
trainval/1117,trainval,0,test
trainval/1118,trainval,0,calibration
trainval/1119,trainval,0,calibration
trainval/112,trainval,0,train
trainval/1120,trainval,0,calibration
trainval/1121,trainval,0,train
trainval/1122,trainval,0,train
trainval/1123,trainval,0,train
trainval/1124,trainval,0,train
trainval/1125,trainval,0,validation
trainval/1126,trainval,0,test
trainval/1127,trainval,0,train
trainval/1128,trainval,0,train
trainval/1129,trainval,0,test
trainval/113,trainval,0,validation
trainval/1130,trainval,0,train
trainval/1131,trainval,0,train
trainval/1132,trainval,0,test
trainval/1133,trainval,0,train
trainval/1134,trainval,0,test
trainval/1135,trainval,0,train
trainval/1136,trainval,0,train
trainval/1137,trainval,0,calibration
trainval/1138,trainval,0,train
trainval/1139,trainval,0,train
trainval/114,trainval,0,calibration
trainval/1140,trainval,0,validation
trainval/1141,trainval,0,calibration
trainval/1142,trainval,0,train
trainval/1143,trainval,0,test
trainval/1144,trainval,0,validation
trainval/1145,trainval,0,train
trainval/1146,trainval,0,train
trainval/1147,trainval,0,train
trainval/1148,trainval,0,train
trainval/1149,trainval,0,train
trainval/115,trainval,0,train
trainval/1150,trainval,0,calibration
trainval/1151,trainval,0,calibration
trainval/1152,trainval,0,train
trainval/1153,trainval,0,train
trainval/1154,trainval,0,train
trainval/1155,trainval,0,train
trainval/1156,trainval,0,train
trainval/1157,trainval,0,calibration
trainval/1158,trainval,0,train
trainval/1159,trainval,0,calibration
trainval/116,trainval,0,calibration
trainval/1160,trainval,0,test
trainval/1161,trainval,0,calibration
trainval/1162,trainval,0,train
trainval/1163,trainval,0,test
trainval/1164,trainval,0,train
trainval/1165,trainval,0,train
trainval/1166,trainval,0,validation
trainval/1167,trainval,0,train
trainval/1168,trainval,0,train
trainval/1169,trainval,0,validation
trainval/117,trainval,0,test
trainval/1170,trainval,0,test
trainval/1171,trainval,0,train
trainval/1172,trainval,0,validation
trainval/1173,trainval,0,calibration
trainval/1174,trainval,0,validation
trainval/1175,trainval,0,validation
trainval/1176,trainval,0,calibration
trainval/1177,trainval,0,test
trainval/1178,trainval,0,calibration
trainval/1179,trainval,0,validation
trainval/118,trainval,0,calibration
trainval/1180,trainval,0,train
trainval/1181,trainval,0,calibration
trainval/1182,trainval,0,validation
trainval/1183,trainval,0,train
trainval/1184,trainval,0,validation
trainval/1185,trainval,0,train
trainval/1186,trainval,0,calibration
trainval/1187,trainval,0,train
trainval/1188,trainval,0,test
trainval/1189,trainval,0,calibration
trainval/119,trainval,0,validation
trainval/1190,trainval,0,train
trainval/1191,trainval,0,train
trainval/1192,trainval,0,train
trainval/1193,trainval,0,train
trainval/1194,trainval,0,calibration
trainval/1195,trainval,0,calibration
trainval/1196,trainval,0,train
trainval/1197,trainval,0,train
trainval/1198,trainval,0,calibration
trainval/1199,trainval,0,train
trainval/12,trainval,0,train
trainval/120,trainval,0,calibration
trainval/1200,trainval,0,train
trainval/1201,trainval,0,validation
trainval/1202,trainval,0,calibration
trainval/1203,trainval,0,calibration
trainval/1204,trainval,0,train
trainval/1205,trainval,0,train
trainval/1206,trainval,0,train
trainval/1207,trainval,0,validation
trainval/1208,trainval,0,train
trainval/1209,trainval,0,calibration
trainval/121,trainval,0,train
trainval/1210,trainval,0,test
trainval/1211,trainval,0,train
trainval/1212,trainval,0,test
trainval/1213,trainval,0,test
trainval/1214,trainval,0,train
trainval/1215,trainval,0,train
trainval/1216,trainval,0,train
trainval/1217,trainval,0,train
trainval/1218,trainval,0,train
trainval/1219,trainval,0,train
trainval/122,trainval,0,train
trainval/1220,trainval,0,validation
trainval/1221,trainval,0,calibration
trainval/1222,trainval,0,validation
trainval/1223,trainval,0,validation
trainval/1224,trainval,0,train
trainval/1225,trainval,0,test
trainval/1226,trainval,0,train
trainval/1227,trainval,0,train
trainval/1228,trainval,0,train
trainval/1229,trainval,0,train
trainval/123,trainval,0,train
trainval/1230,trainval,0,train
trainval/1231,trainval,0,train
trainval/1232,trainval,0,validation
trainval/1233,trainval,0,train
trainval/1234,trainval,0,validation
trainval/1235,trainval,0,validation
trainval/1236,trainval,0,train
trainval/1237,trainval,0,calibration
trainval/1238,trainval,0,train
trainval/1239,trainval,0,calibration
trainval/124,trainval,0,validation
trainval/1240,trainval,0,train
trainval/1241,trainval,0,train
trainval/1242,trainval,0,train
trainval/1243,trainval,0,calibration
trainval/1244,trainval,0,calibration
trainval/1245,trainval,0,train
trainval/1246,trainval,0,calibration
trainval/1247,trainval,0,train
trainval/1248,trainval,0,train
trainval/1249,trainval,0,train
trainval/125,trainval,0,train
trainval/1250,trainval,0,calibration
trainval/1251,trainval,0,train
trainval/1252,trainval,0,calibration
trainval/1253,trainval,0,train
trainval/1254,trainval,0,train
trainval/1255,trainval,0,validation
trainval/1256,trainval,0,validation
trainval/1257,trainval,0,calibration
trainval/1258,trainval,0,validation
trainval/1259,trainval,0,validation
trainval/126,trainval,0,test
trainval/1260,trainval,0,train
trainval/1261,trainval,0,validation
trainval/1262,trainval,0,train
trainval/1263,trainval,0,validation
trainval/1264,trainval,0,calibration
trainval/1265,trainval,0,train
trainval/1266,trainval,0,train
trainval/1267,trainval,0,train
trainval/1268,trainval,0,train
trainval/1269,trainval,0,train
trainval/127,trainval,0,train
trainval/1270,trainval,0,train
trainval/1271,trainval,0,train
trainval/1272,trainval,0,train
trainval/1273,trainval,0,validation
trainval/1274,trainval,0,test
trainval/1275,trainval,0,calibration
trainval/1276,trainval,0,train
trainval/1277,trainval,0,train
trainval/1278,trainval,0,validation
trainval/1279,trainval,0,validation
trainval/128,trainval,0,test
trainval/1280,trainval,0,train
trainval/1281,trainval,0,validation
trainval/1282,trainval,0,validation
trainval/1283,trainval,0,validation
trainval/1284,trainval,0,train
trainval/1285,trainval,0,test
trainval/1286,trainval,0,train
trainval/1287,trainval,0,train
trainval/1288,trainval,0,train
trainval/1289,trainval,0,train
trainval/129,trainval,0,train
trainval/1290,trainval,0,calibration
trainval/1291,trainval,0,train
trainval/1292,trainval,0,train
trainval/1293,trainval,0,test
trainval/1294,trainval,0,train
trainval/1295,trainval,0,calibration
trainval/1296,trainval,0,train
trainval/1297,trainval,0,validation
trainval/1298,trainval,0,test
trainval/1299,trainval,0,train
trainval/13,trainval,0,train
trainval/130,trainval,0,test
trainval/1300,trainval,0,validation
trainval/1301,trainval,0,train
trainval/1302,trainval,0,train
trainval/1303,trainval,0,test
trainval/1304,trainval,0,calibration
trainval/1305,trainval,0,calibration
trainval/1306,trainval,0,train
trainval/1307,trainval,0,train
trainval/1308,trainval,0,train
trainval/1309,trainval,0,train
trainval/131,trainval,0,test
trainval/1310,trainval,0,validation
trainval/1311,trainval,0,train
trainval/1312,trainval,0,train
trainval/1313,trainval,0,calibration
trainval/1314,trainval,0,train
trainval/1315,trainval,0,train
trainval/1316,trainval,0,train
trainval/1317,trainval,0,train
trainval/1318,trainval,0,calibration
trainval/1319,trainval,0,validation
trainval/132,trainval,0,train
trainval/1320,trainval,0,train
trainval/1321,trainval,0,calibration
trainval/1322,trainval,0,test
trainval/1323,trainval,0,train
trainval/1324,trainval,0,calibration
trainval/1325,trainval,0,train
trainval/1326,trainval,0,train
trainval/1327,trainval,0,train
trainval/1328,trainval,0,calibration
trainval/1329,trainval,0,test
trainval/133,trainval,0,train
trainval/1330,trainval,0,train
trainval/1331,trainval,0,validation
trainval/1332,trainval,0,train
trainval/1333,trainval,0,train
trainval/1334,trainval,0,test
trainval/1335,trainval,0,train
trainval/1336,trainval,0,train
trainval/1337,trainval,0,train
trainval/1338,trainval,0,train
trainval/1339,trainval,0,calibration
trainval/134,trainval,0,train
trainval/1340,trainval,0,train
trainval/1341,trainval,0,calibration
trainval/1342,trainval,0,validation
trainval/1343,trainval,0,calibration
trainval/1344,trainval,0,test
trainval/1345,trainval,0,train
trainval/1346,trainval,0,train
trainval/1347,trainval,0,train
trainval/1348,trainval,0,train
trainval/1349,trainval,0,train
trainval/135,trainval,0,train
trainval/1350,trainval,0,train
trainval/1351,trainval,0,test
trainval/1352,trainval,0,validation
trainval/1353,trainval,0,train
trainval/1354,trainval,0,train
trainval/1355,trainval,0,train
trainval/1356,trainval,0,train
trainval/1357,trainval,0,train
trainval/1358,trainval,0,train
trainval/1359,trainval,0,train
trainval/136,trainval,0,train
trainval/1360,trainval,0,train
trainval/1361,trainval,0,test
trainval/1362,trainval,0,train
trainval/1363,trainval,0,test
trainval/1364,trainval,0,test
trainval/1365,trainval,0,train
trainval/1366,trainval,0,train
trainval/1367,trainval,0,validation
trainval/1368,trainval,0,test
trainval/1369,trainval,0,train
trainval/137,trainval,0,calibration
trainval/1370,trainval,0,test
trainval/1371,trainval,0,train
trainval/1372,trainval,0,calibration
trainval/1373,trainval,0,train
trainval/1374,trainval,0,calibration
trainval/1375,trainval,0,train
trainval/1376,trainval,0,train
trainval/1377,trainval,0,train
trainval/1378,trainval,0,train
trainval/1379,trainval,0,train
trainval/138,trainval,0,validation
trainval/1380,trainval,0,validation
trainval/1381,trainval,0,calibration
trainval/1382,trainval,0,train
trainval/1383,trainval,0,calibration
trainval/1384,trainval,0,calibration
trainval/1385,trainval,0,train
trainval/1386,trainval,0,validation
trainval/1387,trainval,0,train
trainval/1388,trainval,0,train
trainval/1389,trainval,0,test
trainval/139,trainval,0,validation
trainval/1390,trainval,0,train
trainval/1391,trainval,0,train
trainval/1392,trainval,0,train
trainval/1393,trainval,0,train
trainval/1394,trainval,1,train
trainval/1395,trainval,1,train
trainval/1396,trainval,1,calibration
trainval/1397,trainval,1,calibration
trainval/1398,trainval,1,train
trainval/1399,trainval,1,validation
trainval/14,trainval,0,validation
trainval/140,trainval,0,train
trainval/1400,trainval,1,train
trainval/1401,trainval,1,train
trainval/1402,trainval,1,train
trainval/1403,trainval,1,test
trainval/1404,trainval,1,train
trainval/1405,trainval,1,validation
trainval/1406,trainval,1,train
trainval/1407,trainval,1,train
trainval/1408,trainval,1,train
trainval/1409,trainval,1,calibration
trainval/141,trainval,0,test
trainval/1410,trainval,1,train
trainval/1411,trainval,1,test
trainval/1412,trainval,1,train
trainval/1413,trainval,1,validation
trainval/1414,trainval,1,train
trainval/1415,trainval,1,train
trainval/1416,trainval,1,train
trainval/1417,trainval,1,calibration
trainval/1418,trainval,1,train
trainval/1419,trainval,1,train
trainval/142,trainval,0,train
trainval/1420,trainval,1,train
trainval/1421,trainval,1,train
trainval/1422,trainval,1,calibration
trainval/1423,trainval,1,train
trainval/1424,trainval,1,train
trainval/1425,trainval,1,calibration
trainval/1426,trainval,1,train
trainval/1427,trainval,1,calibration
trainval/1428,trainval,1,train
trainval/1429,trainval,1,validation
trainval/143,trainval,0,validation
trainval/1430,trainval,1,train
trainval/1431,trainval,1,train
trainval/1432,trainval,1,test
trainval/1433,trainval,1,calibration
trainval/1434,trainval,1,test
trainval/1435,trainval,1,train
trainval/1436,trainval,1,calibration
trainval/1437,trainval,1,train
trainval/1438,trainval,1,calibration
trainval/1439,trainval,1,train
trainval/144,trainval,0,validation
trainval/1440,trainval,1,validation
trainval/1441,trainval,1,train
trainval/1442,trainval,1,train
trainval/1443,trainval,1,train
trainval/1444,trainval,1,validation
trainval/1445,trainval,1,train
trainval/1446,trainval,1,train
trainval/1447,trainval,1,test
trainval/1448,trainval,1,calibration
trainval/1449,trainval,1,validation
trainval/145,trainval,0,train
trainval/1450,trainval,1,train
trainval/1451,trainval,1,train
trainval/1452,trainval,1,calibration
trainval/1453,trainval,1,calibration
trainval/1454,trainval,1,train
trainval/1455,trainval,1,calibration
trainval/1456,trainval,1,validation
trainval/1457,trainval,1,train
trainval/1458,trainval,1,validation
trainval/1459,trainval,1,train
trainval/146,trainval,0,train
trainval/1460,trainval,1,test
trainval/1461,trainval,1,train
trainval/1462,trainval,1,validation
trainval/1463,trainval,1,train
trainval/1464,trainval,1,train
trainval/1465,trainval,1,train
trainval/1466,trainval,1,calibration
trainval/1467,trainval,1,test
trainval/1468,trainval,1,calibration
trainval/1469,trainval,1,calibration
trainval/147,trainval,0,test
trainval/1470,trainval,1,calibration
trainval/1471,trainval,1,train
trainval/1472,trainval,1,train
trainval/1473,trainval,1,train
trainval/1474,trainval,1,calibration
trainval/1475,trainval,1,train
trainval/1476,trainval,1,test
trainval/1477,trainval,1,calibration
trainval/1478,trainval,1,train
trainval/1479,trainval,1,calibration
trainval/148,trainval,0,train
trainval/1480,trainval,1,train
trainval/1481,trainval,1,validation
trainval/1482,trainval,1,train
trainval/1483,trainval,1,train
trainval/1484,trainval,1,calibration
trainval/1485,trainval,1,test
trainval/1486,trainval,1,validation
trainval/1487,trainval,1,validation
trainval/1488,trainval,1,train
trainval/1489,trainval,1,test
trainval/149,trainval,0,train
trainval/1490,trainval,1,calibration
trainval/1491,trainval,1,validation
trainval/1492,trainval,1,calibration
trainval/1493,trainval,1,validation
trainval/1494,trainval,1,train
trainval/1495,trainval,1,test
trainval/1496,trainval,1,train
trainval/1497,trainval,1,train
trainval/1498,trainval,1,train
trainval/1499,trainval,1,calibration
trainval/15,trainval,0,test
trainval/150,trainval,0,train
trainval/1500,trainval,1,train
trainval/1501,trainval,1,test
trainval/1502,trainval,1,train
trainval/1503,trainval,1,train
trainval/1504,trainval,1,train
trainval/1505,trainval,1,train
trainval/1506,trainval,1,train
trainval/1507,trainval,1,train
trainval/1508,trainval,1,train
trainval/1509,trainval,1,train
trainval/151,trainval,0,train
trainval/1510,trainval,1,calibration
trainval/1511,trainval,1,train
trainval/1512,trainval,1,train
trainval/1513,trainval,1,train
trainval/1514,trainval,1,test
trainval/1515,trainval,1,train
trainval/1516,trainval,1,train
trainval/1517,trainval,1,test
trainval/1518,trainval,1,train
trainval/1519,trainval,1,train
trainval/152,trainval,0,train
trainval/1520,trainval,1,train
trainval/1521,trainval,1,validation
trainval/1522,trainval,1,train
trainval/1523,trainval,1,train
trainval/1524,trainval,1,train
trainval/1525,trainval,1,train
trainval/1526,trainval,1,validation
trainval/1527,trainval,1,calibration
trainval/1528,trainval,1,calibration
trainval/1529,trainval,1,train
trainval/153,trainval,0,train
trainval/1530,trainval,1,train
trainval/1531,trainval,1,train
trainval/1532,trainval,1,train
trainval/1533,trainval,1,train
trainval/1534,trainval,1,train
trainval/1535,trainval,1,train
trainval/1536,trainval,1,train
trainval/1537,trainval,1,train
trainval/1538,trainval,1,train
trainval/1539,trainval,1,validation
trainval/154,trainval,0,validation
trainval/1540,trainval,1,train
trainval/1541,trainval,1,train
trainval/1542,trainval,1,train
trainval/1543,trainval,1,calibration
trainval/1544,trainval,1,validation
trainval/1545,trainval,1,train
trainval/1546,trainval,1,train
trainval/1547,trainval,1,train
trainval/1548,trainval,1,train
trainval/1549,trainval,1,calibration
trainval/155,trainval,0,validation
trainval/1550,trainval,1,validation
trainval/1551,trainval,1,train
trainval/1552,trainval,1,train
trainval/1553,trainval,1,train
trainval/1554,trainval,1,validation
trainval/1555,trainval,1,calibration
trainval/1556,trainval,1,train
trainval/1557,trainval,1,calibration
trainval/1558,trainval,1,train
trainval/1559,trainval,1,train
trainval/156,trainval,0,validation
trainval/1560,trainval,1,train
trainval/1561,trainval,1,train
trainval/1562,trainval,1,train
trainval/1563,trainval,1,test
trainval/1564,trainval,1,train
trainval/1565,trainval,1,train
trainval/1566,trainval,1,test
trainval/1567,trainval,1,train
trainval/1568,trainval,1,train
trainval/1569,trainval,1,train
trainval/157,trainval,0,train
trainval/1570,trainval,1,train
trainval/1571,trainval,1,train
trainval/1572,trainval,1,train
trainval/1573,trainval,1,test
trainval/1574,trainval,1,train
trainval/1575,trainval,1,train
trainval/1576,trainval,1,test
trainval/1577,trainval,1,train
trainval/1578,trainval,1,train
trainval/1579,trainval,1,train
trainval/158,trainval,0,train
trainval/1580,trainval,1,train
trainval/1581,trainval,1,train
trainval/1582,trainval,1,train
trainval/1583,trainval,1,calibration
trainval/1584,trainval,1,test
trainval/1585,trainval,1,train
trainval/1586,trainval,1,validation
trainval/1587,trainval,1,train
trainval/1588,trainval,1,train
trainval/1589,trainval,1,train
trainval/159,trainval,0,train
trainval/1590,trainval,1,train
trainval/1591,trainval,1,train
trainval/1592,trainval,1,train
trainval/1593,trainval,1,train
trainval/1594,trainval,1,test
trainval/1595,trainval,1,calibration
trainval/1596,trainval,1,validation
trainval/1597,trainval,1,validation
trainval/1598,trainval,1,train
trainval/1599,trainval,1,train
trainval/16,trainval,0,train
trainval/160,trainval,0,validation
trainval/1600,trainval,1,train
trainval/1601,trainval,1,train
trainval/1602,trainval,1,train
trainval/1603,trainval,1,train
trainval/1604,trainval,1,validation
trainval/1605,trainval,1,calibration
trainval/1606,trainval,1,train
trainval/1607,trainval,1,calibration
trainval/1608,trainval,1,train
trainval/1609,trainval,1,train
trainval/161,trainval,0,train
trainval/1610,trainval,1,train
trainval/1611,trainval,1,train
trainval/1612,trainval,1,train
trainval/1613,trainval,1,validation
trainval/1614,trainval,1,train
trainval/1615,trainval,1,calibration
trainval/1616,trainval,1,train
trainval/1617,trainval,1,train
trainval/1618,trainval,1,train
trainval/1619,trainval,1,train
trainval/162,trainval,0,train
trainval/1620,trainval,1,train
trainval/1621,trainval,1,train
trainval/1622,trainval,1,train
trainval/1623,trainval,0,calibration
trainval/1624,trainval,0,validation
trainval/1625,trainval,0,train
trainval/1626,trainval,0,train
trainval/1627,trainval,0,test
trainval/1628,trainval,0,test
trainval/1629,trainval,0,calibration
trainval/163,trainval,0,calibration
trainval/1630,trainval,0,calibration
trainval/1631,trainval,0,calibration
trainval/1632,trainval,0,train
trainval/1633,trainval,0,train
trainval/1634,trainval,0,train
trainval/1635,trainval,0,train
trainval/1636,trainval,0,calibration
trainval/1637,trainval,0,calibration
trainval/1638,trainval,0,train
trainval/1639,trainval,0,test
trainval/164,trainval,0,test
trainval/1640,trainval,0,train
trainval/1641,trainval,0,validation
trainval/1642,trainval,0,calibration
trainval/1643,trainval,0,calibration
trainval/1644,trainval,0,test
trainval/1645,trainval,0,train
trainval/1646,trainval,0,train
trainval/1647,trainval,0,calibration
trainval/1648,trainval,0,test
trainval/1649,trainval,0,test
trainval/165,trainval,0,train
trainval/1650,trainval,0,train
trainval/1651,trainval,0,validation
trainval/1652,trainval,0,train
trainval/1653,trainval,0,test
trainval/1654,trainval,0,train
trainval/1655,trainval,0,train
trainval/1656,trainval,0,train
trainval/1657,trainval,0,test
trainval/1658,trainval,0,train
trainval/1659,trainval,0,train
trainval/166,trainval,0,train
trainval/1660,trainval,0,train
trainval/1661,trainval,0,train
trainval/1662,trainval,0,calibration
trainval/1663,trainval,0,train
trainval/1664,trainval,0,train
trainval/1665,trainval,0,train
trainval/1666,trainval,0,train
trainval/1667,trainval,0,train
trainval/1668,trainval,0,validation
trainval/1669,trainval,0,train
trainval/167,trainval,0,train
trainval/1670,trainval,0,test
trainval/1671,trainval,0,test
trainval/1672,trainval,0,validation
trainval/1673,trainval,0,train
trainval/1674,trainval,0,train
trainval/1675,trainval,0,calibration
trainval/1676,trainval,0,test
trainval/1677,trainval,0,test
trainval/1678,trainval,0,train
trainval/1679,trainval,0,train
trainval/168,trainval,0,train
trainval/1680,trainval,0,calibration
trainval/1681,trainval,0,train
trainval/1682,trainval,0,train
trainval/1683,trainval,0,validation
trainval/1684,trainval,0,calibration
trainval/1685,trainval,0,train
trainval/1686,trainval,0,train
trainval/1687,trainval,0,train
trainval/1688,trainval,0,train
trainval/1689,trainval,0,train
trainval/169,trainval,0,train
trainval/1690,trainval,0,validation
trainval/1691,trainval,0,train
trainval/1692,trainval,0,test
trainval/1693,trainval,0,train
trainval/1694,trainval,0,train
trainval/1695,trainval,0,train
trainval/1696,trainval,0,train
trainval/1697,trainval,0,train
trainval/1698,trainval,0,train
trainval/1699,trainval,0,train
trainval/17,trainval,0,calibration
trainval/170,trainval,0,train
trainval/1700,trainval,0,train
trainval/1701,trainval,0,test
trainval/1702,trainval,0,validation
trainval/1703,trainval,0,train
trainval/1704,trainval,0,train
trainval/1705,trainval,0,train
trainval/1706,trainval,0,calibration
trainval/1707,trainval,0,train
trainval/1708,trainval,0,train
trainval/1709,trainval,0,test
trainval/171,trainval,0,train
trainval/1710,trainval,0,calibration
trainval/1711,trainval,0,train
trainval/1712,trainval,0,train
trainval/1713,trainval,0,train
trainval/1714,trainval,0,calibration
trainval/1715,trainval,0,validation
trainval/1716,trainval,0,validation
trainval/1717,trainval,0,train
trainval/1718,trainval,0,train
trainval/1719,trainval,0,train
trainval/172,trainval,0,train
trainval/1720,trainval,0,train
trainval/1721,trainval,0,test
trainval/1722,trainval,0,validation
trainval/1723,trainval,0,validation
trainval/1724,trainval,0,train
trainval/1725,trainval,0,train
trainval/1726,trainval,0,validation
trainval/1727,trainval,0,train
trainval/1728,trainval,0,train
trainval/1729,trainval,0,validation
trainval/173,trainval,0,test
trainval/1730,trainval,0,calibration
trainval/1731,trainval,0,train
trainval/1732,trainval,0,calibration
trainval/1733,trainval,0,train
trainval/1734,trainval,0,calibration
trainval/1735,trainval,0,train
trainval/1736,trainval,0,train
trainval/1737,trainval,0,train
trainval/1738,trainval,0,train
trainval/1739,trainval,0,train
trainval/174,trainval,0,calibration
trainval/1740,trainval,0,train
trainval/1741,trainval,0,train
trainval/1742,trainval,0,train
trainval/1743,trainval,0,train
trainval/1744,trainval,0,train
trainval/1745,trainval,0,calibration
trainval/1746,trainval,0,train
trainval/1747,trainval,0,train
trainval/1748,trainval,0,test
trainval/1749,trainval,0,calibration
trainval/175,trainval,0,calibration
trainval/1750,trainval,0,validation
trainval/1751,trainval,0,validation
trainval/1752,trainval,0,validation
trainval/1753,trainval,0,train
trainval/1754,trainval,0,test
trainval/1755,trainval,0,calibration
trainval/1756,trainval,0,train
trainval/1757,trainval,0,train
trainval/1758,trainval,0,train
trainval/1759,trainval,0,calibration
trainval/176,trainval,0,train
trainval/1760,trainval,0,test
trainval/1761,trainval,0,train
trainval/1762,trainval,0,train
trainval/1763,trainval,0,calibration
trainval/1764,trainval,0,calibration
trainval/1765,trainval,0,validation
trainval/1766,trainval,0,train
trainval/1767,trainval,0,train
trainval/1768,trainval,0,train
trainval/1769,trainval,0,test
trainval/177,trainval,0,validation
trainval/1770,trainval,0,train
trainval/1771,trainval,0,train
trainval/1772,trainval,0,train
trainval/1773,trainval,0,calibration
trainval/1774,trainval,0,train
trainval/1775,trainval,0,train
trainval/1776,trainval,0,train
trainval/1777,trainval,0,calibration
trainval/1778,trainval,0,test
trainval/1779,trainval,0,calibration
trainval/178,trainval,0,train
trainval/1780,trainval,0,train
trainval/1781,trainval,0,validation
trainval/1782,trainval,0,calibration
trainval/1783,trainval,0,test
trainval/1784,trainval,0,calibration
trainval/1785,trainval,0,train
trainval/1786,trainval,0,train
trainval/1787,trainval,0,calibration
trainval/1788,trainval,0,test
trainval/1789,trainval,0,train
trainval/179,trainval,0,calibration
trainval/1790,trainval,0,train
trainval/1791,trainval,0,train
trainval/1792,trainval,0,test
trainval/1793,trainval,0,train
trainval/1794,trainval,0,train
trainval/1795,trainval,0,train
trainval/1796,trainval,0,test
trainval/1797,trainval,0,train
trainval/1798,trainval,0,calibration
trainval/1799,trainval,0,train
trainval/18,trainval,0,calibration
trainval/180,trainval,0,train
trainval/1800,trainval,0,calibration
trainval/1801,trainval,0,test
trainval/1802,trainval,0,train
trainval/1803,trainval,0,train
trainval/1804,trainval,0,test
trainval/1805,trainval,0,calibration
trainval/1806,trainval,0,train
trainval/1807,trainval,0,validation
trainval/1808,trainval,0,train
trainval/1809,trainval,0,train
trainval/181,trainval,0,test
trainval/1810,trainval,0,test
trainval/1811,trainval,0,train
trainval/1812,trainval,0,validation
trainval/1813,trainval,0,train
trainval/1814,trainval,0,validation
trainval/1815,trainval,0,test
trainval/1816,trainval,0,train
trainval/1817,trainval,0,train
trainval/1818,trainval,0,validation
trainval/1819,trainval,0,test
trainval/182,trainval,0,calibration
trainval/1820,trainval,0,train
trainval/1821,trainval,0,train
trainval/1822,trainval,0,train
trainval/1823,trainval,0,train
trainval/1824,trainval,0,train
trainval/1825,trainval,0,calibration
trainval/1826,trainval,0,train
trainval/1827,trainval,0,train
trainval/1828,trainval,0,calibration
trainval/1829,trainval,0,validation
trainval/183,trainval,0,train
trainval/1830,trainval,0,test
trainval/1831,trainval,0,train
trainval/1832,trainval,0,train
trainval/1833,trainval,0,train
trainval/1834,trainval,0,train
trainval/1835,trainval,0,train
trainval/1836,trainval,0,train
trainval/1837,trainval,0,train
trainval/1838,trainval,0,train
trainval/1839,trainval,0,test
trainval/184,trainval,0,train
trainval/1840,trainval,0,train
trainval/1841,trainval,0,test
trainval/1842,trainval,0,validation
trainval/1843,trainval,0,test
trainval/1844,trainval,0,train
trainval/1845,trainval,0,train
trainval/1846,trainval,0,train
trainval/1847,trainval,0,train
trainval/1848,trainval,0,train
trainval/1849,trainval,0,validation
trainval/185,trainval,0,train
trainval/1850,trainval,0,validation
trainval/1851,trainval,0,train
trainval/1852,trainval,0,validation
trainval/1853,trainval,0,train
trainval/1854,trainval,0,train
trainval/1855,trainval,0,train
trainval/1856,trainval,0,train
trainval/1857,trainval,0,train
trainval/1858,trainval,0,train
trainval/1859,trainval,0,train
trainval/186,trainval,0,train
trainval/1860,trainval,0,train
trainval/1861,trainval,0,calibration
trainval/1862,trainval,0,train
trainval/1863,trainval,0,calibration
trainval/1864,trainval,0,validation
trainval/1865,trainval,0,calibration
trainval/1866,trainval,0,calibration
trainval/1867,trainval,0,calibration
trainval/1868,trainval,0,train
trainval/1869,trainval,0,train
trainval/187,trainval,0,train
trainval/1870,trainval,0,test
trainval/1871,trainval,0,test
trainval/1872,trainval,0,train
trainval/1873,trainval,0,train
trainval/1874,trainval,0,train
trainval/1875,trainval,0,calibration
trainval/1876,trainval,0,validation
trainval/1877,trainval,0,train
trainval/1878,trainval,0,train
trainval/1879,trainval,0,test
trainval/188,trainval,0,calibration
trainval/1880,trainval,0,train
trainval/1881,trainval,0,train
trainval/1882,trainval,0,train
trainval/1883,trainval,0,validation
trainval/1884,trainval,0,train
trainval/1885,trainval,0,validation
trainval/1886,trainval,0,train
trainval/1887,trainval,0,validation
trainval/1888,trainval,0,train
trainval/1889,trainval,0,calibration
trainval/189,trainval,0,test
trainval/1890,trainval,0,train
trainval/1891,trainval,0,validation
trainval/1892,trainval,0,train
trainval/1893,trainval,0,train
trainval/1894,trainval,0,train
trainval/1895,trainval,0,train
trainval/1896,trainval,0,calibration
trainval/1897,trainval,0,test
trainval/1898,trainval,0,train
trainval/1899,trainval,0,train
trainval/19,trainval,0,train
trainval/190,trainval,0,validation
trainval/1900,trainval,0,test
trainval/1901,trainval,0,train
trainval/1902,trainval,0,validation
trainval/1903,trainval,0,test
trainval/1904,trainval,0,test
trainval/1905,trainval,0,train
trainval/1906,trainval,0,train
trainval/1907,trainval,0,train
trainval/1908,trainval,0,train
trainval/1909,trainval,0,train
trainval/191,trainval,0,calibration
trainval/1910,trainval,0,calibration
trainval/1911,trainval,0,train
trainval/1912,trainval,0,train
trainval/1913,trainval,0,test
trainval/1914,trainval,0,calibration
trainval/1915,trainval,0,test
trainval/1916,trainval,0,train
trainval/1917,trainval,0,train
trainval/1918,trainval,0,train
trainval/1919,trainval,0,train
trainval/192,trainval,0,test
trainval/1920,trainval,0,test
trainval/1921,trainval,0,test
trainval/1922,trainval,0,validation
trainval/1923,trainval,0,train
trainval/1924,trainval,0,validation
trainval/1925,trainval,0,train
trainval/1926,trainval,0,train
trainval/1927,trainval,0,calibration
trainval/1928,trainval,0,train
trainval/1929,trainval,0,validation
trainval/193,trainval,0,test
trainval/1930,trainval,0,train
trainval/1931,trainval,0,test
trainval/1932,trainval,0,train
trainval/1933,trainval,0,test
trainval/1934,trainval,0,train
trainval/1935,trainval,0,validation
trainval/1936,trainval,0,train
trainval/1937,trainval,0,train
trainval/1938,trainval,0,train
trainval/1939,trainval,0,train
trainval/194,trainval,0,train
trainval/1940,trainval,0,validation
trainval/1941,trainval,0,train
trainval/1942,trainval,0,train
trainval/1943,trainval,0,calibration
trainval/1944,trainval,0,train
trainval/1945,trainval,0,calibration
trainval/1946,trainval,0,train
trainval/1947,trainval,0,validation
trainval/1948,trainval,0,train
trainval/1949,trainval,0,train
trainval/195,trainval,0,calibration
trainval/1950,trainval,0,train
trainval/1951,trainval,0,validation
trainval/1952,trainval,0,train
trainval/1953,trainval,0,train
trainval/1954,trainval,0,test
trainval/1955,trainval,0,train
trainval/1956,trainval,0,test
trainval/1957,trainval,0,train
trainval/1958,trainval,0,train
trainval/1959,trainval,0,test
trainval/196,trainval,0,train
trainval/1960,trainval,0,train
trainval/1961,trainval,0,train
trainval/1962,trainval,0,train
trainval/1963,trainval,0,calibration
trainval/1964,trainval,0,train
trainval/1965,trainval,0,train
trainval/1966,trainval,0,test
trainval/1967,trainval,0,train
trainval/1968,trainval,0,train
trainval/1969,trainval,0,train
trainval/197,trainval,0,train
trainval/1970,trainval,0,train
trainval/1971,trainval,0,train
trainval/1972,trainval,0,train
trainval/1973,trainval,0,train
trainval/1974,trainval,0,train
trainval/1975,trainval,0,validation
trainval/1976,trainval,0,train
trainval/1977,trainval,0,train
trainval/1978,trainval,0,test
trainval/1979,trainval,0,validation
trainval/198,trainval,0,calibration
trainval/1980,trainval,0,calibration
trainval/1981,trainval,0,validation
trainval/1982,trainval,0,train
trainval/1983,trainval,0,train
trainval/1984,trainval,0,validation
trainval/1985,trainval,0,train
trainval/1986,trainval,0,train
trainval/1987,trainval,0,train
trainval/1988,trainval,0,train
trainval/1989,trainval,0,calibration
trainval/199,trainval,0,validation
trainval/1990,trainval,1,train
trainval/1991,trainval,1,validation
trainval/1992,trainval,1,train
trainval/1993,trainval,1,test
trainval/1994,trainval,1,train
trainval/1995,trainval,1,train
trainval/1996,trainval,1,calibration
trainval/1997,trainval,1,train
trainval/1998,trainval,1,train
trainval/1999,trainval,1,train
trainval/2,trainval,0,train
trainval/20,trainval,0,train
trainval/200,trainval,0,train
trainval/2000,trainval,1,test
trainval/2001,trainval,1,train
trainval/2002,trainval,1,test
trainval/2003,trainval,1,train
trainval/2004,trainval,1,train
trainval/2005,trainval,1,calibration
trainval/2006,trainval,1,train
trainval/2007,trainval,1,train
trainval/2008,trainval,1,train
trainval/2009,trainval,1,train
trainval/201,trainval,0,test
trainval/2010,trainval,1,train
trainval/2011,trainval,1,train
trainval/2012,trainval,1,train
trainval/2013,trainval,1,validation
trainval/2014,trainval,1,calibration
trainval/2015,trainval,1,validation
trainval/2016,trainval,1,validation
trainval/2017,trainval,1,test
trainval/2018,trainval,1,train
trainval/2019,trainval,1,test
trainval/202,trainval,0,train
trainval/2020,trainval,1,validation
trainval/2021,trainval,1,train
trainval/2022,trainval,1,test
trainval/2023,trainval,1,train
trainval/2024,trainval,1,train
trainval/2025,trainval,1,calibration
trainval/2026,trainval,1,test
trainval/2027,trainval,1,validation
trainval/2028,trainval,1,train
trainval/2029,trainval,1,validation
trainval/203,trainval,0,test
trainval/2030,trainval,1,train
trainval/2031,trainval,1,train
trainval/2032,trainval,1,train
trainval/2033,trainval,1,test
trainval/2034,trainval,1,train
trainval/2035,trainval,1,train
trainval/2036,trainval,1,calibration
trainval/2037,trainval,1,train
trainval/2038,trainval,1,calibration
trainval/2039,trainval,1,calibration
trainval/204,trainval,0,test
trainval/2040,trainval,1,train
trainval/2041,trainval,1,test
trainval/2042,trainval,1,train
trainval/2043,trainval,1,test
trainval/2044,trainval,1,calibration
trainval/2045,trainval,1,calibration
trainval/2046,trainval,1,calibration
trainval/2047,trainval,1,train
trainval/2048,trainval,1,train
trainval/2049,trainval,1,validation
trainval/205,trainval,0,train
trainval/2050,trainval,1,train
trainval/2051,trainval,1,train
trainval/2052,trainval,1,train
trainval/2053,trainval,1,train
trainval/2054,trainval,1,validation
trainval/2055,trainval,1,calibration
trainval/2056,trainval,1,train
trainval/2057,trainval,1,train
trainval/2058,trainval,1,calibration
trainval/2059,trainval,1,test
trainval/206,trainval,0,test
trainval/2060,trainval,1,train
trainval/2061,trainval,1,calibration
trainval/2062,trainval,1,train
trainval/2063,trainval,1,train
trainval/2064,trainval,1,train
trainval/2065,trainval,1,train
trainval/2066,trainval,1,train
trainval/2067,trainval,1,train
trainval/2068,trainval,1,train
trainval/2069,trainval,1,train
trainval/207,trainval,0,train
trainval/2070,trainval,1,test
trainval/2071,trainval,1,calibration
trainval/2072,trainval,1,train
trainval/2073,trainval,1,validation
trainval/2074,trainval,1,train
trainval/2075,trainval,1,train
trainval/2076,trainval,1,calibration
trainval/2077,trainval,1,train
trainval/2078,trainval,1,test
trainval/2079,trainval,1,test
trainval/208,trainval,0,test
trainval/2080,trainval,1,train
trainval/2081,trainval,1,test
trainval/2082,trainval,1,test
trainval/2083,trainval,1,test
trainval/2084,trainval,1,calibration
trainval/2085,trainval,1,train
trainval/2086,trainval,1,train
trainval/2087,trainval,1,validation
trainval/2088,trainval,1,test
trainval/2089,trainval,1,train
trainval/209,trainval,0,train
trainval/2090,trainval,1,train
trainval/2091,trainval,1,test
trainval/2092,trainval,1,train
trainval/2093,trainval,1,calibration
trainval/2094,trainval,1,train
trainval/2095,trainval,1,train
trainval/2096,trainval,1,train
trainval/2097,trainval,1,train
trainval/2098,trainval,1,validation
trainval/2099,trainval,1,train
trainval/21,trainval,0,train
trainval/210,trainval,0,validation
trainval/2100,trainval,1,calibration
trainval/2101,trainval,1,train
trainval/2102,trainval,1,calibration
trainval/2103,trainval,1,validation
trainval/2104,trainval,1,train
trainval/2105,trainval,1,train
trainval/2106,trainval,1,validation
trainval/2107,trainval,1,calibration
trainval/2108,trainval,1,train
trainval/2109,trainval,1,train
trainval/211,trainval,0,train
trainval/2110,trainval,1,train
trainval/2111,trainval,1,calibration
trainval/2112,trainval,1,train
trainval/2113,trainval,1,train
trainval/2114,trainval,1,test
trainval/2115,trainval,1,calibration
trainval/2116,trainval,1,validation
trainval/2117,trainval,1,train
trainval/2118,trainval,1,calibration
trainval/2119,trainval,1,train
trainval/212,trainval,0,train
trainval/2120,trainval,1,test
trainval/2121,trainval,1,train
trainval/2122,trainval,1,train
trainval/2123,trainval,1,train
trainval/2124,trainval,1,train
trainval/2125,trainval,1,train
trainval/2126,trainval,1,train
trainval/2127,trainval,1,train
trainval/2128,trainval,1,validation
trainval/2129,trainval,1,validation
trainval/213,trainval,0,test
trainval/2130,trainval,1,train
trainval/2131,trainval,1,train
trainval/2132,trainval,1,train
trainval/2133,trainval,1,train
trainval/2134,trainval,1,test
trainval/2135,trainval,1,validation
trainval/2136,trainval,1,test
trainval/2137,trainval,1,calibration
trainval/2138,trainval,1,test
trainval/2139,trainval,1,calibration
trainval/214,trainval,0,train
trainval/2140,trainval,1,train
trainval/2141,trainval,1,train
trainval/2142,trainval,1,train
trainval/2143,trainval,1,train
trainval/2144,trainval,1,validation
trainval/2145,trainval,1,calibration
trainval/2146,trainval,1,test
trainval/2147,trainval,1,validation
trainval/2148,trainval,1,train
trainval/2149,trainval,1,train
trainval/215,trainval,0,calibration
trainval/2150,trainval,1,calibration
trainval/2151,trainval,1,calibration
trainval/2152,trainval,1,train
trainval/2153,trainval,1,train
trainval/2154,trainval,1,train
trainval/2155,trainval,1,train
trainval/2156,trainval,1,calibration
trainval/2157,trainval,1,train
trainval/2158,trainval,1,train
trainval/2159,trainval,1,train
trainval/216,trainval,0,train
trainval/2160,trainval,1,validation
trainval/2161,trainval,1,train
trainval/2162,trainval,1,calibration
trainval/2163,trainval,1,train
trainval/2164,trainval,1,train
trainval/2165,trainval,1,train
trainval/2166,trainval,1,train
trainval/2167,trainval,1,train
trainval/2168,trainval,1,calibration
trainval/2169,trainval,1,train
trainval/217,trainval,0,train
trainval/2170,trainval,1,train
trainval/2171,trainval,1,train
trainval/2172,trainval,1,train
trainval/2173,trainval,1,train
trainval/2174,trainval,1,train
trainval/2175,trainval,1,calibration
trainval/2176,trainval,1,train
trainval/2177,trainval,1,calibration
trainval/2178,trainval,1,train
trainval/2179,trainval,1,train
trainval/218,trainval,0,test
trainval/2180,trainval,1,train
trainval/2181,trainval,1,calibration
trainval/2182,trainval,1,train
trainval/2183,trainval,1,train
trainval/2184,trainval,1,train
trainval/2185,trainval,1,validation
trainval/2186,trainval,1,train
trainval/2187,trainval,1,train
trainval/2188,trainval,1,validation
trainval/2189,trainval,1,test
trainval/219,trainval,0,train
trainval/2190,trainval,1,train
trainval/2191,trainval,1,train
trainval/2192,trainval,1,train
trainval/2193,trainval,1,test
trainval/2194,trainval,1,train
trainval/2195,trainval,1,train
trainval/2196,trainval,1,train
trainval/2197,trainval,1,test
trainval/2198,trainval,1,train
trainval/2199,trainval,1,train
trainval/22,trainval,0,train
trainval/220,trainval,0,train
trainval/2200,trainval,1,calibration
trainval/2201,trainval,1,test
trainval/2202,trainval,1,train
trainval/2203,trainval,1,validation
trainval/2204,trainval,1,train
trainval/2205,trainval,1,train
trainval/2206,trainval,1,calibration
trainval/2207,trainval,1,train
trainval/2208,trainval,1,train
trainval/2209,trainval,1,train
trainval/221,trainval,0,train
trainval/2210,trainval,1,train
trainval/2211,trainval,1,train
trainval/2212,trainval,1,calibration
trainval/2213,trainval,1,train
trainval/2214,trainval,1,calibration
trainval/2215,trainval,1,test
trainval/2216,trainval,1,calibration
trainval/2217,trainval,1,train
trainval/2218,trainval,1,test
trainval/2219,trainval,1,validation
trainval/222,trainval,0,train
trainval/2220,trainval,1,train
trainval/2221,trainval,1,test
trainval/2222,trainval,1,train
trainval/2223,trainval,1,calibration
trainval/2224,trainval,1,train
trainval/2225,trainval,1,train
trainval/2226,trainval,1,test
trainval/2227,trainval,1,test
trainval/2228,trainval,1,train
trainval/2229,trainval,1,train
trainval/223,trainval,0,train
trainval/2230,trainval,1,train
trainval/2231,trainval,1,train
trainval/2232,trainval,1,test
trainval/2233,trainval,1,train
trainval/2234,trainval,1,train
trainval/2235,trainval,1,train
trainval/2236,trainval,1,train
trainval/2237,trainval,1,train
trainval/2238,trainval,1,train
trainval/2239,trainval,1,train
trainval/224,trainval,0,calibration
trainval/2240,trainval,1,train
trainval/2241,trainval,1,train
trainval/2242,trainval,1,train
trainval/2243,trainval,1,train
trainval/2244,trainval,1,calibration
trainval/2245,trainval,1,calibration
trainval/2246,trainval,1,train
trainval/2247,trainval,1,calibration
trainval/2248,trainval,1,test
trainval/2249,trainval,1,train
trainval/225,trainval,0,train
trainval/2250,trainval,1,test
trainval/2251,trainval,1,train
trainval/2252,trainval,1,test
trainval/2253,trainval,1,train
trainval/2254,trainval,1,train
trainval/2255,trainval,1,calibration
trainval/2256,trainval,1,validation
trainval/2257,trainval,1,calibration
trainval/2258,trainval,1,train
trainval/2259,trainval,1,train
trainval/226,trainval,0,train
trainval/2260,trainval,1,train
trainval/2261,trainval,1,train
trainval/2262,trainval,1,validation
trainval/2263,trainval,1,train
trainval/2264,trainval,1,train
trainval/2265,trainval,1,calibration
trainval/2266,trainval,1,train
trainval/2267,trainval,1,calibration
trainval/2268,trainval,1,test
trainval/2269,trainval,1,train
trainval/227,trainval,0,train
trainval/2270,trainval,1,train
trainval/2271,trainval,1,calibration
trainval/2272,trainval,1,train
trainval/2273,trainval,1,validation
trainval/2274,trainval,1,train
trainval/2275,trainval,1,validation
trainval/2276,trainval,1,validation
trainval/2277,trainval,1,train
trainval/2278,trainval,1,calibration
trainval/2279,trainval,1,train
trainval/228,trainval,0,calibration
trainval/2280,trainval,1,train
trainval/2281,trainval,1,train
trainval/2282,trainval,1,calibration
trainval/2283,trainval,0,validation
trainval/2284,trainval,0,train
trainval/2285,trainval,0,train
trainval/2286,trainval,0,calibration
trainval/2287,trainval,0,train
trainval/2288,trainval,0,calibration
trainval/2289,trainval,0,calibration
trainval/229,trainval,0,calibration
trainval/2290,trainval,0,train
trainval/2291,trainval,0,train
trainval/2292,trainval,0,train
trainval/2293,trainval,0,calibration
trainval/2294,trainval,0,calibration
trainval/2295,trainval,0,train
trainval/2296,trainval,0,test
trainval/2297,trainval,0,train
trainval/2298,trainval,0,train
trainval/2299,trainval,0,calibration
trainval/23,trainval,0,train
trainval/230,trainval,0,train
trainval/2300,trainval,0,train
trainval/2301,trainval,0,train
trainval/2302,trainval,0,train
trainval/2303,trainval,0,test
trainval/2304,trainval,0,train
trainval/2305,trainval,0,train
trainval/2306,trainval,0,train
trainval/2307,trainval,0,train
trainval/2308,trainval,0,calibration
trainval/2309,trainval,0,train
trainval/231,trainval,0,calibration
trainval/2310,trainval,0,calibration
trainval/2311,trainval,0,train
trainval/2312,trainval,0,train
trainval/2313,trainval,0,train
trainval/2314,trainval,0,train
trainval/2315,trainval,0,train
trainval/2316,trainval,0,train
trainval/2317,trainval,0,calibration
trainval/2318,trainval,0,calibration
trainval/2319,trainval,0,train
trainval/232,trainval,0,calibration
trainval/2320,trainval,0,train
trainval/2321,trainval,0,calibration
trainval/2322,trainval,0,train
trainval/2323,trainval,0,train
trainval/2324,trainval,0,train
trainval/2325,trainval,0,validation
trainval/2326,trainval,0,test
trainval/2327,trainval,0,train
trainval/2328,trainval,0,train
trainval/2329,trainval,0,train
trainval/233,trainval,0,calibration
trainval/2330,trainval,0,train
trainval/2331,trainval,0,train
trainval/2332,trainval,0,validation
trainval/2333,trainval,0,test
trainval/2334,trainval,0,calibration
trainval/2335,trainval,0,train
trainval/2336,trainval,0,train
trainval/2337,trainval,0,calibration
trainval/2338,trainval,0,validation
trainval/2339,trainval,0,train
trainval/234,trainval,0,train
trainval/2340,trainval,0,train
trainval/2341,trainval,0,train
trainval/2342,trainval,0,train
trainval/2343,trainval,0,train
trainval/2344,trainval,0,train
trainval/2345,trainval,0,train
trainval/2346,trainval,0,calibration
trainval/2347,trainval,0,validation
trainval/2348,trainval,0,train
trainval/2349,trainval,0,validation
trainval/235,trainval,0,train
trainval/2350,trainval,0,train
trainval/2351,trainval,0,calibration
trainval/2352,trainval,0,validation
trainval/2353,trainval,0,test
trainval/2354,trainval,0,train
trainval/2355,trainval,0,validation
trainval/2356,trainval,0,calibration
trainval/2357,trainval,0,train
trainval/2358,trainval,0,train
trainval/2359,trainval,0,train
trainval/236,trainval,0,train
trainval/2360,trainval,0,train
trainval/2361,trainval,0,train
trainval/2362,trainval,0,train
trainval/2363,trainval,0,train
trainval/2364,trainval,0,train
trainval/2365,trainval,0,train
trainval/2366,trainval,0,test
trainval/2367,trainval,0,train
trainval/2368,trainval,0,calibration
trainval/2369,trainval,0,train
trainval/237,trainval,0,validation
trainval/2370,trainval,0,train
trainval/2371,trainval,0,validation
trainval/2372,trainval,0,train
trainval/2373,trainval,0,train
trainval/2374,trainval,0,train
trainval/2375,trainval,0,validation
trainval/2376,trainval,0,train
trainval/2377,trainval,0,validation
trainval/2378,trainval,0,train
trainval/2379,trainval,0,calibration
trainval/238,trainval,0,calibration
trainval/2380,trainval,0,train
trainval/2381,trainval,0,test
trainval/2382,trainval,0,train
trainval/2383,trainval,0,calibration
trainval/2384,trainval,0,train
trainval/2385,trainval,0,validation
trainval/2386,trainval,0,calibration
trainval/2387,trainval,0,train
trainval/2388,trainval,0,calibration
trainval/2389,trainval,0,validation
trainval/239,trainval,0,train
trainval/2390,trainval,0,train
trainval/2391,trainval,0,train
trainval/2392,trainval,0,train
trainval/2393,trainval,0,test
trainval/2394,trainval,0,train
trainval/2395,trainval,0,train
trainval/2396,trainval,0,calibration
trainval/2397,trainval,0,train
trainval/2398,trainval,0,train
trainval/2399,trainval,0,train
trainval/24,trainval,0,validation
trainval/240,trainval,0,train
trainval/2400,trainval,0,train
trainval/2401,trainval,0,train
trainval/2402,trainval,0,train
trainval/2403,trainval,0,calibration
trainval/2404,trainval,0,test
trainval/2405,trainval,0,train
trainval/2406,trainval,0,validation
trainval/2407,trainval,0,validation
trainval/2408,trainval,0,calibration
trainval/2409,trainval,0,test
trainval/241,trainval,0,train
trainval/2410,trainval,0,train
trainval/2411,trainval,0,validation
trainval/2412,trainval,0,train
trainval/2413,trainval,0,train
trainval/2414,trainval,0,validation
trainval/2415,trainval,0,train
trainval/2416,trainval,0,train
trainval/2417,trainval,0,train
trainval/2418,trainval,0,train
trainval/2419,trainval,0,train
trainval/242,trainval,0,train
trainval/2420,trainval,0,test
trainval/2421,trainval,0,calibration
trainval/2422,trainval,0,train
trainval/2423,trainval,0,validation
trainval/2424,trainval,0,validation
trainval/2425,trainval,0,validation
trainval/2426,trainval,0,validation
trainval/2427,trainval,0,train
trainval/2428,trainval,0,train
trainval/2429,trainval,0,train
trainval/243,trainval,0,calibration
trainval/2430,trainval,0,train
trainval/2431,trainval,0,train
trainval/2432,trainval,0,test
trainval/2433,trainval,0,calibration
trainval/2434,trainval,0,test
trainval/2435,trainval,0,train
trainval/2436,trainval,0,test
trainval/2437,trainval,0,train
trainval/2438,trainval,0,train
trainval/2439,trainval,0,calibration
trainval/244,trainval,0,train
trainval/2440,trainval,0,train
trainval/2441,trainval,0,train
trainval/2442,trainval,0,train
trainval/2443,trainval,0,train
trainval/2444,trainval,0,validation
trainval/2445,trainval,0,train
trainval/2446,trainval,0,test
trainval/2447,trainval,0,calibration
trainval/2448,trainval,0,calibration
trainval/2449,trainval,0,calibration
trainval/245,trainval,0,train
trainval/2450,trainval,0,calibration
trainval/2451,trainval,0,validation
trainval/2452,trainval,0,train
trainval/2453,trainval,0,calibration
trainval/2454,trainval,0,train
trainval/2455,trainval,0,validation
trainval/2456,trainval,0,train
trainval/2457,trainval,0,train
trainval/2458,trainval,0,train
trainval/2459,trainval,0,validation
trainval/246,trainval,0,validation
trainval/2460,trainval,0,train
trainval/2461,trainval,0,calibration
trainval/2462,trainval,0,train
trainval/2463,trainval,0,calibration
trainval/2464,trainval,0,train
trainval/2465,trainval,0,train
trainval/2466,trainval,0,validation
trainval/2467,trainval,0,train
trainval/2468,trainval,0,validation
trainval/2469,trainval,0,train
trainval/247,trainval,0,train
trainval/2470,trainval,0,train
trainval/2471,trainval,0,calibration
trainval/2472,trainval,0,train
trainval/2473,trainval,0,validation
trainval/2474,trainval,0,train
trainval/2475,trainval,0,validation
trainval/2476,trainval,0,train
trainval/2477,trainval,0,test
trainval/2478,trainval,0,test
trainval/2479,trainval,0,validation
trainval/248,trainval,0,train
trainval/2480,trainval,0,calibration
trainval/2481,trainval,0,calibration
trainval/2482,trainval,0,train
trainval/2483,trainval,0,validation
trainval/2484,trainval,0,train
trainval/2485,trainval,0,test
trainval/2486,trainval,0,test
trainval/2487,trainval,0,train
trainval/2488,trainval,0,train
trainval/2489,trainval,0,train
trainval/249,trainval,0,train
trainval/2490,trainval,0,train
trainval/2491,trainval,0,calibration
trainval/2492,trainval,0,train
trainval/2493,trainval,0,test
trainval/2494,trainval,0,train
trainval/2495,trainval,0,train
trainval/2496,trainval,0,train
trainval/2497,trainval,0,train
trainval/2498,trainval,0,validation
trainval/2499,trainval,0,test
trainval/25,trainval,0,train
trainval/250,trainval,0,validation
trainval/2500,trainval,0,train
trainval/2501,trainval,0,train
trainval/2502,trainval,0,test
trainval/2503,trainval,0,train
trainval/2504,trainval,0,train
trainval/2505,trainval,0,train
trainval/2506,trainval,0,train
trainval/2507,trainval,0,train
trainval/2508,trainval,0,train
trainval/2509,trainval,0,train
trainval/251,trainval,0,train
trainval/2510,trainval,0,calibration
trainval/2511,trainval,0,train
trainval/2512,trainval,0,train
trainval/2513,trainval,0,train
trainval/2514,trainval,0,train
trainval/2515,trainval,0,train
trainval/2516,trainval,0,train
trainval/2517,trainval,0,train
trainval/2518,trainval,0,train
trainval/2519,trainval,0,train
trainval/252,trainval,0,train
trainval/2520,trainval,0,train
trainval/2521,trainval,0,train
trainval/2522,trainval,0,calibration
trainval/2523,trainval,0,calibration
trainval/2524,trainval,0,train
trainval/2525,trainval,0,train
trainval/2526,trainval,0,calibration
trainval/2527,trainval,0,train
trainval/2528,trainval,0,train
trainval/2529,trainval,0,validation
trainval/253,trainval,0,validation
trainval/2530,trainval,0,validation
trainval/2531,trainval,0,train
trainval/2532,trainval,0,train
trainval/2533,trainval,0,train
trainval/2534,trainval,0,calibration
trainval/2535,trainval,0,calibration
trainval/2536,trainval,0,train
trainval/2537,trainval,0,train
trainval/2538,trainval,0,calibration
trainval/2539,trainval,0,train
trainval/254,trainval,0,calibration
trainval/2540,trainval,0,train
trainval/2541,trainval,0,test
trainval/2542,trainval,0,train
trainval/2543,trainval,0,calibration
trainval/2544,trainval,0,train
trainval/2545,trainval,0,test
trainval/2546,trainval,0,train
trainval/2547,trainval,0,test
trainval/2548,trainval,0,train
trainval/2549,trainval,0,test
trainval/255,trainval,0,train
trainval/2550,trainval,0,train
trainval/2551,trainval,0,validation
trainval/2552,trainval,0,calibration
trainval/2553,trainval,0,train
trainval/2554,trainval,0,calibration
trainval/2555,trainval,0,validation
trainval/2556,trainval,0,train
trainval/2557,trainval,0,train
trainval/2558,trainval,0,train
trainval/2559,trainval,0,train
trainval/256,trainval,0,train
trainval/2560,trainval,0,validation
trainval/2561,trainval,0,train
trainval/2562,trainval,0,calibration
trainval/2563,trainval,0,validation
trainval/2564,trainval,0,train
trainval/2565,trainval,0,calibration
trainval/2566,trainval,0,train
trainval/2567,trainval,0,train
trainval/2568,trainval,0,test
trainval/2569,trainval,0,test
trainval/257,trainval,0,train
trainval/2570,trainval,0,validation
trainval/2571,trainval,0,train
trainval/2572,trainval,0,train
trainval/2573,trainval,0,validation
trainval/2574,trainval,0,train
trainval/2575,trainval,0,train
trainval/2576,trainval,0,train
trainval/2577,trainval,0,train
trainval/2578,trainval,0,train
trainval/2579,trainval,0,validation
trainval/258,trainval,0,calibration
trainval/2580,trainval,0,train
trainval/2581,trainval,0,train
trainval/2582,trainval,0,train
trainval/2583,trainval,0,test
trainval/2584,trainval,0,train
trainval/2585,trainval,0,train
trainval/2586,trainval,0,train
trainval/2587,trainval,0,test
trainval/2588,trainval,0,train
trainval/2589,trainval,0,train
trainval/259,trainval,0,train
trainval/2590,trainval,0,validation
trainval/2591,trainval,0,calibration
trainval/2592,trainval,0,train
trainval/2593,trainval,0,train
trainval/2594,trainval,0,calibration
trainval/2595,trainval,0,train
trainval/2596,trainval,0,calibration
trainval/2597,trainval,0,train
trainval/2598,trainval,0,calibration
trainval/2599,trainval,0,train
trainval/26,trainval,0,validation
trainval/260,trainval,0,train
trainval/2600,trainval,0,train
trainval/2601,trainval,0,train
trainval/2602,trainval,0,calibration
trainval/2603,trainval,0,train
trainval/2604,trainval,0,train
trainval/2605,trainval,0,test
trainval/2606,trainval,0,train
trainval/2607,trainval,0,train
trainval/2608,trainval,0,train
trainval/2609,trainval,0,train
trainval/261,trainval,0,calibration
trainval/2610,trainval,0,train
trainval/2611,trainval,0,train
trainval/2612,trainval,0,train
trainval/2613,trainval,0,test
trainval/2614,trainval,0,test
trainval/2615,trainval,0,train
trainval/2616,trainval,0,train
trainval/2617,trainval,0,train
trainval/2618,trainval,0,train
trainval/2619,trainval,0,test
trainval/262,trainval,0,train
trainval/2620,trainval,0,train
trainval/2621,trainval,0,train
trainval/2622,trainval,0,train
trainval/2623,trainval,0,train
trainval/2624,trainval,0,train
trainval/2625,trainval,0,train
trainval/2626,trainval,0,train
trainval/2627,trainval,0,train
trainval/2628,trainval,0,train
trainval/2629,trainval,0,train
trainval/263,trainval,0,calibration
trainval/2630,trainval,0,validation
trainval/2631,trainval,0,calibration
trainval/2632,trainval,0,train
trainval/2633,trainval,0,test
trainval/2634,trainval,0,train
trainval/2635,trainval,0,train
trainval/2636,trainval,0,train
trainval/2637,trainval,0,train
trainval/2638,trainval,0,validation
trainval/2639,trainval,0,train
trainval/264,trainval,0,train
trainval/2640,trainval,0,train
trainval/2641,trainval,0,train
trainval/2642,trainval,0,test
trainval/2643,trainval,0,train
trainval/2644,trainval,0,calibration
trainval/2645,trainval,0,validation
trainval/2646,trainval,0,train
trainval/2647,trainval,0,train
trainval/2648,trainval,0,calibration
trainval/2649,trainval,0,test
trainval/265,trainval,0,train
trainval/2650,trainval,0,test
trainval/2651,trainval,0,calibration
trainval/2652,trainval,0,test
trainval/2653,trainval,0,train
trainval/2654,trainval,0,train
trainval/2655,trainval,0,train
trainval/2656,trainval,0,train
trainval/2657,trainval,0,validation
trainval/2658,trainval,0,train
trainval/2659,trainval,0,test
trainval/266,trainval,0,train
trainval/2660,trainval,0,test
trainval/2661,trainval,0,train
trainval/2662,trainval,0,train
trainval/2663,trainval,0,test
trainval/2664,trainval,0,train
trainval/2665,trainval,0,validation
trainval/2666,trainval,0,validation
trainval/2667,trainval,0,train
trainval/2668,trainval,0,calibration
trainval/2669,trainval,0,calibration
trainval/267,trainval,0,validation
trainval/2670,trainval,0,train
trainval/2671,trainval,0,train
trainval/2672,trainval,0,train
trainval/2673,trainval,1,validation
trainval/2674,trainval,1,calibration
trainval/2675,trainval,1,validation
trainval/2676,trainval,1,validation
trainval/2677,trainval,1,validation
trainval/2678,trainval,1,train
trainval/2679,trainval,1,train
trainval/268,trainval,0,train
trainval/2680,trainval,1,calibration
trainval/2681,trainval,1,train
trainval/2682,trainval,1,train
trainval/2683,trainval,1,calibration
trainval/2684,trainval,1,calibration
trainval/2685,trainval,1,train
trainval/2686,trainval,1,validation
trainval/2687,trainval,1,train
trainval/2688,trainval,1,train
trainval/2689,trainval,1,train
trainval/269,trainval,0,test
trainval/2690,trainval,1,validation
trainval/2691,trainval,1,train
trainval/2692,trainval,1,train
trainval/2693,trainval,1,validation
trainval/2694,trainval,1,train
trainval/2695,trainval,1,train
trainval/2696,trainval,1,train
trainval/2697,trainval,1,calibration
trainval/2698,trainval,1,train
trainval/2699,trainval,1,train
trainval/27,trainval,0,calibration
trainval/270,trainval,0,train
trainval/2700,trainval,1,calibration
trainval/2701,trainval,1,validation
trainval/2702,trainval,1,validation
trainval/2703,trainval,1,validation
trainval/2704,trainval,1,train
trainval/2705,trainval,1,train
trainval/2706,trainval,1,test
trainval/2707,trainval,1,test
trainval/2708,trainval,1,test
trainval/2709,trainval,1,train
trainval/271,trainval,0,calibration
trainval/2710,trainval,1,train
trainval/2711,trainval,1,train
trainval/2712,trainval,1,validation
trainval/2713,trainval,1,validation
trainval/2714,trainval,1,train
trainval/2715,trainval,1,calibration
trainval/2716,trainval,1,calibration
trainval/2717,trainval,1,train
trainval/2718,trainval,1,test
trainval/2719,trainval,1,train
trainval/272,trainval,0,train
trainval/2720,trainval,1,train
trainval/2721,trainval,1,calibration
trainval/2722,trainval,1,validation
trainval/2723,trainval,1,train
trainval/2724,trainval,1,test
trainval/2725,trainval,1,train
trainval/2726,trainval,1,train
trainval/2727,trainval,1,train
trainval/2728,trainval,1,train
trainval/2729,trainval,1,calibration
trainval/273,trainval,0,calibration
trainval/2730,trainval,1,test
trainval/2731,trainval,1,test
trainval/2732,trainval,1,train
trainval/2733,trainval,1,test
trainval/2734,trainval,1,train
trainval/2735,trainval,1,train
trainval/2736,trainval,1,validation
trainval/2737,trainval,1,validation
trainval/2738,trainval,1,train
trainval/2739,trainval,1,train
trainval/274,trainval,0,train
trainval/2740,trainval,1,validation
trainval/2741,trainval,1,train
trainval/2742,trainval,1,calibration
trainval/2743,trainval,1,train
trainval/2744,trainval,1,train
trainval/2745,trainval,1,train
trainval/2746,trainval,1,validation
trainval/2747,trainval,1,calibration
trainval/2748,trainval,1,validation
trainval/2749,trainval,1,validation
trainval/275,trainval,0,train
trainval/2750,trainval,1,train
trainval/2751,trainval,1,train
trainval/2752,trainval,1,test
trainval/2753,trainval,1,train
trainval/2754,trainval,1,train
trainval/2755,trainval,1,validation
trainval/2756,trainval,1,train
trainval/2757,trainval,1,train
trainval/2758,trainval,1,test
trainval/2759,trainval,1,train
trainval/276,trainval,0,calibration
trainval/2760,trainval,1,train
trainval/2761,trainval,1,calibration
trainval/2762,trainval,1,test
trainval/2763,trainval,1,train
trainval/2764,trainval,1,train
trainval/2765,trainval,1,train
trainval/2766,trainval,1,validation
trainval/2767,trainval,1,train
trainval/2768,trainval,1,train
trainval/2769,trainval,1,calibration
trainval/277,trainval,0,train
trainval/2770,trainval,1,calibration
trainval/2771,trainval,1,train
trainval/2772,trainval,1,train
trainval/2773,trainval,1,train
trainval/2774,trainval,1,train
trainval/2775,trainval,1,train
trainval/2776,trainval,1,calibration
trainval/2777,trainval,1,train
trainval/2778,trainval,1,validation
trainval/2779,trainval,1,train
trainval/278,trainval,0,validation
trainval/2780,trainval,1,train
trainval/2781,trainval,1,train
trainval/2782,trainval,1,test
trainval/2783,trainval,1,train
trainval/2784,trainval,1,test
trainval/2785,trainval,1,test
trainval/2786,trainval,1,train
trainval/2787,trainval,1,train
trainval/2788,trainval,1,test
trainval/2789,trainval,1,calibration
trainval/279,trainval,0,train
trainval/2790,trainval,1,calibration
trainval/2791,trainval,1,train
trainval/2792,trainval,1,train
trainval/2793,trainval,1,train
trainval/2794,trainval,1,train
trainval/2795,trainval,1,train
trainval/2796,trainval,1,train
trainval/2797,trainval,1,calibration
trainval/2798,trainval,1,train
trainval/2799,trainval,1,test
trainval/28,trainval,0,train
trainval/280,trainval,0,test
trainval/2800,trainval,1,validation
trainval/2801,trainval,1,train
trainval/2802,trainval,1,calibration
trainval/2803,trainval,1,train
trainval/2804,trainval,1,train
trainval/2805,trainval,1,test
trainval/2806,trainval,1,train
trainval/2807,trainval,1,validation
trainval/2808,trainval,1,calibration
trainval/2809,trainval,1,validation
trainval/281,trainval,0,train
trainval/2810,trainval,1,validation
trainval/2811,trainval,1,train
trainval/2812,trainval,1,train
trainval/2813,trainval,1,train
trainval/2814,trainval,1,train
trainval/2815,trainval,1,calibration
trainval/2816,trainval,1,validation
trainval/2817,trainval,1,validation
trainval/2818,trainval,1,train
trainval/2819,trainval,1,validation
trainval/282,trainval,0,calibration
trainval/2820,trainval,1,train
trainval/2821,trainval,1,train
trainval/2822,trainval,1,test
trainval/2823,trainval,1,train
trainval/2824,trainval,1,train
trainval/2825,trainval,1,train
trainval/2826,trainval,1,train
trainval/2827,trainval,1,calibration
trainval/2828,trainval,1,train
trainval/2829,trainval,1,test
trainval/283,trainval,0,train
trainval/2830,trainval,1,validation
trainval/2831,trainval,1,train
trainval/2832,trainval,1,train
trainval/2833,trainval,1,calibration
trainval/2834,trainval,1,validation
trainval/2835,trainval,1,train
trainval/2836,trainval,1,train
trainval/2837,trainval,1,train
trainval/2838,trainval,1,train
trainval/2839,trainval,1,train
trainval/284,trainval,0,calibration
trainval/2840,trainval,1,test
trainval/2841,trainval,1,train
trainval/2842,trainval,1,train
trainval/2843,trainval,1,train
trainval/2844,trainval,1,train
trainval/2845,trainval,1,validation
trainval/2846,trainval,1,validation
trainval/2847,trainval,1,test
trainval/2848,trainval,1,calibration
trainval/2849,trainval,1,test
trainval/285,trainval,0,train
trainval/2850,trainval,1,train
trainval/2851,trainval,1,train
trainval/2852,trainval,1,test
trainval/2853,trainval,1,test
trainval/2854,trainval,1,calibration
trainval/2855,trainval,1,train
trainval/2856,trainval,1,train
trainval/2857,trainval,1,calibration
trainval/2858,trainval,1,validation
trainval/2859,trainval,1,train
trainval/286,trainval,0,train
trainval/2860,trainval,1,train
trainval/2861,trainval,1,test
trainval/2862,trainval,1,train
trainval/2863,trainval,1,calibration
trainval/2864,trainval,1,train
trainval/2865,trainval,1,train
trainval/2866,trainval,1,train
trainval/2867,trainval,1,train
trainval/2868,trainval,1,calibration
trainval/2869,trainval,1,train
trainval/287,trainval,0,train
trainval/2870,trainval,1,test
trainval/2871,trainval,1,calibration
trainval/2872,trainval,1,train
trainval/2873,trainval,1,train
trainval/2874,trainval,1,train
trainval/2875,trainval,1,train
trainval/2876,trainval,1,train
trainval/2877,trainval,1,test
trainval/2878,trainval,1,test
trainval/288,trainval,0,train
trainval/289,trainval,0,train
trainval/29,trainval,0,train
trainval/290,trainval,0,train
trainval/291,trainval,0,train
trainval/292,trainval,0,train
trainval/293,trainval,0,train
trainval/294,trainval,0,train
trainval/295,trainval,0,train
trainval/296,trainval,0,validation
trainval/297,trainval,0,test
trainval/298,trainval,0,test
trainval/299,trainval,0,train
trainval/3,trainval,0,train
trainval/30,trainval,0,calibration
trainval/300,trainval,0,validation
trainval/301,trainval,0,test
trainval/302,trainval,0,train
trainval/303,trainval,0,train
trainval/304,trainval,0,train
trainval/305,trainval,0,train
trainval/306,trainval,0,train
trainval/307,trainval,0,train
trainval/308,trainval,0,validation
trainval/309,trainval,0,validation
trainval/31,trainval,0,train
trainval/310,trainval,0,train
trainval/311,trainval,0,train
trainval/312,trainval,0,test
trainval/313,trainval,0,calibration
trainval/314,trainval,0,validation
trainval/315,trainval,0,train
trainval/316,trainval,0,train
trainval/317,trainval,0,train
trainval/318,trainval,0,train
trainval/319,trainval,0,train
trainval/32,trainval,0,train
trainval/320,trainval,0,test
trainval/321,trainval,0,calibration
trainval/322,trainval,0,train
trainval/323,trainval,0,train
trainval/324,trainval,0,calibration
trainval/325,trainval,0,calibration
trainval/326,trainval,0,train
trainval/327,trainval,0,validation
trainval/328,trainval,0,train
trainval/329,trainval,0,train
trainval/33,trainval,0,train
trainval/330,trainval,0,train
trainval/331,trainval,0,train
trainval/332,trainval,0,calibration
trainval/333,trainval,0,validation
trainval/334,trainval,0,train
trainval/335,trainval,0,train
trainval/336,trainval,0,train
trainval/337,trainval,0,train
trainval/338,trainval,0,train
trainval/339,trainval,0,train
trainval/34,trainval,0,train
trainval/340,trainval,0,calibration
trainval/341,trainval,0,calibration
trainval/342,trainval,0,calibration
trainval/343,trainval,0,calibration
trainval/344,trainval,0,train
trainval/345,trainval,0,test
trainval/346,trainval,0,train
trainval/347,trainval,0,train
trainval/348,trainval,0,train
trainval/349,trainval,0,train
trainval/35,trainval,0,train
trainval/350,trainval,0,test
trainval/351,trainval,0,train
trainval/352,trainval,0,train
trainval/353,trainval,0,test
trainval/354,trainval,0,train
trainval/355,trainval,0,test
trainval/356,trainval,0,calibration
trainval/357,trainval,0,train
trainval/358,trainval,0,train
trainval/359,trainval,0,train
trainval/36,trainval,0,train
trainval/360,trainval,0,train
trainval/361,trainval,0,train
trainval/362,trainval,0,train
trainval/363,trainval,0,test
trainval/364,trainval,0,train
trainval/365,trainval,0,validation
trainval/366,trainval,0,train
trainval/367,trainval,0,train
trainval/368,trainval,0,train
trainval/369,trainval,0,validation
trainval/37,trainval,0,test
trainval/370,trainval,0,train
trainval/371,trainval,0,train
trainval/372,trainval,0,train
trainval/373,trainval,0,calibration
trainval/374,trainval,0,train
trainval/375,trainval,0,train
trainval/376,trainval,0,train
trainval/377,trainval,0,validation
trainval/378,trainval,0,validation
trainval/379,trainval,0,train
trainval/38,trainval,0,test
trainval/380,trainval,0,train
trainval/381,trainval,0,train
trainval/382,trainval,0,train
trainval/383,trainval,0,validation
trainval/384,trainval,0,train
trainval/385,trainval,0,train
trainval/386,trainval,0,validation
trainval/387,trainval,0,train
trainval/388,trainval,0,train
trainval/389,trainval,0,train
trainval/39,trainval,0,train
trainval/390,trainval,0,calibration
trainval/391,trainval,0,train
trainval/392,trainval,0,calibration
trainval/393,trainval,0,train
trainval/394,trainval,0,train
trainval/395,trainval,0,train
trainval/396,trainval,0,calibration
trainval/397,trainval,0,train
trainval/398,trainval,0,train
trainval/399,trainval,0,test
trainval/4,trainval,0,train
trainval/40,trainval,0,train
trainval/400,trainval,0,train
trainval/401,trainval,0,train
trainval/402,trainval,0,train
trainval/403,trainval,0,test
trainval/404,trainval,0,train
trainval/405,trainval,0,train
trainval/406,trainval,0,test
trainval/407,trainval,0,train
trainval/408,trainval,0,calibration
trainval/409,trainval,0,train
trainval/41,trainval,0,test
trainval/410,trainval,0,train
trainval/411,trainval,0,train
trainval/412,trainval,0,train
trainval/413,trainval,0,train
trainval/414,trainval,0,calibration
trainval/415,trainval,0,calibration
trainval/416,trainval,0,train
trainval/417,trainval,0,train
trainval/418,trainval,0,test
trainval/419,trainval,0,train
trainval/42,trainval,0,train
trainval/420,trainval,0,train
trainval/421,trainval,0,train
trainval/422,trainval,0,train
trainval/423,trainval,0,train
trainval/424,trainval,0,train
trainval/425,trainval,0,train
trainval/426,trainval,0,validation
trainval/427,trainval,0,train
trainval/428,trainval,0,validation
trainval/429,trainval,0,train
trainval/43,trainval,0,test
trainval/430,trainval,0,train
trainval/431,trainval,0,train
trainval/432,trainval,0,calibration
trainval/433,trainval,0,train
trainval/434,trainval,0,calibration
trainval/435,trainval,0,validation
trainval/436,trainval,0,train
trainval/437,trainval,0,validation
trainval/438,trainval,0,train
trainval/439,trainval,0,test
trainval/44,trainval,0,test
trainval/440,trainval,0,train
trainval/441,trainval,0,calibration
trainval/442,trainval,0,calibration
trainval/443,trainval,0,validation
trainval/444,trainval,0,calibration
trainval/445,trainval,0,test
trainval/446,trainval,0,test
trainval/447,trainval,0,test
trainval/448,trainval,0,train
trainval/449,trainval,0,train
trainval/45,trainval,0,test
trainval/450,trainval,0,train
trainval/451,trainval,0,test
trainval/452,trainval,0,train
trainval/453,trainval,0,train
trainval/454,trainval,0,train
trainval/455,trainval,0,train
trainval/456,trainval,0,validation
trainval/457,trainval,0,train
trainval/458,trainval,0,train
trainval/459,trainval,0,train
trainval/46,trainval,0,calibration
trainval/460,trainval,0,train
trainval/461,trainval,0,train
trainval/462,trainval,0,calibration
trainval/463,trainval,0,train
trainval/464,trainval,0,train
trainval/465,trainval,0,train
trainval/466,trainval,0,train
trainval/467,trainval,0,train
trainval/468,trainval,0,test
trainval/469,trainval,0,validation
trainval/47,trainval,0,train
trainval/470,trainval,0,train
trainval/471,trainval,0,validation
trainval/472,trainval,0,validation
trainval/473,trainval,0,train
trainval/474,trainval,0,calibration
trainval/475,trainval,0,calibration
trainval/476,trainval,0,validation
trainval/477,trainval,0,train
trainval/478,trainval,0,test
trainval/479,trainval,0,train
trainval/48,trainval,0,train
trainval/480,trainval,0,train
trainval/481,trainval,0,train
trainval/482,trainval,0,train
trainval/483,trainval,0,train
trainval/484,trainval,0,train
trainval/485,trainval,0,validation
trainval/486,trainval,0,train
trainval/487,trainval,0,validation
trainval/488,trainval,0,test
trainval/489,trainval,0,train
trainval/49,trainval,0,validation
trainval/490,trainval,0,test
trainval/491,trainval,0,train
trainval/492,trainval,0,calibration
trainval/493,trainval,0,test
trainval/494,trainval,0,train
trainval/495,trainval,0,train
trainval/496,trainval,0,train
trainval/497,trainval,0,validation
trainval/498,trainval,0,train
trainval/499,trainval,0,test
trainval/5,trainval,0,calibration
trainval/50,trainval,0,validation
trainval/500,trainval,0,train
trainval/501,trainval,0,train
trainval/502,trainval,0,test
trainval/503,trainval,0,train
trainval/504,trainval,0,train
trainval/505,trainval,0,train
trainval/506,trainval,0,test
trainval/507,trainval,0,train
trainval/508,trainval,0,test
trainval/509,trainval,0,train
trainval/51,trainval,0,train
trainval/510,trainval,0,validation
trainval/511,trainval,0,train
trainval/512,trainval,0,train
trainval/513,trainval,0,test
trainval/514,trainval,0,calibration
trainval/515,trainval,0,train
trainval/516,trainval,0,train
trainval/517,trainval,0,train
trainval/518,trainval,0,validation
trainval/519,trainval,0,train
trainval/52,trainval,0,calibration
trainval/520,trainval,0,validation
trainval/521,trainval,0,train
trainval/522,trainval,0,train
trainval/523,trainval,0,train
trainval/524,trainval,0,train
trainval/525,trainval,0,train
trainval/526,trainval,0,train
trainval/527,trainval,0,train
trainval/528,trainval,0,train
trainval/529,trainval,0,train
trainval/53,trainval,0,validation
trainval/530,trainval,0,validation
trainval/531,trainval,0,calibration
trainval/532,trainval,0,validation
trainval/533,trainval,0,train
trainval/534,trainval,0,test
trainval/535,trainval,0,validation
trainval/536,trainval,0,test
trainval/537,trainval,0,train
trainval/538,trainval,0,train
trainval/539,trainval,0,train
trainval/54,trainval,0,train
trainval/540,trainval,0,validation
trainval/541,trainval,0,train
trainval/542,trainval,0,train
trainval/543,trainval,0,test
trainval/544,trainval,0,train
trainval/545,trainval,0,train
trainval/546,trainval,0,train
trainval/547,trainval,0,train
trainval/548,trainval,0,train
trainval/549,trainval,0,calibration
trainval/55,trainval,0,train
trainval/550,trainval,0,train
trainval/551,trainval,0,test
trainval/552,trainval,0,train
trainval/553,trainval,0,train
trainval/554,trainval,0,validation
trainval/555,trainval,0,train
trainval/556,trainval,0,train
trainval/557,trainval,0,train
trainval/558,trainval,0,train
trainval/559,trainval,0,validation
trainval/56,trainval,0,train
trainval/560,trainval,0,train
trainval/561,trainval,0,train
trainval/562,trainval,0,train
trainval/563,trainval,0,calibration
trainval/564,trainval,0,calibration
trainval/565,trainval,0,calibration
trainval/566,trainval,0,train
trainval/567,trainval,0,train
trainval/568,trainval,0,train
trainval/569,trainval,0,test
trainval/57,trainval,0,train
trainval/570,trainval,0,train
trainval/571,trainval,0,train
trainval/572,trainval,0,train
trainval/573,trainval,0,train
trainval/574,trainval,0,train
trainval/575,trainval,0,calibration
trainval/576,trainval,0,train
trainval/577,trainval,0,calibration
trainval/578,trainval,0,calibration
trainval/579,trainval,0,train
trainval/58,trainval,0,calibration
trainval/580,trainval,0,train
trainval/581,trainval,0,validation
trainval/582,trainval,0,train
trainval/583,trainval,0,train
trainval/584,trainval,0,validation
trainval/585,trainval,0,train
trainval/586,trainval,0,calibration
trainval/587,trainval,0,train
trainval/588,trainval,0,train
trainval/589,trainval,0,validation
trainval/59,trainval,0,train
trainval/590,trainval,0,train
trainval/591,trainval,0,train
trainval/592,trainval,0,validation
trainval/593,trainval,0,train
trainval/594,trainval,0,train
trainval/595,trainval,0,train
trainval/596,trainval,0,test
trainval/597,trainval,0,train
trainval/598,trainval,0,train
trainval/599,trainval,0,validation
trainval/6,trainval,0,validation
trainval/60,trainval,0,test
trainval/600,trainval,0,train
trainval/601,trainval,0,train
trainval/602,trainval,0,train
trainval/603,trainval,0,train
trainval/604,trainval,0,validation
trainval/605,trainval,0,test
trainval/606,trainval,0,train
trainval/607,trainval,0,train
trainval/608,trainval,0,train
trainval/609,trainval,0,calibration
trainval/61,trainval,0,validation
trainval/610,trainval,0,train
trainval/611,trainval,0,validation
trainval/612,trainval,0,train
trainval/613,trainval,0,train
trainval/614,trainval,0,test
trainval/615,trainval,0,validation
trainval/616,trainval,0,train
trainval/617,trainval,0,test
trainval/618,trainval,0,train
trainval/619,trainval,0,train
trainval/62,trainval,0,calibration
trainval/620,trainval,0,calibration
trainval/621,trainval,0,test
trainval/622,trainval,0,calibration
trainval/623,trainval,0,train
trainval/624,trainval,0,train
trainval/625,trainval,0,train
trainval/626,trainval,0,train
trainval/627,trainval,0,train
trainval/628,trainval,0,train
trainval/629,trainval,0,test
trainval/63,trainval,0,train
trainval/630,trainval,0,train
trainval/631,trainval,0,train
trainval/632,trainval,0,calibration
trainval/633,trainval,0,train
trainval/634,trainval,0,train
trainval/635,trainval,0,validation
trainval/636,trainval,0,train
trainval/637,trainval,0,train
trainval/638,trainval,0,train
trainval/639,trainval,0,calibration
trainval/64,trainval,0,train
trainval/640,trainval,0,train
trainval/641,trainval,0,test
trainval/642,trainval,0,calibration
trainval/643,trainval,0,validation
trainval/644,trainval,0,calibration
trainval/645,trainval,0,train
trainval/646,trainval,0,train
trainval/647,trainval,0,train
trainval/648,trainval,0,train
trainval/649,trainval,0,train
trainval/65,trainval,0,train
trainval/650,trainval,0,test
trainval/651,trainval,0,train
trainval/652,trainval,0,train
trainval/653,trainval,0,train
trainval/654,trainval,0,calibration
trainval/655,trainval,0,test
trainval/656,trainval,0,train
trainval/657,trainval,0,test
trainval/658,trainval,0,validation
trainval/659,trainval,0,test
trainval/66,trainval,0,train
trainval/660,trainval,0,test
trainval/661,trainval,0,train
trainval/662,trainval,0,test
trainval/663,trainval,0,test
trainval/664,trainval,0,train
trainval/665,trainval,0,train
trainval/666,trainval,0,train
trainval/667,trainval,0,train
trainval/668,trainval,0,train
trainval/669,trainval,0,train
trainval/67,trainval,0,validation
trainval/670,trainval,0,validation
trainval/671,trainval,0,train
trainval/672,trainval,0,train
trainval/673,trainval,0,test
trainval/674,trainval,0,train
trainval/675,trainval,0,train
trainval/676,trainval,0,validation
trainval/677,trainval,0,train
trainval/678,trainval,0,train
trainval/679,trainval,0,calibration
trainval/68,trainval,0,test
trainval/680,trainval,0,train
trainval/681,trainval,0,calibration
trainval/682,trainval,0,train
trainval/683,trainval,0,calibration
trainval/684,trainval,0,calibration
trainval/685,trainval,0,train
trainval/686,trainval,0,test
trainval/687,trainval,0,train
trainval/688,trainval,0,train
trainval/689,trainval,0,train
trainval/69,trainval,0,train
trainval/690,trainval,0,test
trainval/691,trainval,0,train
trainval/692,trainval,0,train
trainval/693,trainval,0,train
trainval/694,trainval,0,train
trainval/695,trainval,0,calibration
trainval/696,trainval,0,test
trainval/697,trainval,1,validation
trainval/698,trainval,1,train
trainval/699,trainval,1,train
trainval/7,trainval,0,test
trainval/70,trainval,0,train
trainval/700,trainval,1,train
trainval/701,trainval,1,train
trainval/702,trainval,1,train
trainval/703,trainval,1,train
trainval/704,trainval,1,test
trainval/705,trainval,1,train
trainval/706,trainval,1,calibration
trainval/707,trainval,1,train
trainval/708,trainval,1,train
trainval/709,trainval,1,train
trainval/71,trainval,0,validation
trainval/710,trainval,1,train
trainval/711,trainval,1,train
trainval/712,trainval,1,train
trainval/713,trainval,1,test
trainval/714,trainval,1,train
trainval/715,trainval,1,train
trainval/716,trainval,1,calibration
trainval/717,trainval,1,test
trainval/718,trainval,1,test
trainval/719,trainval,1,calibration
trainval/72,trainval,0,train
trainval/720,trainval,1,train
trainval/721,trainval,1,calibration
trainval/722,trainval,1,train
trainval/723,trainval,1,train
trainval/724,trainval,1,test
trainval/725,trainval,1,test
trainval/726,trainval,1,train
trainval/727,trainval,1,validation
trainval/728,trainval,1,calibration
trainval/729,trainval,1,test
trainval/73,trainval,0,validation
trainval/730,trainval,1,test
trainval/731,trainval,1,validation
trainval/732,trainval,1,validation
trainval/733,trainval,1,train
trainval/734,trainval,1,train
trainval/735,trainval,1,validation
trainval/736,trainval,1,train
trainval/737,trainval,1,train
trainval/738,trainval,1,test
trainval/739,trainval,1,calibration
trainval/74,trainval,0,train
trainval/740,trainval,1,train
trainval/741,trainval,1,test
trainval/742,trainval,1,train
trainval/743,trainval,1,validation
trainval/744,trainval,1,train
trainval/745,trainval,1,train
trainval/746,trainval,1,train
trainval/747,trainval,1,train
trainval/748,trainval,1,train
trainval/749,trainval,1,train
trainval/75,trainval,0,test
trainval/750,trainval,1,train
trainval/751,trainval,1,test
trainval/752,trainval,1,validation
trainval/753,trainval,1,train
trainval/754,trainval,1,train
trainval/755,trainval,1,train
trainval/756,trainval,1,train
trainval/757,trainval,1,test
trainval/758,trainval,1,test
trainval/759,trainval,1,train
trainval/76,trainval,0,test
trainval/760,trainval,1,train
trainval/761,trainval,1,validation
trainval/762,trainval,1,train
trainval/763,trainval,1,calibration
trainval/764,trainval,1,train
trainval/765,trainval,1,calibration
trainval/766,trainval,1,validation
trainval/767,trainval,1,test
trainval/768,trainval,1,train
trainval/769,trainval,1,train
trainval/77,trainval,0,train
trainval/770,trainval,1,train
trainval/771,trainval,1,train
trainval/772,trainval,1,train
trainval/773,trainval,1,calibration
trainval/774,trainval,1,train
trainval/775,trainval,1,validation
trainval/776,trainval,1,train
trainval/777,trainval,1,train
trainval/778,trainval,1,test
trainval/779,trainval,1,train
trainval/78,trainval,0,test
trainval/780,trainval,1,validation
trainval/781,trainval,1,train
trainval/782,trainval,1,train
trainval/783,trainval,1,train
trainval/784,trainval,1,train
trainval/785,trainval,1,train
trainval/786,trainval,1,train
trainval/787,trainval,1,train
trainval/788,trainval,1,validation
trainval/789,trainval,1,train
trainval/79,trainval,0,test
trainval/790,trainval,1,train
trainval/791,trainval,1,train
trainval/792,trainval,1,test
trainval/793,trainval,1,train
trainval/794,trainval,1,train
trainval/795,trainval,1,train
trainval/796,trainval,1,train
trainval/797,trainval,1,test
trainval/798,trainval,1,train
trainval/799,trainval,1,validation
trainval/8,trainval,0,train
trainval/80,trainval,0,train
trainval/800,trainval,1,test
trainval/801,trainval,1,train
trainval/802,trainval,1,train
trainval/803,trainval,1,train
trainval/804,trainval,1,calibration
trainval/805,trainval,1,train
trainval/806,trainval,1,train
trainval/807,trainval,1,train
trainval/808,trainval,1,calibration
trainval/809,trainval,1,train
trainval/81,trainval,0,calibration
trainval/810,trainval,1,validation
trainval/811,trainval,1,train
trainval/812,trainval,1,train
trainval/813,trainval,1,test
trainval/814,trainval,1,validation
trainval/815,trainval,1,test
trainval/816,trainval,1,train
trainval/817,trainval,1,train
trainval/818,trainval,1,test
trainval/819,trainval,1,train
trainval/82,trainval,0,train
trainval/820,trainval,1,validation
trainval/821,trainval,1,train
trainval/822,trainval,1,train
trainval/823,trainval,1,train
trainval/824,trainval,1,train
trainval/825,trainval,1,train
trainval/826,trainval,1,test
trainval/827,trainval,1,train
trainval/828,trainval,1,train
trainval/829,trainval,1,train
trainval/83,trainval,0,validation
trainval/830,trainval,1,train
trainval/831,trainval,1,train
trainval/832,trainval,1,train
trainval/833,trainval,1,validation
trainval/834,trainval,1,train
trainval/835,trainval,1,train
trainval/836,trainval,1,test
trainval/837,trainval,1,train
trainval/838,trainval,1,train
trainval/839,trainval,1,calibration
trainval/84,trainval,0,train
trainval/840,trainval,1,validation
trainval/841,trainval,1,train
trainval/842,trainval,1,train
trainval/843,trainval,1,validation
trainval/844,trainval,1,test
trainval/845,trainval,1,train
trainval/846,trainval,1,train
trainval/847,trainval,1,calibration
trainval/848,trainval,1,train
trainval/849,trainval,1,train
trainval/85,trainval,0,train
trainval/850,trainval,1,train
trainval/851,trainval,1,validation
trainval/852,trainval,1,train
trainval/853,trainval,1,validation
trainval/854,trainval,1,train
trainval/855,trainval,1,train
trainval/856,trainval,1,calibration
trainval/857,trainval,1,train
trainval/858,trainval,1,validation
trainval/859,trainval,1,train
trainval/86,trainval,0,train
trainval/860,trainval,1,calibration
trainval/861,trainval,1,train
trainval/862,trainval,1,train
trainval/863,trainval,1,train
trainval/864,trainval,1,train
trainval/865,trainval,1,validation
trainval/866,trainval,1,validation
trainval/867,trainval,1,validation
trainval/868,trainval,1,train
trainval/869,trainval,1,train
trainval/87,trainval,0,test
trainval/870,trainval,1,calibration
trainval/871,trainval,1,train
trainval/872,trainval,1,train
trainval/873,trainval,1,test
trainval/874,trainval,1,calibration
trainval/875,trainval,1,train
trainval/876,trainval,1,train
trainval/877,trainval,1,train
trainval/878,trainval,1,calibration
trainval/879,trainval,1,calibration
trainval/88,trainval,0,validation
trainval/880,trainval,1,train
trainval/881,trainval,1,validation
trainval/882,trainval,1,calibration
trainval/883,trainval,1,train
trainval/884,trainval,1,test
trainval/885,trainval,1,test
trainval/886,trainval,1,train
trainval/887,trainval,1,train
trainval/888,trainval,1,train
trainval/889,trainval,1,train
trainval/89,trainval,0,train
trainval/890,trainval,1,calibration
trainval/891,trainval,1,test
trainval/892,trainval,1,calibration
trainval/893,trainval,1,train
trainval/894,trainval,1,train
trainval/895,trainval,1,train
trainval/896,trainval,1,train
trainval/897,trainval,1,calibration
trainval/898,trainval,1,train
trainval/899,trainval,1,test
trainval/9,trainval,0,calibration
trainval/90,trainval,0,validation
trainval/900,trainval,1,calibration
trainval/901,trainval,1,train
trainval/902,trainval,1,train
trainval/903,trainval,1,validation
trainval/904,trainval,1,train
trainval/905,trainval,1,test
trainval/906,trainval,1,validation
trainval/907,trainval,1,train
trainval/908,trainval,1,train
trainval/909,trainval,1,train
trainval/91,trainval,0,train
trainval/910,trainval,1,train
trainval/911,trainval,1,test
trainval/912,trainval,1,validation
trainval/913,trainval,1,calibration
trainval/914,trainval,1,train
trainval/915,trainval,1,train
trainval/916,trainval,1,test
trainval/917,trainval,1,train
trainval/918,trainval,1,train
trainval/919,trainval,1,validation
trainval/92,trainval,0,train
trainval/920,trainval,1,train
trainval/921,trainval,1,train
trainval/922,trainval,1,calibration
trainval/923,trainval,1,test
trainval/924,trainval,1,calibration
trainval/925,trainval,1,train
trainval/926,trainval,1,test
trainval/927,trainval,1,test
trainval/928,trainval,1,calibration
trainval/929,trainval,1,train
trainval/93,trainval,0,train
trainval/930,trainval,1,validation
trainval/931,trainval,1,train
trainval/932,trainval,1,train
trainval/933,trainval,1,train
trainval/934,trainval,1,train
trainval/935,trainval,1,validation
trainval/936,trainval,1,train
trainval/937,trainval,1,train
trainval/938,trainval,1,train
trainval/939,trainval,1,calibration
trainval/94,trainval,0,train
trainval/940,trainval,1,train
trainval/941,trainval,1,train
trainval/942,trainval,1,train
trainval/943,trainval,0,calibration
trainval/944,trainval,0,test
trainval/945,trainval,0,calibration
trainval/946,trainval,0,test
trainval/947,trainval,0,test
trainval/948,trainval,0,train
trainval/949,trainval,0,validation
trainval/95,trainval,0,validation
trainval/950,trainval,0,train
trainval/951,trainval,0,train
trainval/952,trainval,0,train
trainval/953,trainval,0,train
trainval/954,trainval,0,train
trainval/955,trainval,0,train
trainval/956,trainval,0,test
trainval/957,trainval,0,train
trainval/958,trainval,0,calibration
trainval/959,trainval,0,calibration
trainval/96,trainval,0,train
trainval/960,trainval,0,train
trainval/961,trainval,0,calibration
trainval/962,trainval,0,calibration
trainval/963,trainval,0,calibration
trainval/964,trainval,0,train
trainval/965,trainval,0,validation
trainval/966,trainval,0,train
trainval/967,trainval,0,calibration
trainval/968,trainval,0,train
trainval/969,trainval,0,train
trainval/97,trainval,0,train
trainval/970,trainval,0,calibration
trainval/971,trainval,0,test
trainval/972,trainval,0,calibration
trainval/973,trainval,0,train
trainval/974,trainval,0,test
trainval/975,trainval,0,test
trainval/976,trainval,0,train
trainval/977,trainval,0,train
trainval/978,trainval,0,train
trainval/979,trainval,0,train
trainval/98,trainval,0,validation
trainval/980,trainval,0,train
trainval/981,trainval,0,test
trainval/982,trainval,0,train
trainval/983,trainval,0,calibration
trainval/984,trainval,0,train
trainval/985,trainval,0,train
trainval/986,trainval,0,test
trainval/987,trainval,0,validation
trainval/988,trainval,0,train
trainval/989,trainval,0,train
trainval/99,trainval,0,train
trainval/990,trainval,0,train
trainval/991,trainval,0,calibration
trainval/992,trainval,0,train
trainval/993,trainval,0,calibration
trainval/994,trainval,0,train
trainval/995,trainval,0,calibration
trainval/996,trainval,0,validation
trainval/997,trainval,0,calibration
trainval/998,trainval,0,calibration
trainval/999,trainval,0,train
